{
    "best": {
        "lwlrap": 0.7949640488267098,
        "loss": 1.5106247922648555,
        "epoch": 55
    },
    "last": {
        "lwlrap": 0.7796307650384904,
        "loss": 1.6429021228914675,
        "epoch": 70
    },
    "epoch_1": {
        "lwlrap": 0.20483267278101003,
        "loss": 0.8816737299380095
    },
    "epoch_2": {
        "lwlrap": 0.2782786018718584,
        "loss": 0.6994572359582653
    },
    "epoch_3": {
        "lwlrap": 0.2947302951171259,
        "loss": 0.7952404916286469
    },
    "epoch_4": {
        "lwlrap": 0.34644642997853103,
        "loss": 0.7258668917676677
    },
    "epoch_5": {
        "lwlrap": 0.38472505588946815,
        "loss": 0.745509781267332
    },
    "epoch_6": {
        "lwlrap": 0.45180110122791395,
        "loss": 0.6944540466951288
    },
    "epoch_7": {
        "lwlrap": 0.4676358209942883,
        "loss": 0.747732744268749
    },
    "epoch_8": {
        "lwlrap": 0.4920554958859348,
        "loss": 0.7668799291486326
    },
    "epoch_9": {
        "lwlrap": 0.6134718849973836,
        "loss": 0.6904603903708251
    },
    "epoch_10": {
        "lwlrap": 0.6106947394021034,
        "loss": 0.6991930422575577
    },
    "epoch_11": {
        "lwlrap": 0.6217500348458108,
        "loss": 0.6978073457013005
    },
    "epoch_12": {
        "lwlrap": 0.6218115277664634,
        "loss": 0.6938870924970378
    },
    "epoch_13": {
        "lwlrap": 0.6101402769857706,
        "loss": 0.7139794269333715
    },
    "epoch_14": {
        "lwlrap": 0.6283765290296359,
        "loss": 0.7309538527675297
    },
    "epoch_15": {
        "lwlrap": 0.6212645026296881,
        "loss": 0.614409670881603
    },
    "epoch_16": {
        "lwlrap": 0.6359812252439712,
        "loss": 0.7105473331783129
    },
    "epoch_17": {
        "lwlrap": 0.6659595530840167,
        "loss": 0.8819985169431438
    },
    "epoch_18": {
        "lwlrap": 0.6518552799132198,
        "loss": 0.8232071814329728
    },
    "epoch_19": {
        "lwlrap": 0.700565970608258,
        "loss": 0.8005271502163099
    },
    "epoch_20": {
        "lwlrap": 0.6926122952757641,
        "loss": 0.9295103860938031
    },
    "epoch_21": {
        "lwlrap": 0.7110234781908602,
        "loss": 0.8627364998278411
    },
    "epoch_22": {
        "lwlrap": 0.6675433055261382,
        "loss": 0.8162838525098303
    },
    "epoch_23": {
        "lwlrap": 0.7097831650943238,
        "loss": 0.979259078917296
    },
    "epoch_24": {
        "lwlrap": 0.7489662102323047,
        "loss": 0.8720214969438055
    },
    "epoch_25": {
        "lwlrap": 0.7752248109544246,
        "loss": 1.0005508104096288
    },
    "epoch_26": {
        "lwlrap": 0.7692793972836891,
        "loss": 1.2232537088186846
    },
    "epoch_27": {
        "lwlrap": 0.737387207451585,
        "loss": 1.1767960294433262
    },
    "epoch_28": {
        "lwlrap": 0.7751295914386044,
        "loss": 1.3003578678421353
    },
    "epoch_29": {
        "lwlrap": 0.7752724981265755,
        "loss": 1.3452720408854277
    },
    "epoch_30": {
        "lwlrap": 0.778951222835343,
        "loss": 1.355398609586384
    },
    "epoch_31": {
        "lwlrap": 0.7718390217317256,
        "loss": 1.3326927190241606
    },
    "epoch_32": {
        "lwlrap": 0.7720536140064037,
        "loss": 1.3650889694690704
    },
    "epoch_33": {
        "lwlrap": 0.7713025410450304,
        "loss": 1.3718782754048058
    },
    "epoch_34": {
        "lwlrap": 0.7797431705157027,
        "loss": 1.3087052858394126
    },
    "epoch_35": {
        "lwlrap": 0.7676222680514526,
        "loss": 1.4937448009200718
    },
    "epoch_36": {
        "lwlrap": 0.7344765230841979,
        "loss": 1.416082528622254
    },
    "epoch_37": {
        "lwlrap": 0.6722205191089312,
        "loss": 1.2845874597196993
    },
    "epoch_38": {
        "lwlrap": 0.7168023359066955,
        "loss": 1.348982651596484
    },
    "epoch_39": {
        "lwlrap": 0.7039770630783002,
        "loss": 1.2827280500660772
    },
    "epoch_40": {
        "lwlrap": 0.6738588069060172,
        "loss": 0.9490837778734125
    },
    "epoch_41": {
        "lwlrap": 0.745996135481114,
        "loss": 1.1619720731092535
    },
    "epoch_42": {
        "lwlrap": 0.6963291435205093,
        "loss": 1.1702633266863616
    },
    "epoch_43": {
        "lwlrap": 0.7491092717487566,
        "loss": 1.3475325794323632
    },
    "epoch_44": {
        "lwlrap": 0.7788328564616118,
        "loss": 1.285574425821719
    },
    "epoch_45": {
        "lwlrap": 0.7110044179899613,
        "loss": 1.35063984601394
    },
    "epoch_46": {
        "lwlrap": 0.7443184140609034,
        "loss": 1.5182481680227362
    },
    "epoch_47": {
        "lwlrap": 0.7777420123986647,
        "loss": 1.3727889903213666
    },
    "epoch_48": {
        "lwlrap": 0.7742292911442116,
        "loss": 1.4347363723360973
    },
    "epoch_49": {
        "lwlrap": 0.7692996798147014,
        "loss": 1.4775880704755369
    },
    "epoch_50": {
        "lwlrap": 0.7666121670413516,
        "loss": 1.490467756986618
    },
    "epoch_51": {
        "lwlrap": 0.7655085496287213,
        "loss": 1.4812369100425555
    },
    "epoch_52": {
        "lwlrap": 0.7701580489134137,
        "loss": 1.500639452882435
    },
    "epoch_53": {
        "lwlrap": 0.77058723346277,
        "loss": 1.4837773571843687
    },
    "epoch_54": {
        "lwlrap": 0.763456036095521,
        "loss": 1.54083549198897
    },
    "epoch_55": {
        "lwlrap": 0.7949640488267098,
        "loss": 1.5106247922648555
    },
    "epoch_56": {
        "lwlrap": 0.7760748193151626,
        "loss": 1.6628333990988524
    },
    "epoch_57": {
        "lwlrap": 0.6915398733500223,
        "loss": 1.3665081353291222
    },
    "epoch_58": {
        "lwlrap": 0.7448728548513956,
        "loss": 1.6597850219063137
    },
    "epoch_59": {
        "lwlrap": 0.682013297230414,
        "loss": 1.4069492194963538
    },
    "epoch_60": {
        "lwlrap": 0.6163132437601272,
        "loss": 1.0765934897505718
    },
    "epoch_61": {
        "lwlrap": 0.7151718453220599,
        "loss": 1.5502969998380411
    },
    "epoch_62": {
        "lwlrap": 0.6689911203133874,
        "loss": 1.1306660434474116
    },
    "epoch_63": {
        "lwlrap": 0.7552767094612588,
        "loss": 1.4857739780260169
    },
    "epoch_64": {
        "lwlrap": 0.6886510522833089,
        "loss": 1.2109491721443508
    },
    "epoch_65": {
        "lwlrap": 0.7502418420873356,
        "loss": 1.381281439376914
    },
    "epoch_66": {
        "lwlrap": 0.7681672643046034,
        "loss": 1.4590066775031711
    },
    "epoch_67": {
        "lwlrap": 0.7823114653586757,
        "loss": 1.6808715657047604
    },
    "epoch_68": {
        "lwlrap": 0.7739006403705975,
        "loss": 1.6377998551596766
    },
    "epoch_69": {
        "lwlrap": 0.7849163771374071,
        "loss": 1.6183975960897363
    },
    "epoch_70": {
        "lwlrap": 0.7796307650384904,
        "loss": 1.6429021228914675
    }
}