{
  "best": {
    "epoch_lwlrap": 0.9128535703778422,
    "loss": 0.08600658032952285,
    "lwlrap": 0.9127918858852827
  },
  "last": {
    "epoch_lwlrap": 0.8854022191400832,
    "loss": 0.10177991012247598,
    "lwlrap": 0.8852635902665648
  },
  "train.51": {
    "epoch_lwlrap": 0.9128535703778422,
    "loss": 0.08600658032952285,
    "lwlrap": 0.9127918858852827
  },
  "epoch_0": [
    "out/095_093_remove_volumecontrol/fold3/checkpoints/train.1.pth",
    0.2764338483849123,
    {
      "epoch_lwlrap": 0.2764338483849123,
      "loss": 0.24820878447555914,
      "lwlrap": 0.27651110190341244
    }
  ],
  "epoch_1": [
    "out/095_093_remove_volumecontrol/fold3/checkpoints/train.2.pth",
    0.3174799887092111,
    {
      "epoch_lwlrap": 0.3174799887092111,
      "loss": 0.23255195014360475,
      "lwlrap": 0.317679858404894
    }
  ],
  "epoch_2": [
    "out/095_093_remove_volumecontrol/fold3/checkpoints/train.3.pth",
    0.39539383414668966,
    {
      "epoch_lwlrap": 0.39539383414668966,
      "loss": 0.2241844324077048,
      "lwlrap": 0.39559185279965975
    }
  ],
  "epoch_3": [
    "out/095_093_remove_volumecontrol/fold3/checkpoints/train.4.pth",
    0.529966555961664,
    {
      "epoch_lwlrap": 0.529966555961664,
      "loss": 0.19497837962173836,
      "lwlrap": 0.5302481064969576
    }
  ],
  "epoch_4": [
    "out/095_093_remove_volumecontrol/fold3/checkpoints/train.5.pth",
    0.5960593815569544,
    {
      "epoch_lwlrap": 0.5960593815569544,
      "loss": 0.1717845248739894,
      "lwlrap": 0.5961138658089877
    }
  ],
  "epoch_5": [
    "out/095_093_remove_volumecontrol/fold3/checkpoints/train.6.pth",
    0.6982577023839159,
    {
      "epoch_lwlrap": 0.6982577023839159,
      "loss": 0.15008175845553237,
      "lwlrap": 0.6983566601948518
    }
  ],
  "epoch_6": [
    "out/095_093_remove_volumecontrol/fold3/checkpoints/train.7.pth",
    0.7328593332234109,
    {
      "epoch_lwlrap": 0.7328593332234109,
      "loss": 0.13695387106116225,
      "lwlrap": 0.7325785071561396
    }
  ],
  "epoch_7": [
    "out/095_093_remove_volumecontrol/fold3/checkpoints/train.8.pth",
    0.802660149990247,
    {
      "epoch_lwlrap": 0.802660149990247,
      "loss": 0.11362635289750449,
      "lwlrap": 0.8027475769653045
    }
  ],
  "epoch_8": [
    "out/095_093_remove_volumecontrol/fold3/checkpoints/train.9.pth",
    0.8144661972331875,
    {
      "epoch_lwlrap": 0.8144661972331875,
      "loss": 0.11047088845473965,
      "lwlrap": 0.8145335608274336
    }
  ],
  "epoch_9": [
    "out/095_093_remove_volumecontrol/fold3/checkpoints/train.10.pth",
    0.8072971392146149,
    {
      "epoch_lwlrap": 0.8072971392146149,
      "loss": 0.10729172498714633,
      "lwlrap": 0.807346615642273
    }
  ],
  "epoch_10": [
    "out/095_093_remove_volumecontrol/fold3/checkpoints/train.11.pth",
    0.8169882436872727,
    {
      "epoch_lwlrap": 0.8169882436872727,
      "loss": 0.10654355385681477,
      "lwlrap": 0.8169957611956423
    }
  ],
  "epoch_11": [
    "out/095_093_remove_volumecontrol/fold3/checkpoints/train.12.pth",
    0.8167703924985478,
    {
      "epoch_lwlrap": 0.8167703924985478,
      "loss": 0.10371362363419881,
      "lwlrap": 0.8167768473181919
    }
  ],
  "epoch_12": [
    "out/095_093_remove_volumecontrol/fold3/checkpoints/train.13.pth",
    0.8223631950573698,
    {
      "epoch_lwlrap": 0.8223631950573698,
      "loss": 0.10209010777676979,
      "lwlrap": 0.8221997187821104
    }
  ],
  "epoch_13": [
    "out/095_093_remove_volumecontrol/fold3/checkpoints/train.14.pth",
    0.8012134709950244,
    {
      "epoch_lwlrap": 0.8012134709950244,
      "loss": 0.11150936455261416,
      "lwlrap": 0.8011998441772386
    }
  ],
  "epoch_14": [
    "out/095_093_remove_volumecontrol/fold3/checkpoints/train.15.pth",
    0.8219386331036816,
    {
      "epoch_lwlrap": 0.8219386331036816,
      "loss": 0.10162502781647008,
      "lwlrap": 0.8217450056058028
    }
  ],
  "epoch_15": [
    "out/095_093_remove_volumecontrol/fold3/checkpoints/train.16.pth",
    0.7952889006893861,
    {
      "epoch_lwlrap": 0.7952889006893861,
      "loss": 0.11615627695147585,
      "lwlrap": 0.7953250261206835
    }
  ],
  "epoch_16": [
    "out/095_093_remove_volumecontrol/fold3/checkpoints/train.17.pth",
    0.8039756629562455,
    {
      "epoch_lwlrap": 0.8039756629562455,
      "loss": 0.117797356553194,
      "lwlrap": 0.8038731052145687
    }
  ],
  "epoch_17": [
    "out/095_093_remove_volumecontrol/fold3/checkpoints/train.18.pth",
    0.7851171212821698,
    {
      "epoch_lwlrap": 0.7851171212821698,
      "loss": 0.11241963578433525,
      "lwlrap": 0.7854040962012407
    }
  ],
  "epoch_18": [
    "out/095_093_remove_volumecontrol/fold3/checkpoints/train.19.pth",
    0.7786616316135162,
    {
      "epoch_lwlrap": 0.7786616316135162,
      "loss": 0.11646316691142757,
      "lwlrap": 0.778480792962544
    }
  ],
  "epoch_19": [
    "out/095_093_remove_volumecontrol/fold3/checkpoints/train.20.pth",
    0.8141224289068378,
    {
      "epoch_lwlrap": 0.8141224289068378,
      "loss": 0.11213863840917261,
      "lwlrap": 0.814140695342186
    }
  ],
  "epoch_20": [
    "out/095_093_remove_volumecontrol/fold3/checkpoints/train.21.pth",
    0.8085538989058405,
    {
      "epoch_lwlrap": 0.8085538989058405,
      "loss": 0.10523820068778061,
      "lwlrap": 0.8085693511987385
    }
  ],
  "epoch_21": [
    "out/095_093_remove_volumecontrol/fold3/checkpoints/train.22.pth",
    0.8230410905168186,
    {
      "epoch_lwlrap": 0.8230410905168186,
      "loss": 0.10992928757900144,
      "lwlrap": 0.8226498176289968
    }
  ],
  "epoch_22": [
    "out/095_093_remove_volumecontrol/fold3/checkpoints/train.23.pth",
    0.8288969795037755,
    {
      "epoch_lwlrap": 0.8288969795037755,
      "loss": 0.10904153890726043,
      "lwlrap": 0.8290167889483774
    }
  ],
  "epoch_23": [
    "out/095_093_remove_volumecontrol/fold3/checkpoints/train.24.pth",
    0.8262790876868547,
    {
      "epoch_lwlrap": 0.8262790876868547,
      "loss": 0.09520481272441585,
      "lwlrap": 0.826112480288566
    }
  ],
  "epoch_24": [
    "out/095_093_remove_volumecontrol/fold3/checkpoints/train.25.pth",
    0.8865522422561258,
    {
      "epoch_lwlrap": 0.8865522422561258,
      "loss": 0.07901483410742224,
      "lwlrap": 0.8865798419308235
    }
  ],
  "epoch_25": [
    "out/095_093_remove_volumecontrol/fold3/checkpoints/train.26.pth",
    0.9045675198587819,
    {
      "epoch_lwlrap": 0.9045675198587819,
      "loss": 0.0738005354637053,
      "lwlrap": 0.9045798857101653
    }
  ],
  "epoch_26": [
    "out/095_093_remove_volumecontrol/fold3/checkpoints/train.27.pth",
    0.9063877330867622,
    {
      "epoch_lwlrap": 0.9063877330867622,
      "loss": 0.07109540628223884,
      "lwlrap": 0.9062894346713503
    }
  ],
  "epoch_27": [
    "out/095_093_remove_volumecontrol/fold3/checkpoints/train.28.pth",
    0.9012559716443211,
    {
      "epoch_lwlrap": 0.9012559716443211,
      "loss": 0.07411008200994351,
      "lwlrap": 0.9012218728459062
    }
  ],
  "epoch_28": [
    "out/095_093_remove_volumecontrol/fold3/checkpoints/train.29.pth",
    0.8985783633841886,
    {
      "epoch_lwlrap": 0.8985783633841886,
      "loss": 0.07535844895897842,
      "lwlrap": 0.8984717146823037
    }
  ],
  "epoch_29": [
    "out/095_093_remove_volumecontrol/fold3/checkpoints/train.30.pth",
    0.9101226039332835,
    {
      "epoch_lwlrap": 0.9101226039332835,
      "loss": 0.07450024020381091,
      "lwlrap": 0.9100914443478394
    }
  ],
  "epoch_30": [
    "out/095_093_remove_volumecontrol/fold3/checkpoints/train.31.pth",
    0.9104866816031865,
    {
      "epoch_lwlrap": 0.9104866816031865,
      "loss": 0.07530178747526028,
      "lwlrap": 0.9103779801400266
    }
  ],
  "epoch_31": [
    "out/095_093_remove_volumecontrol/fold3/checkpoints/train.32.pth",
    0.9108009708737863,
    {
      "epoch_lwlrap": 0.9108009708737863,
      "loss": 0.0709239767818916,