{
    "best": {
        "lwlrap": 0.9642857142857143,
        "loss": 0.025755075207943547,
        "epoch": 49
    },
    "last": {
        "lwlrap": 0.9285714285714285,
        "loss": 0.021531000186424253,
        "epoch": 55
    },
    "epoch_1": {
        "lwlrap": 0.45267857142857143,
        "loss": 0.034980791187363455
    },
    "epoch_2": {
        "lwlrap": 0.5133928571428571,
        "loss": 0.033966589622713365
    },
    "epoch_3": {
        "lwlrap": 0.6818452380952382,
        "loss": 0.033190956242896356
    },
    "epoch_4": {
        "lwlrap": 0.7669642857142857,
        "loss": 0.03445515921339393
    },
    "epoch_5": {
        "lwlrap": 0.8735119047619048,
        "loss": 0.033391095922681795
    },
    "epoch_6": {
        "lwlrap": 0.7565476190476189,
        "loss": 0.07654847081044111
    },
    "epoch_7": {
        "lwlrap": 0.9523809523809523,
        "loss": 0.02661341910475287
    },
    "epoch_8": {
        "lwlrap": 0.925595238095238,
        "loss": 0.024391621985504854
    },
    "epoch_9": {
        "lwlrap": 0.9366071428571427,
        "loss": 0.03294985278927047
    },
    "epoch_10": {
        "lwlrap": 0.9494047619047618,
        "loss": 0.025124250100283272
    },
    "epoch_11": {
        "lwlrap": 0.9389880952380951,
        "loss": 0.025246330665360237
    },
    "epoch_12": {
        "lwlrap": 0.9523809523809522,
        "loss": 0.02535387308433138
    },
    "epoch_13": {
        "lwlrap": 0.9202380952380952,
        "loss": 0.024195454532987083
    },
    "epoch_14": {
        "lwlrap": 0.849702380952381,
        "loss": 0.051649957606247784
    },
    "epoch_15": {
        "lwlrap": 0.794345238095238,
        "loss": 0.02723789232750905
    },
    "epoch_16": {
        "lwlrap": 0.7827380952380951,
        "loss": 0.05947496552534144
    },
    "epoch_17": {
        "lwlrap": 0.8169642857142856,
        "loss": 0.02334671324632805
    },
    "epoch_18": {
        "lwlrap": 0.7922619047619047,
        "loss": 0.03859269530672965
    },
    "epoch_19": {
        "lwlrap": 0.8389880952380953,
        "loss": 0.026874045777166712
    },
    "epoch_20": {
        "lwlrap": 0.7922619047619048,
        "loss": 0.04107024087088889
    },
    "epoch_21": {
        "lwlrap": 0.7943452380952382,
        "loss": 0.02992907842492749
    },
    "epoch_22": {
        "lwlrap": 0.8999999999999999,
        "loss": 0.0233318887305735
    },
    "epoch_23": {
        "lwlrap": 0.8443452380952381,
        "loss": 0.039271150378446126
    },
    "epoch_24": {
        "lwlrap": 0.9523809523809523,
        "loss": 0.02164561207534681
    },
    "epoch_25": {
        "lwlrap": 0.9553571428571429,
        "loss": 0.02678378844826386
    },
    "epoch_26": {
        "lwlrap": 0.9136904761904762,
        "loss": 0.0299888182800777
    },
    "epoch_27": {
        "lwlrap": 0.8735119047619047,
        "loss": 0.03776154548315139
    },
    "epoch_28": {
        "lwlrap": 0.9285714285714285,
        "loss": 0.022658292722992662
    },
    "epoch_29": {
        "lwlrap": 0.9374999999999999,
        "loss": 0.022734496842844988
    },
    "epoch_30": {
        "lwlrap": 0.9553571428571428,
        "loss": 0.02327605267256049
    },
    "epoch_31": {
        "lwlrap": 0.9374999999999999,
        "loss": 0.024429465302844244
    },
    "epoch_32": {
        "lwlrap": 0.9345238095238094,
        "loss": 0.024482658646743875
    },
    "epoch_33": {
        "lwlrap": 0.9345238095238094,
        "loss": 0.02475099376772113
    },
    "epoch_34": {
        "lwlrap": 0.9553571428571428,
        "loss": 0.02479988338168839
    },
    "epoch_35": {
        "lwlrap": 0.9494047619047619,
        "loss": 0.023176528290636707
    },
    "epoch_36": {
        "lwlrap": 0.8973214285714285,
        "loss": 0.02893147304461434
    },
    "epoch_37": {
        "lwlrap": 0.9270833333333333,
        "loss": 0.03733164836363546
    },
    "epoch_38": {
        "lwlrap": 0.8681547619047619,
        "loss": 0.03528127209122839
    },
    "epoch_39": {
        "lwlrap": 0.9092261904761904,
        "loss": 0.027418490902697348
    },
    "epoch_40": {
        "lwlrap": 0.8351190476190475,
        "loss": 0.02453424311885289
    },
    "epoch_41": {
        "lwlrap": 0.8107142857142857,
        "loss": 0.0227090898050188
    },
    "epoch_42": {
        "lwlrap": 0.9047619047619049,
        "loss": 0.024783256824995423
    },
    "epoch_43": {
        "lwlrap": 0.9017857142857142,
        "loss": 0.021964403704322618
    },
    "epoch_44": {
        "lwlrap": 0.8541666666666666,
        "loss": 0.039623477977925335
    },
    "epoch_45": {
        "lwlrap": 0.8702380952380953,
        "loss": 0.028905504158344763
    },
    "epoch_46": {
        "lwlrap": 0.9464285714285714,
        "loss": 0.02276708211364417
    },
    "epoch_47": {
        "lwlrap": 0.9330357142857144,
        "loss": 0.023004882409967932
    },
    "epoch_48": {
        "lwlrap": 0.9464285714285714,
        "loss": 0.02268381959533897
    },
    "epoch_49": {
        "lwlrap": 0.9642857142857143,
        "loss": 0.025755075207943547
    },
    "epoch_50": {
        "lwlrap": 0.9642857142857143,
        "loss": 0.024174018821213394
    },
    "epoch_51": {
        "lwlrap": 0.9642857142857143,
        "loss": 0.02452821824659497
    },
    "epoch_52": {
        "lwlrap": 0.9642857142857142,
        "loss": 0.0224136081845339
    },
    "epoch_53": {
        "lwlrap": 0.9642857142857143,
        "loss": 0.02270176008409933
    },
    "epoch_54": {
        "lwlrap": 0.9375,
        "loss": 0.020199321578698363
    },
    "epoch_55": {
        "lwlrap": 0.9285714285714285,
        "loss": 0.021531000186424253
    }
}