{
    "blend_score": 0.8885515260701765,
    "blend_weight": {
        "s0": [
            0.44335731839536474,
            0.14017449639853796,
            0.41646818520609735
        ],
        "s1": [
            0.44335731839536474,
            0.14017449639853796,
            0.41646818520609735
        ],
        "s2": [
            0.44335731839536474,
            0.14017449639853796,
            0.41646818520609735
        ],
        "s3": [
            0.44335731839536474,
            0.14017449639853796,
            0.41646818520609735
        ],
        "s4": [
            0.44335731839536474,
            0.14017449639853796,
            0.41646818520609735
        ],
        "s5": [
            0.44335731839536474,
            0.14017449639853796,
            0.41646818520609735
        ],
        "s6": [
            0.44335731839536474,
            0.14017449639853796,
            0.41646818520609735
        ],
        "s7": [
            0.44335731839536474,
            0.14017449639853796,
            0.41646818520609735
        ],
        "s8": [
            0.44335731839536474,
            0.14017449639853796,
            0.41646818520609735
        ],
        "s9": [
            0.44335731839536474,
            0.14017449639853796,
            0.41646818520609735
        ],
        "s10": [
            0.44335731839536474,
            0.14017449639853796,
            0.41646818520609735
        ],
        "s11": [
            0.44335731839536474,
            0.14017449639853796,
            0.41646818520609735
        ],
        "s12": [
            0.44335731839536474,
            0.14017449639853796,
            0.41646818520609735
        ],
        "s13": [
            0.44335731839536474,
            0.14017449639853796,
            0.41646818520609735
        ],
        "s14": [
            0.44335731839536474,
            0.14017449639853796,
            0.41646818520609735
        ],
        "s15": [
            0.44335731839536474,
            0.14017449639853796,
            0.41646818520609735
        ],
        "s16": [
            0.44335731839536474,
            0.14017449639853796,
            0.41646818520609735
        ],
        "s17": [
            0.44335731839536474,
            0.14017449639853796,
            0.41646818520609735
        ],
        "s18": [
            0.44335731839536474,
            0.14017449639853796,
            0.41646818520609735
        ],
        "s19": [
            0.44335731839536474,
            0.14017449639853796,
            0.41646818520609735
        ],
        "s20": [
            0.44335731839536474,
            0.14017449639853796,
            0.41646818520609735
        ],
        "s21": [
            0.44335731839536474,
            0.14017449639853796,
            0.41646818520609735
        ],
        "s22": [
            0.44335731839536474,
            0.14017449639853796,
            0.41646818520609735
        ],
        "s23": [
            0.44335731839536474,
            0.14017449639853796,
            0.41646818520609735
        ]
    },
    "blend": [
        0.9,
        0.8674264705882354,
        0.9467418546365914,
        0.5662337993023197,
        0.8720952380952381,
        0.9551282051282051,
        1.0,
        0.7794249775381852,
        0.9150326797385622,
        0.8585585585585587,
        0.9083333333333333,
        0.9079999999999999,
        0.8768181818181818,
        0.93,
        0.8954248366013071,
        0.9183006535947712,
        0.9416666666666665,
        0.9143192488262909,
        0.7367619047619047,
        0.9777777777777777,
        0.9395833333333332,
        0.7630718954248366,
        0.9666666666666667,
        0.9568111016709148
    ],
    "050_resnest_focal_70epoch_score": 0.8776344346799354,
    "050_resnest_focal_70epoch": [
        0.8973333333333333,
        0.8967389060887513,
        0.9578947368421052,
        0.5756897777382263,
        0.8741839826839827,
        0.920405982905983,
        0.99,
        0.7731132075471697,
        0.9309056956115779,
        0.7873873873873874,
        0.9109523809523811,
        0.9213333333333332,
        0.8704999999999999,
        0.9088717948717948,
        0.937908496732026,
        0.8643790849673203,
        0.9112222222222222,
        0.9183558869557213,
        0.7000233100233099,
        0.9851851851851853,
        0.8994047619047618,
        0.6813725490196079,
        0.9666666666666667,
        0.9398154804696861
    ],
    "059_high_and_low_score": 0.8456288144659019,
    "059_high_and_low": [
        0.855,
        0.8349734613212874,
        0.9065789473684212,
        0.4716452310791933,
        0.856857142857143,
        0.8807692307692307,
        1.0,
        0.7077268643306381,
        0.8758169934640524,
        0.8140159390159389,
        0.8533333333333334,
        0.9101515151515152,
        0.8226666666666667,
        0.895,
        0.8671802054154997,
        0.8823529411764706,
        0.8983333333333333,
        0.8516492896774587,
        0.7171518288474811,
        0.9600000000000001,
        0.93625,
        0.7663398692810457,
        0.9074074074074073,
        0.8675941659586519
    ],
    "061_high_and_low_bce_score": 0.8752574948238839,
    "061_high_and_low_bce": [
        0.9133333333333333,
        0.8308174603174604,
        0.9272660818713451,
        0.48871313503885494,
        0.8666877470355732,
        0.9118589743589743,
        0.99,
        0.7511792452830188,
        0.8895424836601308,
        0.7846846846846846,
        0.9100000000000001,
        0.8651515151515151,
        0.8845238095238095,
        0.9666666666666666,
        0.8491830065359478,
        0.9346405228758169,
        0.9433333333333332,
        0.8877598926894701,
        0.745008658008658,
        0.9703703703703704,
        0.9535714285714285,
        0.7882352941176471,
        0.9444444444444444,
        0.9592234089897641
    ]
}