{
    "best": {
        "lwlrap": 0.8431027008280227,
        "loss": 0.16031141579151154,
        "epoch": 28
    },
    "last": {
        "lwlrap": 0.8142379199246152,
        "loss": 0.18084409603705773,
        "epoch": 55
    },
    "epoch_1": {
        "lwlrap": 0.24991960638254856,
        "loss": 0.3907816455914424
    },
    "epoch_2": {
        "lwlrap": 0.44983080292711036,
        "loss": 0.2766463802411006
    },
    "epoch_3": {
        "lwlrap": 0.5382961762972792,
        "loss": 0.24863141775131226
    },
    "epoch_4": {
        "lwlrap": 0.5609133192937124,
        "loss": 0.23496283476169294
    },
    "epoch_5": {
        "lwlrap": 0.635778570740235,
        "loss": 0.22842574692689455
    },
    "epoch_6": {
        "lwlrap": 0.6902254198601465,
        "loss": 0.20183937366192156
    },
    "epoch_7": {
        "lwlrap": 0.695057565229239,
        "loss": 0.19376601508030525
    },
    "epoch_8": {
        "lwlrap": 0.7474880545752468,
        "loss": 0.18556330123772988
    },
    "epoch_9": {
        "lwlrap": 0.7445412354380052,
        "loss": 0.18791911005973816
    },
    "epoch_10": {
        "lwlrap": 0.7544736373231968,
        "loss": 0.18332591882118812
    },
    "epoch_11": {
        "lwlrap": 0.7555902684770992,
        "loss": 0.18392938318160865
    },
    "epoch_12": {
        "lwlrap": 0.7573014328492078,
        "loss": 0.18080822435709146
    },
    "epoch_13": {
        "lwlrap": 0.7642995253623218,
        "loss": 0.17993990217263883
    },
    "epoch_14": {
        "lwlrap": 0.7648457046392841,
        "loss": 0.18258550877754504
    },
    "epoch_15": {
        "lwlrap": 0.7886778768430797,
        "loss": 0.17587743928799263
    },
    "epoch_16": {
        "lwlrap": 0.7276455542549963,
        "loss": 0.20904813133753264
    },
    "epoch_17": {
        "lwlrap": 0.7230493040578877,
        "loss": 0.18773605387944442
    },
    "epoch_18": {
        "lwlrap": 0.7457189762023735,
        "loss": 0.20924831124452445
    },
    "epoch_19": {
        "lwlrap": 0.6811277420719482,
        "loss": 0.2345828264951706
    },
    "epoch_20": {
        "lwlrap": 0.7533623463691629,
        "loss": 0.1799494601213015
    },
    "epoch_21": {
        "lwlrap": 0.7408236732271067,
        "loss": 0.2054696105993711
    },
    "epoch_22": {
        "lwlrap": 0.7227996091540652,
        "loss": 0.2245602963062433
    },
    "epoch_23": {
        "lwlrap": 0.7907643262793478,
        "loss": 0.18252633053522843
    },
    "epoch_24": {
        "lwlrap": 0.8090583355604815,
        "loss": 0.17730325403121802
    },
    "epoch_25": {
        "lwlrap": 0.7917470226483102,
        "loss": 0.17841540162379926
    },
    "epoch_26": {
        "lwlrap": 0.8200676767200372,
        "loss": 0.16402739229110572
    },
    "epoch_27": {
        "lwlrap": 0.8306441174466925,
        "loss": 0.16466165964420026
    },
    "epoch_28": {
        "lwlrap": 0.8431027008280227,
        "loss": 0.16031141579151154
    },
    "epoch_29": {
        "lwlrap": 0.8417196180071717,
        "loss": 0.15856939038405052
    },
    "epoch_30": {
        "lwlrap": 0.8406347348407435,
        "loss": 0.157692816395026
    },
    "epoch_31": {
        "lwlrap": 0.8390762313509095,
        "loss": 0.15688048417751604
    },
    "epoch_32": {
        "lwlrap": 0.839030402120531,
        "loss": 0.1573702750297693
    },
    "epoch_33": {
        "lwlrap": 0.8326352117124649,
        "loss": 0.1644522215311344
    },
    "epoch_34": {
        "lwlrap": 0.8428029528887897,
        "loss": 0.1654819450699366
    },
    "epoch_35": {
        "lwlrap": 0.8341575329772755,
        "loss": 0.17324672582057807
    },
    "epoch_36": {
        "lwlrap": 0.7933870135586873,
        "loss": 0.16839751945092127
    },
    "epoch_37": {
        "lwlrap": 0.813205833270211,
        "loss": 0.19483920358694518
    },
    "epoch_38": {
        "lwlrap": 0.7483597172974856,
        "loss": 0.19302858412265778
    },
    "epoch_39": {
        "lwlrap": 0.7571327932915916,
        "loss": 0.21617904534706703
    },
    "epoch_40": {
        "lwlrap": 0.7821404135455264,
        "loss": 0.19133293686004785
    },
    "epoch_41": {
        "lwlrap": 0.7260478970242918,
        "loss": 0.2158146517781111
    },
    "epoch_42": {
        "lwlrap": 0.7754479664350908,
        "loss": 0.16587600914331582
    },
    "epoch_43": {
        "lwlrap": 0.7986119626677567,
        "loss": 0.18770590195289025
    },
    "epoch_44": {
        "lwlrap": 0.7950181316061145,
        "loss": 0.19566132185550836
    },
    "epoch_45": {
        "lwlrap": 0.8126303358063014,
        "loss": 0.18502396975572294
    },
    "epoch_46": {
        "lwlrap": 0.7944933620955759,
        "loss": 0.18546954026589027
    },
    "epoch_47": {
        "lwlrap": 0.8268155187683086,
        "loss": 0.18612225926839387
    },
    "epoch_48": {
        "lwlrap": 0.8380374870718219,
        "loss": 0.177785503749664
    },
    "epoch_49": {
        "lwlrap": 0.8307667416036515,
        "loss": 0.1832846047786566
    },
    "epoch_50": {
        "lwlrap": 0.8342146944614756,
        "loss": 0.18287048144982412
    },
    "epoch_51": {
        "lwlrap": 0.8384083489233705,
        "loss": 0.1793586457004914
    },
    "epoch_52": {
        "lwlrap": 0.8369439335104571,
        "loss": 0.17981146104060686
    },
    "epoch_53": {
        "lwlrap": 0.8413967232100279,
        "loss": 0.18915832902376467
    },
    "epoch_54": {
        "lwlrap": 0.8331222860003471,
        "loss": 0.19328897045208857
    },
    "epoch_55": {
        "lwlrap": 0.8142379199246152,
        "loss": 0.18084409603705773
    }
}