{
    "best": {
        "lwlrap": 0.9814814814814814,
        "loss": 0.10032358160242438,
        "epoch": 54
    },
    "last": {
        "lwlrap": 0.9722222222222222,
        "loss": 0.10972195211797953,
        "epoch": 55
    },
    "epoch_1": {
        "lwlrap": 0.48280423280423285,
        "loss": 0.06205891049467027
    },
    "epoch_2": {
        "lwlrap": 0.4828042328042328,
        "loss": 0.06325889239087701
    },
    "epoch_3": {
        "lwlrap": 0.44761904761904764,
        "loss": 0.07483897916972637
    },
    "epoch_4": {
        "lwlrap": 0.4574074074074074,
        "loss": 0.06351311993785203
    },
    "epoch_5": {
        "lwlrap": 0.7383597883597883,
        "loss": 0.056872076354920864
    },
    "epoch_6": {
        "lwlrap": 0.7563492063492063,
        "loss": 0.055473510874435306
    },
    "epoch_7": {
        "lwlrap": 0.7068783068783069,
        "loss": 0.052623098134063184
    },
    "epoch_8": {
        "lwlrap": 0.803968253968254,
        "loss": 0.04949809843674302
    },
    "epoch_9": {
        "lwlrap": 0.8735449735449735,
        "loss": 0.04879041505046189
    },
    "epoch_10": {
        "lwlrap": 0.8470899470899471,
        "loss": 0.04784290760289878
    },
    "epoch_11": {
        "lwlrap": 0.8788359788359787,
        "loss": 0.04787311563268304
    },
    "epoch_12": {
        "lwlrap": 0.8444444444444443,
        "loss": 0.047975904773920774
    },
    "epoch_13": {
        "lwlrap": 0.8484126984126983,
        "loss": 0.04830829589627683
    },
    "epoch_14": {
        "lwlrap": 0.8862433862433862,
        "loss": 0.04817701957654208
    },
    "epoch_15": {
        "lwlrap": 0.7195767195767195,
        "loss": 0.055346068809740245
    },
    "epoch_16": {
        "lwlrap": 0.8126984126984127,
        "loss": 0.05292770895175636
    },
    "epoch_17": {
        "lwlrap": 0.8478835978835978,
        "loss": 0.048939337488263845
    },
    "epoch_18": {
        "lwlrap": 0.8166666666666667,
        "loss": 0.05828304775059223
    },
    "epoch_19": {
        "lwlrap": 0.8664021164021164,
        "loss": 0.06945893401280046
    },
    "epoch_20": {
        "lwlrap": 0.8915343915343914,
        "loss": 0.044134617201052606
    },
    "epoch_21": {
        "lwlrap": 0.8690476190476191,
        "loss": 0.04501610971055925
    },
    "epoch_22": {
        "lwlrap": 0.8365079365079364,
        "loss": 0.047193809994496405
    },
    "epoch_23": {
        "lwlrap": 0.8523809523809522,
        "loss": 0.053408585605211556
    },
    "epoch_24": {
        "lwlrap": 0.8822751322751322,
        "loss": 0.04456588416360319
    },
    "epoch_25": {
        "lwlrap": 0.9246031746031745,
        "loss": 0.05178228276781738
    },
    "epoch_26": {
        "lwlrap": 0.9457671957671957,
        "loss": 0.042525526601821184
    },
    "epoch_27": {
        "lwlrap": 0.9338624338624338,
        "loss": 0.04501633101608604
    },
    "epoch_28": {
        "lwlrap": 0.9642857142857143,
        "loss": 0.04267903883010149
    },
    "epoch_29": {
        "lwlrap": 0.9714285714285713,
        "loss": 0.04059372784104198
    },
    "epoch_30": {
        "lwlrap": 0.9793650793650793,
        "loss": 0.04154143447522074
    },
    "epoch_31": {
        "lwlrap": 0.9629629629629629,
        "loss": 0.042052926030009985
    },
    "epoch_32": {
        "lwlrap": 0.9391534391534392,
        "loss": 0.04482425667811185
    },
    "epoch_33": {
        "lwlrap": 0.9722222222222222,
        "loss": 0.043822940555401146
    },
    "epoch_34": {
        "lwlrap": 0.9523809523809523,
        "loss": 0.04540332988835871
    },
    "epoch_35": {
        "lwlrap": 0.958994708994709,
        "loss": 0.06521240738220513
    },
    "epoch_36": {
        "lwlrap": 0.8653439153439153,
        "loss": 0.06017982354387641
    },
    "epoch_37": {
        "lwlrap": 0.8928571428571428,
        "loss": 0.055240190122276545
    },
    "epoch_38": {
        "lwlrap": 0.7833333333333332,
        "loss": 0.05386089545208961
    },
    "epoch_39": {
        "lwlrap": 0.9264550264550264,
        "loss": 0.05670637497678399
    },
    "epoch_40": {
        "lwlrap": 0.8933862433862433,
        "loss": 0.0554008106701076
    },
    "epoch_41": {
        "lwlrap": 0.9484126984126985,
        "loss": 0.0644664466381073
    },
    "epoch_42": {
        "lwlrap": 0.91005291005291,
        "loss": 0.06865553348325193
    },
    "epoch_43": {
        "lwlrap": 0.8502645502645503,
        "loss": 0.06238858343567699
    },
    "epoch_44": {
        "lwlrap": 0.9317460317460315,
        "loss": 0.05336047033779323
    },
    "epoch_45": {
        "lwlrap": 0.9735449735449735,
        "loss": 0.0549980285577476
    },
    "epoch_46": {
        "lwlrap": 0.9391534391534392,
        "loss": 0.05166286579333246
    },
    "epoch_47": {
        "lwlrap": 0.9603174603174602,
        "loss": 0.04723272914998233
    },
    "epoch_48": {
        "lwlrap": 0.9550264550264549,
        "loss": 0.04712354007642716
    },
    "epoch_49": {
        "lwlrap": 0.9603174603174602,
        "loss": 0.0629611611366272
    },
    "epoch_50": {
        "lwlrap": 0.9603174603174602,
        "loss": 0.06382296979427338
    },
    "epoch_51": {
        "lwlrap": 0.9523809523809523,
        "loss": 0.06414865865372121
    },
    "epoch_52": {
        "lwlrap": 0.9523809523809523,
        "loss": 0.06144954264163971
    },
    "epoch_53": {
        "lwlrap": 0.9523809523809523,
        "loss": 0.06219726998824626
    },
    "epoch_54": {
        "lwlrap": 0.9814814814814814,
        "loss": 0.10032358160242438
    },
    "epoch_55": {
        "lwlrap": 0.9722222222222222,
        "loss": 0.10972195211797953
    }
}