{
    "best": {
        "lwlrap": 0.8264152871449009,
        "loss": 0.1301222423260862,
        "epoch": 53
    },
    "last": {
        "lwlrap": 0.8014378283502243,
        "loss": 0.13110193474726242,
        "epoch": 55
    },
    "epoch_1": {
        "lwlrap": 0.21293346434959573,
        "loss": 0.3656428131190213
    },
    "epoch_2": {
        "lwlrap": 0.305836923447774,
        "loss": 0.2914789860898798
    },
    "epoch_3": {
        "lwlrap": 0.3503849805755558,
        "loss": 0.24894325570626694
    },
    "epoch_4": {
        "lwlrap": 0.35420871893947914,
        "loss": 0.23658504269339822
    },
    "epoch_5": {
        "lwlrap": 0.47863058832208416,
        "loss": 0.2253067588264292
    },
    "epoch_6": {
        "lwlrap": 0.5148974204123754,
        "loss": 0.1989212307063016
    },
    "epoch_7": {
        "lwlrap": 0.5429948563935861,
        "loss": 0.19490597464821555
    },
    "epoch_8": {
        "lwlrap": 0.5853594976816769,
        "loss": 0.19135517288338055
    },
    "epoch_9": {
        "lwlrap": 0.5985286208075465,
        "loss": 0.1916977261955088
    },
    "epoch_10": {
        "lwlrap": 0.6112100819202946,
        "loss": 0.18536444821140982
    },
    "epoch_11": {
        "lwlrap": 0.6084106540462259,
        "loss": 0.1851829452948137
    },
    "epoch_12": {
        "lwlrap": 0.6100786033455867,
        "loss": 0.18637373637069354
    },
    "epoch_13": {
        "lwlrap": 0.6082647005603714,
        "loss": 0.18001345748251135
    },
    "epoch_14": {
        "lwlrap": 0.6112724900278548,
        "loss": 0.18948085470633072
    },
    "epoch_15": {
        "lwlrap": 0.5837681166523896,
        "loss": 0.19905814257535068
    },
    "epoch_16": {
        "lwlrap": 0.6132319053743372,
        "loss": 0.19491431387988004
    },
    "epoch_17": {
        "lwlrap": 0.6008216330641223,
        "loss": 0.18359824337742545
    },
    "epoch_18": {
        "lwlrap": 0.46651226474752566,
        "loss": 0.21534935181791132
    },
    "epoch_19": {
        "lwlrap": 0.5986898808843693,
        "loss": 0.1788935661315918
    },
    "epoch_20": {
        "lwlrap": 0.5505843813517979,
        "loss": 0.19559224356304517
    },
    "epoch_21": {
        "lwlrap": 0.5413619000815852,
        "loss": 0.2153786610473286
    },
    "epoch_22": {
        "lwlrap": 0.532380435049551,
        "loss": 0.1917636827989058
    },
    "epoch_23": {
        "lwlrap": 0.6485583622386197,
        "loss": 0.18627640469507736
    },
    "epoch_24": {
        "lwlrap": 0.6780957359283539,
        "loss": 0.16382431577552448
    },
    "epoch_25": {
        "lwlrap": 0.7078199615809736,
        "loss": 0.15704689649018375
    },
    "epoch_26": {
        "lwlrap": 0.7348738648094871,
        "loss": 0.14429610696705905
    },
    "epoch_27": {
        "lwlrap": 0.8016437978694985,
        "loss": 0.14587545056234708
    },
    "epoch_28": {
        "lwlrap": 0.788926357381293,
        "loss": 0.14577894522385162
    },
    "epoch_29": {
        "lwlrap": 0.7835870972137067,
        "loss": 0.1418029381470247
    },
    "epoch_30": {
        "lwlrap": 0.7875552439930122,
        "loss": 0.14043431729078293
    },
    "epoch_31": {
        "lwlrap": 0.792708709983388,
        "loss": 0.14037867432290857
    },
    "epoch_32": {
        "lwlrap": 0.7961799168880714,
        "loss": 0.13958526267246765
    },
    "epoch_33": {
        "lwlrap": 0.8031354792084406,
        "loss": 0.14198725399645892
    },
    "epoch_34": {
        "lwlrap": 0.7830421009605559,
        "loss": 0.13995274088599466
    },
    "epoch_35": {
        "lwlrap": 0.7753643590553463,
        "loss": 0.14485733007842844
    },
    "epoch_36": {
        "lwlrap": 0.746120462751364,
        "loss": 0.14240136471661655
    },
    "epoch_37": {
        "lwlrap": 0.7175251744804888,
        "loss": 0.15628751028667798
    },
    "epoch_38": {
        "lwlrap": 0.6545908210418435,
        "loss": 0.1680364886468107
    },
    "epoch_39": {
        "lwlrap": 0.6138462310059727,
        "loss": 0.17772446166385303
    },
    "epoch_40": {
        "lwlrap": 0.6753158492163129,
        "loss": 0.1682320995764299
    },
    "epoch_41": {
        "lwlrap": 0.6456474498319992,
        "loss": 0.16130041669715534
    },
    "epoch_42": {
        "lwlrap": 0.6434268002130967,
        "loss": 0.15571228550239044
    },
    "epoch_43": {
        "lwlrap": 0.6871549962562333,
        "loss": 0.15562964298508383
    },
    "epoch_44": {
        "lwlrap": 0.7285308635094043,
        "loss": 0.15718299421397122
    },
    "epoch_45": {
        "lwlrap": 0.7343347260249227,
        "loss": 0.1608444018797441
    },
    "epoch_46": {
        "lwlrap": 0.7686278152827004,
        "loss": 0.14165955714204095
    },
    "epoch_47": {
        "lwlrap": 0.8077152580371465,
        "loss": 0.13777327063408765
    },
    "epoch_48": {
        "lwlrap": 0.8047795552087398,
        "loss": 0.14057069542733105
    },
    "epoch_49": {
        "lwlrap": 0.8197237550241843,
        "loss": 0.1359142457897013
    },
    "epoch_50": {
        "lwlrap": 0.8205141544197339,
        "loss": 0.1326206841252067
    },
    "epoch_51": {
        "lwlrap": 0.8182511813413101,
        "loss": 0.1335394958203489
    },
    "epoch_52": {
        "lwlrap": 0.8233569601595353,
        "loss": 0.13107420842755924
    },
    "epoch_53": {
        "lwlrap": 0.8264152871449009,
        "loss": 0.1301222423260862
    },
    "epoch_54": {
        "lwlrap": 0.8162596225900947,
        "loss": 0.1346304023807699
    },
    "epoch_55": {
        "lwlrap": 0.8014378283502243,
        "loss": 0.13110193474726242
    }
}