{
  "best": {
    "epoch_lwlrap": 0.8746115737527951,
    "loss": 0.2221007663756609,
    "lwlrap": 0.8739074962660138
  },
  "last": {
    "epoch_lwlrap": 0.8676193505391978,
    "loss": 0.21666049398481846,
    "lwlrap": 0.867802876782488
  },
  "train.47": {
    "epoch_lwlrap": 0.8746115737527951,
    "loss": 0.2221007663756609,
    "lwlrap": 0.8739074962660138
  },
  "epoch_0": [
    "out/078_ResNest_focal_strong_SAM_pitch_shift/fold2/checkpoints/train.1.pth",
    0.21911117465902513,
    {
      "epoch_lwlrap": 0.21911117465902513,
      "loss": 0.634616270661354,
      "lwlrap": 0.21883505508323065
    }
  ],
  "epoch_1": [
    "out/078_ResNest_focal_strong_SAM_pitch_shift/fold2/checkpoints/train.2.pth",
    0.2702695997469471,
    {
      "epoch_lwlrap": 0.2702695997469471,
      "loss": 0.6140114851295949,
      "lwlrap": 0.2698359638540005
    }
  ],
  "epoch_2": [
    "out/078_ResNest_focal_strong_SAM_pitch_shift/fold2/checkpoints/train.3.pth",
    0.33212246370649096,
    {
      "epoch_lwlrap": 0.33212246370649096,
      "loss": 0.5867624450474977,
      "lwlrap": 0.33155192373182846
    }
  ],
  "epoch_3": [
    "out/078_ResNest_focal_strong_SAM_pitch_shift/fold2/checkpoints/train.4.pth",
    0.31342561839749467,
    {
      "epoch_lwlrap": 0.31342561839749467,
      "loss": 0.5680057462304832,
      "lwlrap": 0.311782646175343
    }
  ],
  "epoch_4": [
    "out/078_ResNest_focal_strong_SAM_pitch_shift/fold2/checkpoints/train.5.pth",
    0.36701768271144114,
    {
      "epoch_lwlrap": 0.36701768271144114,
      "loss": 0.5661561843007803,
      "lwlrap": 0.36533685801018734
    }
  ],
  "epoch_5": [
    "out/078_ResNest_focal_strong_SAM_pitch_shift/fold2/checkpoints/train.6.pth",
    0.42606813713403296,
    {
      "epoch_lwlrap": 0.42606813713403296,
      "loss": 0.5290124677121639,
      "lwlrap": 0.42464102091175243
    }
  ],
  "epoch_6": [
    "out/078_ResNest_focal_strong_SAM_pitch_shift/fold2/checkpoints/train.7.pth",
    0.431017116501483,
    {
      "epoch_lwlrap": 0.431017116501483,
      "loss": 0.519886776804924,
      "lwlrap": 0.4289768333885219
    }
  ],
  "epoch_7": [
    "out/078_ResNest_focal_strong_SAM_pitch_shift/fold2/checkpoints/train.8.pth",
    0.4575702528878858,
    {
      "epoch_lwlrap": 0.4575702528878858,
      "loss": 0.5056558540090919,
      "lwlrap": 0.4563368089042718
    }
  ],
  "epoch_8": [
    "out/078_ResNest_focal_strong_SAM_pitch_shift/fold2/checkpoints/train.9.pth",
    0.4673275474515637,
    {
      "epoch_lwlrap": 0.4673275474515637,
      "loss": 0.49753890465945005,
      "lwlrap": 0.4661529756586535
    }
  ],
  "epoch_9": [
    "out/078_ResNest_focal_strong_SAM_pitch_shift/fold2/checkpoints/train.10.pth",
    0.46918757997504484,
    {
      "epoch_lwlrap": 0.46918757997504484,
      "loss": 0.4979669200256467,
      "lwlrap": 0.4677381382487087
    }
  ],
  "epoch_10": [
    "out/078_ResNest_focal_strong_SAM_pitch_shift/fold2/checkpoints/train.11.pth",
    0.4720582424662731,
    {
      "epoch_lwlrap": 0.4720582424662731,
      "loss": 0.49494121689349413,
      "lwlrap": 0.47080679802930914
    }
  ],
  "epoch_11": [
    "out/078_ResNest_focal_strong_SAM_pitch_shift/fold2/checkpoints/train.12.pth",
    0.4727685959079089,
    {
      "epoch_lwlrap": 0.4727685959079089,
      "loss": 0.49463385064154863,
      "lwlrap": 0.47114477575129254
    }
  ],
  "epoch_12": [
    "out/078_ResNest_focal_strong_SAM_pitch_shift/fold2/checkpoints/train.13.pth",
    0.47791467064592347,
    {
      "epoch_lwlrap": 0.47791467064592347,
      "loss": 0.4877005247399211,
      "lwlrap": 0.47626859986750597
    }
  ],
  "epoch_13": [
    "out/078_ResNest_focal_strong_SAM_pitch_shift/fold2/checkpoints/train.14.pth",
    0.49112733110824713,
    {
      "epoch_lwlrap": 0.49112733110824713,
      "loss": 0.48452755622565746,
      "lwlrap": 0.49031701717010406
    }
  ],
  "epoch_14": [
    "out/078_ResNest_focal_strong_SAM_pitch_shift/fold2/checkpoints/train.15.pth",
    0.5227550492340569,
    {
      "epoch_lwlrap": 0.5227550492340569,
      "loss": 0.46635002736002207,
      "lwlrap": 0.5225157426591306
    }
  ],
  "epoch_15": [
    "out/078_ResNest_focal_strong_SAM_pitch_shift/fold2/checkpoints/train.16.pth",
    0.5348458102357869,
    {
      "epoch_lwlrap": 0.5348458102357869,
      "loss": 0.46351734548807144,
      "lwlrap": 0.5341552940848876
    }
  ],
  "epoch_16": [
    "out/078_ResNest_focal_strong_SAM_pitch_shift/fold2/checkpoints/train.17.pth",
    0.5577147932945796,
    {
      "epoch_lwlrap": 0.5577147932945796,
      "loss": 0.4534037951380015,
      "lwlrap": 0.557556915126281
    }
  ],
  "epoch_17": [
    "out/078_ResNest_focal_strong_SAM_pitch_shift/fold2/checkpoints/train.18.pth",
    0.5398158930548183,
    {
      "epoch_lwlrap": 0.5398158930548183,
      "loss": 0.4388554319739342,
      "lwlrap": 0.5392211511707607
    }
  ],
  "epoch_18": [
    "out/078_ResNest_focal_strong_SAM_pitch_shift/fold2/checkpoints/train.19.pth",
    0.6263881898423882,
    {
      "epoch_lwlrap": 0.6263881898423882,
      "loss": 0.40589400939643383,
      "lwlrap": 0.6263437120763722
    }
  ],
  "epoch_19": [
    "out/078_ResNest_focal_strong_SAM_pitch_shift/fold2/checkpoints/train.20.pth",
    0.6359818881288347,
    {
      "epoch_lwlrap": 0.6359818881288347,
      "loss": 0.4254287900403142,
      "lwlrap": 0.6338945607091409
    }
  ],
  "epoch_20": [
    "out/078_ResNest_focal_strong_SAM_pitch_shift/fold2/checkpoints/train.21.pth",
    0.7002272324791409,
    {
      "epoch_lwlrap": 0.7002272324791409,
      "loss": 0.35134375747293234,
      "lwlrap": 0.7002299300603417
    }
  ],
  "epoch_21": [
    "out/078_ResNest_focal_strong_SAM_pitch_shift/fold2/checkpoints/train.22.pth",
    0.7452314860711807,
    {
      "epoch_lwlrap": 0.7452314860711807,
      "loss": 0.3444392634555698,
      "lwlrap": 0.7452654425167764
    }
  ],
  "epoch_22": [
    "out/078_ResNest_focal_strong_SAM_pitch_shift/fold2/checkpoints/train.23.pth",
    0.7802029289624709,
    {
      "epoch_lwlrap": 0.7802029289624709,
      "loss": 0.2977791428565979,
      "lwlrap": 0.779239727550989
    }
  ],
  "epoch_23": [
    "out/078_ResNest_focal_strong_SAM_pitch_shift/fold2/checkpoints/train.24.pth",
    0.7836289558617803,
    {
      "epoch_lwlrap": 0.7836289558617803,
      "loss": 0.2951540080830455,
      "lwlrap": 0.7833417529039671
    }
  ],
  "epoch_24": [
    "out/078_ResNest_focal_strong_SAM_pitch_shift/fold2/checkpoints/train.25.pth",
    0.8054880302803518,
    {
      "epoch_lwlrap": 0.8054880302803518,
      "loss": 0.2880309564061463,
      "lwlrap": 0.8045323564396658
    }
  ],
  "epoch_25": [
    "out/078_ResNest_focal_strong_SAM_pitch_shift/fold2/checkpoints/train.26.pth",
    0.8388252756573367,
    {
      "epoch_lwlrap": 0.8388252756573367,
      "loss": 0.25978419464081526,
      "lwlrap": 0.8376273853884373
    }
  ],
  "epoch_26": [
    "out/078_ResNest_focal_strong_SAM_pitch_shift/fold2/checkpoints/train.27.pth",
    0.8327223912197798,
    {
      "epoch_lwlrap": 0.8327223912197798,
      "loss": 0.25110870506614447,
      "lwlrap": 0.8323134774977331
    }
  ],
  "epoch_27": [
    "out/078_ResNest_focal_strong_SAM_pitch_shift/fold2/checkpoints/train.28.pth",
    0.8647764449291166,
    {
      "epoch_lwlrap": 0.8647764449291166,
      "loss": 0.2377874325029552,
      "lwlrap": 0.864588172667441
    }
  ],
  "epoch_28": [
    "out/078_ResNest_focal_strong_SAM_pitch_shift/fold2/checkpoints/train.29.pth",
    0.851988250466555,
    {
      "epoch_lwlrap": 0.851988250466555,
      "loss": 0.23116873856633902,
      "lwlrap": 0.8513944952830192
    }
  ],
  "epoch_29": [
    "out/078_ResNest_focal_strong_SAM_pitch_shift/fold2/checkpoints/train.30.pth",
    0.8616669695868169,
    {
      "epoch_lwlrap": 0.8616669695868169,
      "loss": 0.22871141089126468,
      "lwlrap": 0.8612667889606723
    }
  ],