{
  "best": {
    "epoch_lwlrap": 0.8911870087840961,
    "loss": 0.0808802959395618,
    "lwlrap": 0.8911508172573016
  },
  "last": {
    "epoch_lwlrap": 0.8758114410812868,
    "loss": 0.11068507956295479,
    "lwlrap": 0.8757102448355903
  },
  "train.46": {
    "epoch_lwlrap": 0.8911870087840961,
    "loss": 0.0808802959395618,
    "lwlrap": 0.8911508172573016
  },
  "epoch_0": [
    "out/094_093_remove_pinknoise/fold3/checkpoints/train.1.pth",
    0.2999687303652298,
    {
      "epoch_lwlrap": 0.2999687303652298,
      "loss": 0.24899814550469562,
      "lwlrap": 0.2999083007369764
    }
  ],
  "epoch_1": [
    "out/094_093_remove_pinknoise/fold3/checkpoints/train.2.pth",
    0.33362513415986456,
    {
      "epoch_lwlrap": 0.33362513415986456,
      "loss": 0.23307170955146234,
      "lwlrap": 0.33402592339877685
    }
  ],
  "epoch_2": [
    "out/094_093_remove_pinknoise/fold3/checkpoints/train.3.pth",
    0.47322606996721783,
    {
      "epoch_lwlrap": 0.47322606996721783,
      "loss": 0.21712248863243475,
      "lwlrap": 0.4738790045012707
    }
  ],
  "epoch_3": [
    "out/094_093_remove_pinknoise/fold3/checkpoints/train.4.pth",
    0.5474742759936935,
    {
      "epoch_lwlrap": 0.5474742759936935,
      "loss": 0.19047752095431816,
      "lwlrap": 0.547626492748444
    }
  ],
  "epoch_4": [
    "out/094_093_remove_pinknoise/fold3/checkpoints/train.5.pth",
    0.6236949222171951,
    {
      "epoch_lwlrap": 0.6236949222171951,
      "loss": 0.16807464382997372,
      "lwlrap": 0.6240148644499172
    }
  ],
  "epoch_5": [
    "out/094_093_remove_pinknoise/fold3/checkpoints/train.6.pth",
    0.7268412816956507,
    {
      "epoch_lwlrap": 0.7268412816956507,
      "loss": 0.14017377939166092,
      "lwlrap": 0.7266062194795092
    }
  ],
  "epoch_6": [
    "out/094_093_remove_pinknoise/fold3/checkpoints/train.7.pth",
    0.7511174505106544,
    {
      "epoch_lwlrap": 0.7511174505106544,
      "loss": 0.12369203058684744,
      "lwlrap": 0.7508927380372948
    }
  ],
  "epoch_7": [
    "out/094_093_remove_pinknoise/fold3/checkpoints/train.8.pth",
    0.8053611706524326,
    {
      "epoch_lwlrap": 0.8053611706524326,
      "loss": 0.10942219161405796,
      "lwlrap": 0.805309086445315
    }
  ],
  "epoch_8": [
    "out/094_093_remove_pinknoise/fold3/checkpoints/train.9.pth",
    0.8352519648636153,
    {
      "epoch_lwlrap": 0.8352519648636153,
      "loss": 0.10210033742392935,
      "lwlrap": 0.8352038185887085
    }
  ],
  "epoch_9": [
    "out/094_093_remove_pinknoise/fold3/checkpoints/train.10.pth",
    0.8439570812143627,
    {
      "epoch_lwlrap": 0.8439570812143627,
      "loss": 0.10050783906041122,
      "lwlrap": 0.8438013559578105
    }
  ],
  "epoch_10": [
    "out/094_093_remove_pinknoise/fold3/checkpoints/train.11.pth",
    0.8429053012790877,
    {
      "epoch_lwlrap": 0.8429053012790877,
      "loss": 0.09976443539305431,
      "lwlrap": 0.8428207888350662
    }
  ],
  "epoch_11": [
    "out/094_093_remove_pinknoise/fold3/checkpoints/train.12.pth",
    0.8442537370935428,
    {
      "epoch_lwlrap": 0.8442537370935428,
      "loss": 0.09824827676866113,
      "lwlrap": 0.8442904828002984
    }
  ],
  "epoch_12": [
    "out/094_093_remove_pinknoise/fold3/checkpoints/train.13.pth",
    0.8326535115370066,
    {
      "epoch_lwlrap": 0.8326535115370066,
      "loss": 0.1004104107254889,
      "lwlrap": 0.8325618125677615
    }
  ],
  "epoch_13": [
    "out/094_093_remove_pinknoise/fold3/checkpoints/train.14.pth",
    0.8286197621149078,
    {
      "epoch_lwlrap": 0.8286197621149078,
      "loss": 0.1022043228149414,
      "lwlrap": 0.8286086152594183
    }
  ],
  "epoch_14": [
    "out/094_093_remove_pinknoise/fold3/checkpoints/train.15.pth",
    0.808830328247804,
    {
      "epoch_lwlrap": 0.808830328247804,
      "loss": 0.10890913518463693,
      "lwlrap": 0.8086295005807201
    }
  ],
  "epoch_15": [
    "out/094_093_remove_pinknoise/fold3/checkpoints/train.16.pth",
    0.8288449684080752,
    {
      "epoch_lwlrap": 0.8288449684080752,
      "loss": 0.10951953108717756,
      "lwlrap": 0.8284611861798061
    }
  ],
  "epoch_16": [
    "out/094_093_remove_pinknoise/fold3/checkpoints/train.17.pth",
    0.7993736441551975,
    {
      "epoch_lwlrap": 0.7993736441551975,
      "loss": 0.11525496113591079,
      "lwlrap": 0.7992611562540176
    }
  ],
  "epoch_17": [
    "out/094_093_remove_pinknoise/fold3/checkpoints/train.18.pth",
    0.8003345898976966,
    {
      "epoch_lwlrap": 0.8003345898976966,
      "loss": 0.1063216557589973,
      "lwlrap": 0.8006035494018838
    }
  ],
  "epoch_18": [
    "out/094_093_remove_pinknoise/fold3/checkpoints/train.19.pth",
    0.7769881547794169,
    {
      "epoch_lwlrap": 0.7769881547794169,
      "loss": 0.12614169862212204,
      "lwlrap": 0.7768926152834541
    }
  ],
  "epoch_19": [
    "out/094_093_remove_pinknoise/fold3/checkpoints/train.20.pth",
    0.8238694153742696,
    {
      "epoch_lwlrap": 0.8238694153742696,
      "loss": 0.10170227180166942,
      "lwlrap": 0.823758894288341
    }
  ],
  "epoch_20": [
    "out/094_093_remove_pinknoise/fold3/checkpoints/train.21.pth",
    0.8219448297118199,
    {
      "epoch_lwlrap": 0.8219448297118199,
      "loss": 0.1171308068967447,
      "lwlrap": 0.8215283797437277
    }
  ],
  "epoch_21": [
    "out/094_093_remove_pinknoise/fold3/checkpoints/train.22.pth",
    0.8309871806468472,
    {
      "epoch_lwlrap": 0.8309871806468472,
      "loss": 0.10546968768282634,
      "lwlrap": 0.8307127800296334
    }
  ],
  "epoch_22": [
    "out/094_093_remove_pinknoise/fold3/checkpoints/train.23.pth",
    0.8346260804998669,
    {
      "epoch_lwlrap": 0.8346260804998669,
      "loss": 0.10210315919503933,
      "lwlrap": 0.8343779513499918
    }
  ],
  "epoch_23": [
    "out/094_093_remove_pinknoise/fold3/checkpoints/train.24.pth",
    0.8432917852884638,
    {
      "epoch_lwlrap": 0.8432917852884638,
      "loss": 0.09484234597624802,
      "lwlrap": 0.8429975966090121
    }
  ],
  "epoch_24": [
    "out/094_093_remove_pinknoise/fold3/checkpoints/train.25.pth",
    0.8644350053937432,
    {
      "epoch_lwlrap": 0.8644350053937432,
      "loss": 0.0886080512186376,
      "lwlrap": 0.8643082821072113
    }
  ],
  "epoch_25": [
    "out/094_093_remove_pinknoise/fold3/checkpoints/train.26.pth",
    0.8718872147270206,
    {
      "epoch_lwlrap": 0.8718872147270206,
      "loss": 0.08648987005396587,
      "lwlrap": 0.8716013581896985
    }
  ],
  "epoch_26": [
    "out/094_093_remove_pinknoise/fold3/checkpoints/train.27.pth",
    0.8817250171619104,
    {
      "epoch_lwlrap": 0.8817250171619104,
      "loss": 0.08137886844030241,
      "lwlrap": 0.8815281737232956
    }
  ],
  "epoch_27": [
    "out/094_093_remove_pinknoise/fold3/checkpoints/train.28.pth",
    0.8885382955771305,
    {
      "epoch_lwlrap": 0.8885382955771305,
      "loss": 0.08496832120709302,
      "lwlrap": 0.8884804018771896
    }
  ],
  "epoch_28": [
    "out/094_093_remove_pinknoise/fold3/checkpoints/train.29.pth",
    0.8757332246473789,
    {
      "epoch_lwlrap": 0.8757332246473789,
      "loss": 0.09257582411533448,
      "lwlrap": 0.8756788411639849
    }
  ],
  "epoch_29": [
    "out/094_093_remove_pinknoise/fold3/checkpoints/train.30.pth",
    0.8819232547387887,
    {
      "epoch_lwlrap": 0.8819232547387887,
      "loss": 0.08933453370885151,
      "lwlrap": 0.8818398912212119
    }
  ],
  "epoch_30": [
    "out/094_093_remove_pinknoise/fold3/checkpoints/train.31.pth",
    0.88056833021064,
    {
      "epoch_lwlrap": 0.88056833021064,
      "loss": 0.0878623992931552,
      "lwlrap": 0.8804712455340213
    }
  ],
  "epoch_31": [
    "out/094_093_remove_pinknoise/fold3/checkpoints/train.32.pth",
    0.8901371551856989,
    {
      "epoch_lwlrap": 0.8901371551856989,
      "loss": 0.08487947903028349,
      "lwlrap": 0.8900318215725711
    }
  ],