{
  "best": {
    "epoch_lwlrap": 0.867739003998546,
    "loss": 0.06479685939848423,
    "lwlrap": 0.8671456151789033
  },
  "last": {
    "epoch_lwlrap": 0.8283310056311262,
    "loss": 0.06906554475426674,
    "lwlrap": 0.8279983522653718
  },
  "train.51": {
    "epoch_lwlrap": 0.867739003998546,
    "loss": 0.06479685939848423,
    "lwlrap": 0.8671456151789033
  },
  "epoch_0": [
    "out/090_086_class_balanced_loss/fold2/checkpoints/train.1.pth",
    0.23548402757938783,
    {
      "epoch_lwlrap": 0.23548402757938783,
      "loss": 0.17412329837679863,
      "lwlrap": 0.23500294954852477
    }
  ],
  "epoch_1": [
    "out/090_086_class_balanced_loss/fold2/checkpoints/train.2.pth",
    0.2522043454704516,
    {
      "epoch_lwlrap": 0.2522043454704516,
      "loss": 0.16927772387862206,
      "lwlrap": 0.2520610796288665
    }
  ],
  "epoch_2": [
    "out/090_086_class_balanced_loss/fold2/checkpoints/train.3.pth",
    0.3420536041684054,
    {
      "epoch_lwlrap": 0.3420536041684054,
      "loss": 0.16090846434235573,
      "lwlrap": 0.3421532701942837
    }
  ],
  "epoch_3": [
    "out/090_086_class_balanced_loss/fold2/checkpoints/train.4.pth",
    0.3216491728247546,
    {
      "epoch_lwlrap": 0.3216491728247546,
      "loss": 0.15685874968767166,
      "lwlrap": 0.32228739025210223
    }
  ],
  "epoch_4": [
    "out/090_086_class_balanced_loss/fold2/checkpoints/train.5.pth",
    0.3792150535461385,
    {
      "epoch_lwlrap": 0.3792150535461385,
      "loss": 0.15095224976539612,
      "lwlrap": 0.3786959706154875
    }
  ],
  "epoch_5": [
    "out/090_086_class_balanced_loss/fold2/checkpoints/train.6.pth",
    0.4841591574807687,
    {
      "epoch_lwlrap": 0.4841591574807687,
      "loss": 0.13964590430259705,
      "lwlrap": 0.484392408795382
    }
  ],
  "epoch_6": [
    "out/090_086_class_balanced_loss/fold2/checkpoints/train.7.pth",
    0.49361624357683104,
    {
      "epoch_lwlrap": 0.49361624357683104,
      "loss": 0.13794806599617004,
      "lwlrap": 0.4944662093328873
    }
  ],
  "epoch_7": [
    "out/090_086_class_balanced_loss/fold2/checkpoints/train.8.pth",
    0.554905195018869,
    {
      "epoch_lwlrap": 0.554905195018869,
      "loss": 0.12715742737054825,
      "lwlrap": 0.5546456983255426
    }
  ],
  "epoch_8": [
    "out/090_086_class_balanced_loss/fold2/checkpoints/train.9.pth",
    0.5981731687307963,
    {
      "epoch_lwlrap": 0.5981731687307963,
      "loss": 0.12267305888235569,
      "lwlrap": 0.5975083288911593
    }
  ],
  "epoch_9": [
    "out/090_086_class_balanced_loss/fold2/checkpoints/train.10.pth",
    0.5876468312006419,
    {
      "epoch_lwlrap": 0.5876468312006419,
      "loss": 0.12122833356261253,
      "lwlrap": 0.5870917492261081
    }
  ],
  "epoch_10": [
    "out/090_086_class_balanced_loss/fold2/checkpoints/train.11.pth",
    0.5908001505276254,
    {
      "epoch_lwlrap": 0.5908001505276254,
      "loss": 0.12096965126693249,
      "lwlrap": 0.5903825681566899
    }
  ],
  "epoch_11": [
    "out/090_086_class_balanced_loss/fold2/checkpoints/train.12.pth",
    0.6040642666066269,
    {
      "epoch_lwlrap": 0.6040642666066269,
      "loss": 0.12019191682338715,
      "lwlrap": 0.6034115764056369
    }
  ],
  "epoch_12": [
    "out/090_086_class_balanced_loss/fold2/checkpoints/train.13.pth",
    0.5944338915132145,
    {
      "epoch_lwlrap": 0.5944338915132145,
      "loss": 0.11800021305680275,
      "lwlrap": 0.5940331934803089
    }
  ],
  "epoch_13": [
    "out/090_086_class_balanced_loss/fold2/checkpoints/train.14.pth",
    0.593139774202595,
    {
      "epoch_lwlrap": 0.593139774202595,
      "loss": 0.1191189456731081,
      "lwlrap": 0.5933303915840373
    }
  ],
  "epoch_14": [
    "out/090_086_class_balanced_loss/fold2/checkpoints/train.15.pth",
    0.6354756317915959,
    {
      "epoch_lwlrap": 0.6354756317915959,
      "loss": 0.11365211568772793,
      "lwlrap": 0.6353126683718239
    }
  ],
  "epoch_15": [
    "out/090_086_class_balanced_loss/fold2/checkpoints/train.16.pth",
    0.6262308547664113,
    {
      "epoch_lwlrap": 0.6262308547664113,
      "loss": 0.11079230532050133,
      "lwlrap": 0.6252374352968335
    }
  ],
  "epoch_16": [
    "out/090_086_class_balanced_loss/fold2/checkpoints/train.17.pth",
    0.6613744961123427,
    {
      "epoch_lwlrap": 0.6613744961123427,
      "loss": 0.10332843661308289,
      "lwlrap": 0.6613957900853983
    }
  ],
  "epoch_17": [
    "out/090_086_class_balanced_loss/fold2/checkpoints/train.18.pth",
    0.6913916799463203,
    {
      "epoch_lwlrap": 0.6913916799463203,
      "loss": 0.10484164580702782,
      "lwlrap": 0.6901500027472465
    }
  ],
  "epoch_18": [
    "out/090_086_class_balanced_loss/fold2/checkpoints/train.19.pth",
    0.7389349888872789,
    {
      "epoch_lwlrap": 0.7389349888872789,
      "loss": 0.09398377500474453,
      "lwlrap": 0.7390633117093388
    }
  ],
  "epoch_19": [
    "out/090_086_class_balanced_loss/fold2/checkpoints/train.20.pth",
    0.721258650170864,
    {
      "epoch_lwlrap": 0.721258650170864,
      "loss": 0.09988875687122345,
      "lwlrap": 0.7208451121005992
    }
  ],
  "epoch_20": [
    "out/090_086_class_balanced_loss/fold2/checkpoints/train.21.pth",
    0.777044848705154,
    {
      "epoch_lwlrap": 0.777044848705154,
      "loss": 0.085269995033741,
      "lwlrap": 0.7768346579258604
    }
  ],
  "epoch_21": [
    "out/090_086_class_balanced_loss/fold2/checkpoints/train.22.pth",
    0.7747996523810103,
    {
      "epoch_lwlrap": 0.7747996523810103,
      "loss": 0.08953934162855148,
      "lwlrap": 0.7743059908133385
    }
  ],
  "epoch_22": [
    "out/090_086_class_balanced_loss/fold2/checkpoints/train.23.pth",
    0.7999409305707015,
    {
      "epoch_lwlrap": 0.7999409305707015,
      "loss": 0.07401122711598873,
      "lwlrap": 0.7993247301272097
    }
  ],
  "epoch_23": [
    "out/090_086_class_balanced_loss/fold2/checkpoints/train.24.pth",
    0.8039290120396991,
    {
      "epoch_lwlrap": 0.8039290120396991,
      "loss": 0.07490079291164875,
      "lwlrap": 0.8038966925159181
    }
  ],
  "epoch_24": [
    "out/090_086_class_balanced_loss/fold2/checkpoints/train.25.pth",
    0.8328650441386185,
    {
      "epoch_lwlrap": 0.8328650441386185,
      "loss": 0.06587717961519957,
      "lwlrap": 0.832225872686031
    }
  ],
  "epoch_25": [
    "out/090_086_class_balanced_loss/fold2/checkpoints/train.26.pth",
    0.8335529504422634,
    {
      "epoch_lwlrap": 0.8335529504422634,
      "loss": 0.06232874933630228,
      "lwlrap": 0.8326858366761559
    }
  ],
  "epoch_26": [
    "out/090_086_class_balanced_loss/fold2/checkpoints/train.27.pth",
    0.81790574777216,
    {
      "epoch_lwlrap": 0.81790574777216,
      "loss": 0.0669395700097084,
      "lwlrap": 0.8174997841455043
    }
  ],
  "epoch_27": [
    "out/090_086_class_balanced_loss/fold2/checkpoints/train.28.pth",
    0.8451270633522542,
    {
      "epoch_lwlrap": 0.8451270633522542,
      "loss": 0.06248839758336544,
      "lwlrap": 0.844260824565682
    }
  ],
  "epoch_28": [
    "out/090_086_class_balanced_loss/fold2/checkpoints/train.29.pth",
    0.8557403368472071,
    {
      "epoch_lwlrap": 0.8557403368472071,
      "loss": 0.05737740360200405,
      "lwlrap": 0.8550392418760285
    }
  ],
  "epoch_29": [
    "out/090_086_class_balanced_loss/fold2/checkpoints/train.30.pth",
    0.8555570701563068,
    {
      "epoch_lwlrap": 0.8555570701563068,
      "loss": 0.05702769849449396,
      "lwlrap": 0.8549667190071403
    }
  ],
  "epoch_30": [
    "out/090_086_class_balanced_loss/fold2/checkpoints/train.31.pth",
    0.8633905852417303,
    {
      "epoch_lwlrap": 0.8633905852417303,
      "loss": 0.05673535168170929,
      "lwlrap": 0.8628067889990445
    }
  ],
  "epoch_31": [
    "out/090_086_class_balanced_loss/fold2/checkpoints/train.32.pth",
    0.854732011326025,
    {
      "epoch_lwlrap": 0.854732011326025,
      "loss": 0.058155255392193794,
      "lwlrap": 0.8540580792294805
    }
  ],