{
  "best": {
    "epoch_lwlrap": 0.8747359526827206,
    "loss": 0.22864698701434666,
    "lwlrap": 0.8745479168098217
  },
  "last": {
    "epoch_lwlrap": 0.8328068847080253,
    "loss": 0.2587246114299411,
    "lwlrap": 0.8335381880024736
  },
  "train.52": {
    "epoch_lwlrap": 0.8747359526827206,
    "loss": 0.22864698701434666,
    "lwlrap": 0.8745479168098217
  },
  "epoch_0": [
    "out/099_078_DA_tune/fold1/checkpoints/train.1.pth",
    0.22563131866263617,
    {
      "epoch_lwlrap": 0.22563131866263617,
      "loss": 0.6480150459304689,
      "lwlrap": 0.22513035015620325
    }
  ],
  "epoch_1": [
    "out/099_078_DA_tune/fold1/checkpoints/train.2.pth",
    0.2546900917113006,
    {
      "epoch_lwlrap": 0.2546900917113006,
      "loss": 0.6145353875462971,
      "lwlrap": 0.2546802990304301
    }
  ],
  "epoch_2": [
    "out/099_078_DA_tune/fold1/checkpoints/train.3.pth",
    0.323893455640944,
    {
      "epoch_lwlrap": 0.323893455640944,
      "loss": 0.5857388036591666,
      "lwlrap": 0.32513706552636545
    }
  ],
  "epoch_3": [
    "out/099_078_DA_tune/fold1/checkpoints/train.4.pth",
    0.32672319928688454,
    {
      "epoch_lwlrap": 0.32672319928688454,
      "loss": 0.586207802333529,
      "lwlrap": 0.32753661074924517
    }
  ],
  "epoch_4": [
    "out/099_078_DA_tune/fold1/checkpoints/train.5.pth",
    0.3925071619475602,
    {
      "epoch_lwlrap": 0.3925071619475602,
      "loss": 0.5333751572502983,
      "lwlrap": 0.39515948608622653
    }
  ],
  "epoch_5": [
    "out/099_078_DA_tune/fold1/checkpoints/train.6.pth",
    0.5046920455991475,
    {
      "epoch_lwlrap": 0.5046920455991475,
      "loss": 0.5187862354611594,
      "lwlrap": 0.5066280087762879
    }
  ],
  "epoch_6": [
    "out/099_078_DA_tune/fold1/checkpoints/train.7.pth",
    0.5172700761004319,
    {
      "epoch_lwlrap": 0.5172700761004319,
      "loss": 0.48731265370807947,
      "lwlrap": 0.5189680998011024
    }
  ],
  "epoch_7": [
    "out/099_078_DA_tune/fold1/checkpoints/train.8.pth",
    0.5555298788663807,
    {
      "epoch_lwlrap": 0.5555298788663807,
      "loss": 0.4724490756080264,
      "lwlrap": 0.5582816908885846
    }
  ],
  "epoch_8": [
    "out/099_078_DA_tune/fold1/checkpoints/train.9.pth",
    0.5688741338931453,
    {
      "epoch_lwlrap": 0.5688741338931453,
      "loss": 0.4634379687763396,
      "lwlrap": 0.571739670824911
    }
  ],
  "epoch_9": [
    "out/099_078_DA_tune/fold1/checkpoints/train.10.pth",
    0.5888636746237176,
    {
      "epoch_lwlrap": 0.5888636746237176,
      "loss": 0.45330921146604747,
      "lwlrap": 0.5911464101992668
    }
  ],
  "epoch_10": [
    "out/099_078_DA_tune/fold1/checkpoints/train.11.pth",
    0.5646746190658407,
    {
      "epoch_lwlrap": 0.5646746190658407,
      "loss": 0.45942896935674876,
      "lwlrap": 0.5667934819064293
    }
  ],
  "epoch_11": [
    "out/099_078_DA_tune/fold1/checkpoints/train.12.pth",
    0.5886748425432505,
    {
      "epoch_lwlrap": 0.5886748425432505,
      "loss": 0.4546816036814735,
      "lwlrap": 0.5913970916709596
    }
  ],
  "epoch_12": [
    "out/099_078_DA_tune/fold1/checkpoints/train.13.pth",
    0.5830381046300304,
    {
      "epoch_lwlrap": 0.5830381046300304,
      "loss": 0.4566347665256924,
      "lwlrap": 0.5857639624044797
    }
  ],
  "epoch_13": [
    "out/099_078_DA_tune/fold1/checkpoints/train.14.pth",
    0.5936391238672607,
    {
      "epoch_lwlrap": 0.5936391238672607,
      "loss": 0.4570464529688396,
      "lwlrap": 0.5959437527207059
    }
  ],
  "epoch_14": [
    "out/099_078_DA_tune/fold1/checkpoints/train.15.pth",
    0.5929761092308621,
    {
      "epoch_lwlrap": 0.5929761092308621,
      "loss": 0.43889895601878093,
      "lwlrap": 0.5956480719291652
    }
  ],
  "epoch_15": [
    "out/099_078_DA_tune/fold1/checkpoints/train.16.pth",
    0.6241100189004801,
    {
      "epoch_lwlrap": 0.6241100189004801,
      "loss": 0.41676971647474503,
      "lwlrap": 0.6263999406155121
    }
  ],
  "epoch_16": [
    "out/099_078_DA_tune/fold1/checkpoints/train.17.pth",
    0.6160722463003832,
    {
      "epoch_lwlrap": 0.6160722463003832,
      "loss": 0.5178330696764446,
      "lwlrap": 0.6181564189358973
    }
  ],
  "epoch_17": [
    "out/099_078_DA_tune/fold1/checkpoints/train.18.pth",
    0.6705569002929772,
    {
      "epoch_lwlrap": 0.6705569002929772,
      "loss": 0.4206615080909124,
      "lwlrap": 0.6732667993384148
    }
  ],
  "epoch_18": [
    "out/099_078_DA_tune/fold1/checkpoints/train.19.pth",
    0.7197796531111225,
    {
      "epoch_lwlrap": 0.7197796531111225,
      "loss": 0.3720811227011302,
      "lwlrap": 0.7207988173778656
    }
  ],
  "epoch_19": [
    "out/099_078_DA_tune/fold1/checkpoints/train.20.pth",
    0.7275313564762235,
    {
      "epoch_lwlrap": 0.7275313564762235,
      "loss": 0.3633197645346324,
      "lwlrap": 0.7300561199040034
    }
  ],
  "epoch_20": [
    "out/099_078_DA_tune/fold1/checkpoints/train.21.pth",
    0.7424329261781734,
    {
      "epoch_lwlrap": 0.7424329261781734,
      "loss": 0.3478595439403776,
      "lwlrap": 0.7444556367776666
    }
  ],
  "epoch_21": [
    "out/099_078_DA_tune/fold1/checkpoints/train.22.pth",
    0.7653990074142165,
    {
      "epoch_lwlrap": 0.7653990074142165,
      "loss": 0.32247675080147997,
      "lwlrap": 0.7662068017226749
    }
  ],
  "epoch_22": [
    "out/099_078_DA_tune/fold1/checkpoints/train.23.pth",
    0.7860220894441428,
    {
      "epoch_lwlrap": 0.7860220894441428,
      "loss": 0.31759203237200545,
      "lwlrap": 0.7868778487826107
    }
  ],
  "epoch_23": [
    "out/099_078_DA_tune/fold1/checkpoints/train.24.pth",
    0.8048690747359949,
    {
      "epoch_lwlrap": 0.8048690747359949,
      "loss": 0.29944393322581336,
      "lwlrap": 0.8050862560216301
    }
  ],
  "epoch_24": [
    "out/099_078_DA_tune/fold1/checkpoints/train.25.pth",
    0.8266855134725857,
    {
      "epoch_lwlrap": 0.8266855134725857,
      "loss": 0.2961550572561839,
      "lwlrap": 0.8266213724547059
    }
  ],
  "epoch_25": [
    "out/099_078_DA_tune/fold1/checkpoints/train.26.pth",
    0.8411839744539364,
    {
      "epoch_lwlrap": 0.8411839744539364,
      "loss": 0.25530044829088544,
      "lwlrap": 0.8413198705007096
    }
  ],
  "epoch_26": [
    "out/099_078_DA_tune/fold1/checkpoints/train.27.pth",
    0.8341693688651863,
    {
      "epoch_lwlrap": 0.8341693688651863,
      "loss": 0.266475063704309,
      "lwlrap": 0.8347743987766664
    }
  ],
  "epoch_27": [
    "out/099_078_DA_tune/fold1/checkpoints/train.28.pth",
    0.8653194080950735,
    {
      "epoch_lwlrap": 0.8653194080950735,
      "loss": 0.2304247525476274,
      "lwlrap": 0.8656176275223895
    }
  ],
  "epoch_28": [
    "out/099_078_DA_tune/fold1/checkpoints/train.29.pth",
    0.8597093970668115,
    {
      "epoch_lwlrap": 0.8597093970668115,
      "loss": 0.23460509923715442,
      "lwlrap": 0.8598996184171922
    }
  ],
  "epoch_29": [
    "out/099_078_DA_tune/fold1/checkpoints/train.30.pth",
    0.8567036892131948,
    {
      "epoch_lwlrap": 0.8567036892131948,
      "loss": 0.23969116215668027,
      "lwlrap": 0.856399706994945
    }
  ],
  "epoch_30": [
    "out/099_078_DA_tune/fold1/checkpoints/train.31.pth",
    0.8505566676669338,
    {
      "epoch_lwlrap": 0.8505566676669338,
      "loss": 0.23427590633195544,
      "lwlrap": 0.850649079022095
    }
  ],
  "epoch_31": [
    "out/099_078_DA_tune/fold1/checkpoints/train.32.pth",
    0.8627211824930456,
    {
      "epoch_lwlrap": 0.8627211824930456,
      "loss": 0.24229014960546344,
      "lwlrap": 0.8626543823397564
    }
  ],
  "epoch_32": [
    "out/099_078_DA_tune/fold1/checkpoints/train.33.pth",
    0.8653584058527024,
    {
      "epoch_lwlrap": 0.8653584058527024,
      "loss": 0.2294254887198645,
      "lwlrap": 0.8656525720017783
    }
  ],
  "epoch_33": [
    "out/099_078_DA_tune/fold1/checkpoints/train.34.pth",
    0.850336608891742,
    {
      "epoch_lwlrap": 0.850336608891742,