{
    "best": {
        "lwlrap": 0.4818802739940079,
        "loss": 0.1956936933777549,
        "epoch": 14
    },
    "last": {
        "lwlrap": 0.457454144615813,
        "loss": 0.20909396220337262,
        "epoch": 22
    },
    "epoch_1": {
        "lwlrap": 0.2074405453648699,
        "loss": 0.4253674501722509
    },
    "epoch_2": {
        "lwlrap": 0.2523424579600874,
        "loss": 0.31520459868691186
    },
    "epoch_3": {
        "lwlrap": 0.31625970166280526,
        "loss": 0.2492283352396705
    },
    "epoch_4": {
        "lwlrap": 0.308559465018291,
        "loss": 0.2530842409892516
    },
    "epoch_5": {
        "lwlrap": 0.3372893581352905,
        "loss": 0.2341660355979746
    },
    "epoch_6": {
        "lwlrap": 0.39353890661581287,
        "loss": 0.21277187358249317
    },
    "epoch_7": {
        "lwlrap": 0.4508639079991661,
        "loss": 0.20909871025518936
    },
    "epoch_8": {
        "lwlrap": 0.4798989134213161,
        "loss": 0.2073484347625212
    },
    "epoch_9": {
        "lwlrap": 0.4663475644050046,
        "loss": 0.20843652839010413
    },
    "epoch_10": {
        "lwlrap": 0.4654573662052834,
        "loss": 0.2068640183318745
    },
    "epoch_11": {
        "lwlrap": 0.46239427144391854,
        "loss": 0.2072136022827842
    },
    "epoch_12": {
        "lwlrap": 0.475964180003564,
        "loss": 0.20397235182198611
    },
    "epoch_13": {
        "lwlrap": 0.48104989060695214,
        "loss": 0.20245794545520435
    },
    "epoch_14": {
        "lwlrap": 0.4818802739940079,
        "loss": 0.1956936933777549
    },
    "epoch_15": {
        "lwlrap": 0.4758487761118676,
        "loss": 0.198251487179236
    },
    "epoch_16": {
        "lwlrap": 0.4460783745332769,
        "loss": 0.20176295123317026
    },
    "epoch_17": {
        "lwlrap": 0.42469571946528184,
        "loss": 0.21274506774815646
    },
    "epoch_18": {
        "lwlrap": 0.4542327339098793,
        "loss": 0.21801818771795792
    },
    "epoch_19": {
        "lwlrap": 0.41367091093133534,
        "loss": 0.2630082802339034
    },
    "epoch_20": {
        "lwlrap": 0.4124712537880369,
        "loss": 0.24406525086272846
    },
    "epoch_21": {
        "lwlrap": 0.41133649397879823,
        "loss": 0.2242115857926282
    },
    "epoch_22": {
        "lwlrap": 0.457454144615813,
        "loss": 0.20909396220337262
    }
}