{
    "best": {
        "lwlrap": 0.8058251673420213,
        "loss": 0.8354996099420215,
        "epoch": 46
    },
    "last": {
        "lwlrap": 0.7837052928345063,
        "loss": 0.766848263533219,
        "epoch": 50
    },
    "epoch_1": {
        "lwlrap": 0.225758892814803,
        "loss": 0.5092972827994305
    },
    "epoch_2": {
        "lwlrap": 0.30986300076183365,
        "loss": 0.6958492812903031
    },
    "epoch_3": {
        "lwlrap": 0.38654711072506837,
        "loss": 0.5786484415116517
    },
    "epoch_4": {
        "lwlrap": 0.36843311904774834,
        "loss": 0.6024168801048527
    },
    "epoch_5": {
        "lwlrap": 0.49619941544098844,
        "loss": 0.6044780560161757
    },
    "epoch_6": {
        "lwlrap": 0.5187784749582502,
        "loss": 0.5598525074513062
    },
    "epoch_7": {
        "lwlrap": 0.6051108613608613,
        "loss": 0.5011917164792186
    },
    "epoch_8": {
        "lwlrap": 0.6031272800233474,
        "loss": 0.5022141019935193
    },
    "epoch_9": {
        "lwlrap": 0.6482590755062665,
        "loss": 0.5333167521849923
    },
    "epoch_10": {
        "lwlrap": 0.6702583621122946,
        "loss": 0.5201112245735915
    },
    "epoch_11": {
        "lwlrap": 0.6727665904632196,
        "loss": 0.5169876982336459
    },
    "epoch_12": {
        "lwlrap": 0.6693289232615075,
        "loss": 0.5195931824653045
    },
    "epoch_13": {
        "lwlrap": 0.678402200171863,
        "loss": 0.5239968915348467
    },
    "epoch_14": {
        "lwlrap": 0.6791490344861131,
        "loss": 0.5840700923100762
    },
    "epoch_15": {
        "lwlrap": 0.6637258029111961,
        "loss": 0.5540739505187325
    },
    "epoch_16": {
        "lwlrap": 0.639664767192857,
        "loss": 0.5731005150338878
    },
    "epoch_17": {
        "lwlrap": 0.596025525660357,
        "loss": 0.5327560908120611
    },
    "epoch_18": {
        "lwlrap": 0.6725735484864698,
        "loss": 0.5051062826229178
    },
    "epoch_19": {
        "lwlrap": 0.611749517648394,
        "loss": 0.6944522903017376
    },
    "epoch_20": {
        "lwlrap": 0.6342832417270619,
        "loss": 0.659534457585086
    },
    "epoch_21": {
        "lwlrap": 0.6248893662517258,
        "loss": 0.8500805704489999
    },
    "epoch_22": {
        "lwlrap": 0.7238606586921194,
        "loss": 0.6630472158608229
    },
    "epoch_23": {
        "lwlrap": 0.6965088906100142,
        "loss": 0.7557737101679263
    },
    "epoch_24": {
        "lwlrap": 0.7686660561660561,
        "loss": 0.601930519161017
    },
    "epoch_25": {
        "lwlrap": 0.7372672349498193,
        "loss": 0.7206300788599512
    },
    "epoch_26": {
        "lwlrap": 0.7839932227572676,
        "loss": 0.7233194844878238
    },
    "epoch_27": {
        "lwlrap": 0.7859706616729089,
        "loss": 0.7338458046964977
    },
    "epoch_28": {
        "lwlrap": 0.7888707110617222,
        "loss": 0.6963739699643591
    },
    "epoch_29": {
        "lwlrap": 0.7970596818911426,
        "loss": 0.7267772458169771
    },
    "epoch_30": {
        "lwlrap": 0.8013667979960114,
        "loss": 0.7506350699974143
    },
    "epoch_31": {
        "lwlrap": 0.8032970774543808,
        "loss": 0.7445919967215994
    },
    "epoch_32": {
        "lwlrap": 0.7970400230231691,
        "loss": 0.7566916463167771
    },
    "epoch_33": {
        "lwlrap": 0.7987497365306354,
        "loss": 0.7594394528347513
    },
    "epoch_34": {
        "lwlrap": 0.7957608792580702,
        "loss": 0.8939066840254742
    },
    "epoch_35": {
        "lwlrap": 0.7704900124843945,
        "loss": 0.8023790950360505
    },
    "epoch_36": {
        "lwlrap": 0.7440967272427946,
        "loss": 0.736931403046069
    },
    "epoch_37": {
        "lwlrap": 0.7100741175179377,
        "loss": 0.8247085012819456
    },
    "epoch_38": {
        "lwlrap": 0.7003942530627923,
        "loss": 0.5848616549502248
    },
    "epoch_39": {
        "lwlrap": 0.7517990904226859,
        "loss": 0.7316589504480362
    },
    "epoch_40": {
        "lwlrap": 0.7278337143505682,
        "loss": 0.4850121762441552
    },
    "epoch_41": {
        "lwlrap": 0.7694374133980875,
        "loss": 0.62612201143866
    },
    "epoch_42": {
        "lwlrap": 0.7634713133308639,
        "loss": 0.7174936209035956
    },
    "epoch_43": {
        "lwlrap": 0.7398226461428707,
        "loss": 0.6369770078555398
    },
    "epoch_44": {
        "lwlrap": 0.7639869805600142,
        "loss": 0.7906056480563205
    },
    "epoch_45": {
        "lwlrap": 0.7888547625907176,
        "loss": 0.7634928291258605
    },
    "epoch_46": {
        "lwlrap": 0.8058251673420213,
        "loss": 0.8354996099420215
    },
    "epoch_47": {
        "lwlrap": 0.796290756684015,
        "loss": 0.6967956294184146
    },
    "epoch_48": {
        "lwlrap": 0.788173468229648,
        "loss": 0.7571147317471711
    },
    "epoch_49": {
        "lwlrap": 0.7843375179751584,
        "loss": 0.7818723962358807
    },
    "epoch_50": {
        "lwlrap": 0.7837052928345063,
        "loss": 0.766848263533219
    }
}