{
    "best": {
        "lwlrap": 0.8528894623321868,
        "loss": 0.33104795643261503,
        "epoch": 47
    },
    "last": {
        "lwlrap": 0.8520481439138847,
        "loss": 0.33933277641023907,
        "epoch": 70
    },
    "epoch_1": {
        "lwlrap": 0.19911933056263106,
        "loss": 0.7392829656600952
    },
    "epoch_2": {
        "lwlrap": 0.2814230232813656,
        "loss": 0.5960711581366402
    },
    "epoch_3": {
        "lwlrap": 0.33587041439223475,
        "loss": 0.5542827078274318
    },
    "epoch_4": {
        "lwlrap": 0.40258365764656195,
        "loss": 0.5326982821737017
    },
    "epoch_5": {
        "lwlrap": 0.4714812231601068,
        "loss": 0.4818043495927538
    },
    "epoch_6": {
        "lwlrap": 0.4938095896733499,
        "loss": 0.4781703736100878
    },
    "epoch_7": {
        "lwlrap": 0.5720496930756506,
        "loss": 0.4101590173585074
    },
    "epoch_8": {
        "lwlrap": 0.6591132714778969,
        "loss": 0.37840896419116427
    },
    "epoch_9": {
        "lwlrap": 0.691007483081445,
        "loss": 0.35785662276404245
    },
    "epoch_10": {
        "lwlrap": 0.7099584487691905,
        "loss": 0.347351257290159
    },
    "epoch_11": {
        "lwlrap": 0.7027220237018831,
        "loss": 0.34464547463825773
    },
    "epoch_12": {
        "lwlrap": 0.7087058341412057,
        "loss": 0.33822076661246164
    },
    "epoch_13": {
        "lwlrap": 0.7338872796593385,
        "loss": 0.34405105880328585
    },
    "epoch_14": {
        "lwlrap": 0.6985419828953565,
        "loss": 0.3569079509803227
    },
    "epoch_15": {
        "lwlrap": 0.7080317014140542,
        "loss": 0.34027524079595295
    },
    "epoch_16": {
        "lwlrap": 0.703784165181224,
        "loss": 0.38156984959329876
    },
    "epoch_17": {
        "lwlrap": 0.703175752624282,
        "loss": 0.3588798812457493
    },
    "epoch_18": {
        "lwlrap": 0.73999069621907,
        "loss": 0.3461394991193499
    },
    "epoch_19": {
        "lwlrap": 0.6717989906895616,
        "loss": 0.4011309551341193
    },
    "epoch_20": {
        "lwlrap": 0.6676379239340221,
        "loss": 0.43865070172718595
    },
    "epoch_21": {
        "lwlrap": 0.5984806106590618,
        "loss": 0.48840332456997465
    },
    "epoch_22": {
        "lwlrap": 0.789266518010713,
        "loss": 0.2941721166883196
    },
    "epoch_23": {
        "lwlrap": 0.7885397370475224,
        "loss": 0.3509958194834845
    },
    "epoch_24": {
        "lwlrap": 0.805838889134925,
        "loss": 0.2807407570736749
    },
    "epoch_25": {
        "lwlrap": 0.8291736018078729,
        "loss": 0.2799886039325169
    },
    "epoch_26": {
        "lwlrap": 0.8297932595726714,
        "loss": 0.2856464130537851
    },
    "epoch_27": {
        "lwlrap": 0.8416232528364882,
        "loss": 0.2741827666759491
    },
    "epoch_28": {
        "lwlrap": 0.8420346674023145,
        "loss": 0.2823498972824642
    },
    "epoch_29": {
        "lwlrap": 0.8460710041592394,
        "loss": 0.2724092922040394
    },
    "epoch_30": {
        "lwlrap": 0.8440184407096172,
        "loss": 0.28096425213984083
    },
    "epoch_31": {
        "lwlrap": 0.8433182150093915,
        "loss": 0.281825381730284
    },
    "epoch_32": {
        "lwlrap": 0.8468834542363954,
        "loss": 0.27674142377717154
    },
    "epoch_33": {
        "lwlrap": 0.844536799200112,
        "loss": 0.28975585315908703
    },
    "epoch_34": {
        "lwlrap": 0.8525165194282842,
        "loss": 0.2827382598604475
    },
    "epoch_35": {
        "lwlrap": 0.8285862736907629,
        "loss": 0.31364237729992184
    },
    "epoch_36": {
        "lwlrap": 0.7948181801100214,
        "loss": 0.36682184253420147
    },
    "epoch_37": {
        "lwlrap": 0.8351851030620836,
        "loss": 0.2973830657345908
    },
    "epoch_38": {
        "lwlrap": 0.7507230884558558,
        "loss": 0.3581032412392752
    },
    "epoch_39": {
        "lwlrap": 0.8029301396732192,
        "loss": 0.316270649433136
    },
    "epoch_40": {
        "lwlrap": 0.7658015591862628,
        "loss": 0.40251213737896513
    },
    "epoch_41": {
        "lwlrap": 0.7859835266325037,
        "loss": 0.37163835551057545
    },
    "epoch_42": {
        "lwlrap": 0.8122352000812209,
        "loss": 0.3201440828187125
    },
    "epoch_43": {
        "lwlrap": 0.7994306843355287,
        "loss": 0.3458084613084793
    },
    "epoch_44": {
        "lwlrap": 0.8230864673395634,
        "loss": 0.3684395147221429
    },
    "epoch_45": {
        "lwlrap": 0.8338578811682527,
        "loss": 0.33033264109066557
    },
    "epoch_46": {
        "lwlrap": 0.8438398543177955,
        "loss": 0.2880605288914272
    },
    "epoch_47": {
        "lwlrap": 0.8528894623321868,
        "loss": 0.33104795643261503
    },
    "epoch_48": {
        "lwlrap": 0.8406846645600972,
        "loss": 0.32503235978739603
    },
    "epoch_49": {
        "lwlrap": 0.8379937872584932,
        "loss": 0.33256183351789204
    },
    "epoch_50": {
        "lwlrap": 0.8409135662812134,
        "loss": 0.3296038529702595
    },
    "epoch_51": {
        "lwlrap": 0.8422771672771673,
        "loss": 0.33335779181548525
    },
    "epoch_52": {
        "lwlrap": 0.8377846758361465,
        "loss": 0.33515710064343046
    },
    "epoch_53": {
        "lwlrap": 0.8444308278867103,
        "loss": 0.3301863521337509
    },
    "epoch_54": {
        "lwlrap": 0.8302972150398621,
        "loss": 0.3514694294759205
    },
    "epoch_55": {
        "lwlrap": 0.8340870546536637,
        "loss": 0.3574389900479998
    },
    "epoch_56": {
        "lwlrap": 0.8275022839361075,
        "loss": 0.34777345827647616
    },
    "epoch_57": {
        "lwlrap": 0.8322751322751323,
        "loss": 0.3066508833851133
    },
    "epoch_58": {
        "lwlrap": 0.787323957360722,
        "loss": 0.3809610477515629
    },
    "epoch_59": {
        "lwlrap": 0.8056774423260491,
        "loss": 0.3357812166213989
    },
    "epoch_60": {
        "lwlrap": 0.8437910265116149,
        "loss": 0.2894114149468286
    },
    "epoch_61": {
        "lwlrap": 0.7903671758912152,
        "loss": 0.4049476172242846
    },
    "epoch_62": {
        "lwlrap": 0.800478776397894,
        "loss": 0.38662219260420116
    },
    "epoch_63": {
        "lwlrap": 0.8201497072388076,
        "loss": 0.34763479445661816
    },
    "epoch_64": {
        "lwlrap": 0.8133370324063048,
        "loss": 0.3731252242411886
    },
    "epoch_65": {
        "lwlrap": 0.8497726961206975,
        "loss": 0.34958804718085695
    },
    "epoch_66": {
        "lwlrap": 0.8431708355856963,
        "loss": 0.36436112437929424
    },
    "epoch_67": {
        "lwlrap": 0.8499684201646107,
        "loss": 0.3526897302695683
    },
    "epoch_68": {
        "lwlrap": 0.8435683343287833,
        "loss": 0.3559048239673887
    },
    "epoch_69": {
        "lwlrap": 0.8478182759188784,
        "loss": 0.33871633878776003
    },
    "epoch_70": {
        "lwlrap": 0.8520481439138847,
        "loss": 0.33933277641023907
    }
}