{
    "blend": [
        0.9232051282051281,
        0.8163026315789474,
        0.9544172932330826,
        0.5683884415264753,
        0.8003174603174602,
        0.9051365301365301,
        0.99,
        0.7523823137030685,
        0.8633986928104574,
        0.8810810810810811,
        0.9298571428571429,
        0.906388888888889,
        0.8696666666666667,
        0.9416666666666665,
        0.9063958916900093,
        0.9150326797385621,
        0.9047619047619048,
        0.9183433936955065,
        0.791047619047619,
        0.9444444444444444,
        0.89875,
        0.7549019607843137,
        0.9777777777777777,
        0.9466510903426791
    ],
    "015_focal": [
        0.9132051282051282,
        0.8111915204678363,
        0.9404239766081872,
        0.5814162941769695,
        0.8218730158730158,
        0.8717948717948717,
        0.99,
        0.7366590432628168,
        0.9133986928104576,
        0.8743243243243244,
        0.9281904761904762,
        0.896388888888889,
        0.8573333333333335,
        0.9416666666666665,
        0.8867880485527544,
        0.9019607843137255,
        0.9159523809523811,
        0.9233176838810642,
        0.7900476190476191,
        0.9433333333333334,
        0.9112500000000001,
        0.772875816993464,
        1.0,
        0.9404205607476636
    ],
    "009_weak": [
        0.9326666666666666,
        0.8083026315789473,
        0.8741228070175439,
        0.5811320754716981,
        0.8078863636363636,
        0.9012820512820513,
        0.99,
        0.7207210242587602,
        0.8349673202614379,
        0.8588357588357588,
        0.9126666666666666,
        0.8655555555555555,
        0.8776904761904762,
        0.9406666666666667,
        0.9042483660130719,
        0.8297715164497171,
        0.8663809523809525,
        0.8984810825738746,
        0.799888888888889,
        0.9240740740740742,
        0.8768560606060605,
        0.7849673202614379,
        0.9740740740740741,
        0.9273704488657759
    ]
}