{
    "best": {
        "lwlrap": 0.824502199869847,
        "loss": 0.1763749596747485,
        "epoch": 49
    },
    "last": {
        "lwlrap": 0.781857086268851,
        "loss": 0.19173770872029391,
        "epoch": 55
    },
    "epoch_1": {
        "lwlrap": 0.25105878085279165,
        "loss": 0.43754412911155005
    },
    "epoch_2": {
        "lwlrap": 0.4119981445322121,
        "loss": 0.2727720791643316
    },
    "epoch_3": {
        "lwlrap": 0.46888328237532073,
        "loss": 0.254324734210968
    },
    "epoch_4": {
        "lwlrap": 0.5225310365016247,
        "loss": 0.235545967112888
    },
    "epoch_5": {
        "lwlrap": 0.5882518985243899,
        "loss": 0.21941294724291022
    },
    "epoch_6": {
        "lwlrap": 0.6340084343760815,
        "loss": 0.20644777877764267
    },
    "epoch_7": {
        "lwlrap": 0.7357748913135742,
        "loss": 0.1831024248491634
    },
    "epoch_8": {
        "lwlrap": 0.7250476146373979,
        "loss": 0.18057577176527542
    },
    "epoch_9": {
        "lwlrap": 0.7396874138360207,
        "loss": 0.17746108905835586
    },
    "epoch_10": {
        "lwlrap": 0.7399526263496852,
        "loss": 0.17749937217343936
    },
    "epoch_11": {
        "lwlrap": 0.7374521312021312,
        "loss": 0.179037598723715
    },
    "epoch_12": {
        "lwlrap": 0.7310999185999186,
        "loss": 0.17920660227537155
    },
    "epoch_13": {
        "lwlrap": 0.7341210260327906,
        "loss": 0.17767054790800269
    },
    "epoch_14": {
        "lwlrap": 0.7331774162656516,
        "loss": 0.18483254516666586
    },
    "epoch_15": {
        "lwlrap": 0.7335526129643777,
        "loss": 0.1892020282420245
    },
    "epoch_16": {
        "lwlrap": 0.7200988894003599,
        "loss": 0.20802035250447012
    },
    "epoch_17": {
        "lwlrap": 0.6594670710940516,
        "loss": 0.23966604742136868
    },
    "epoch_18": {
        "lwlrap": 0.7238562635621459,
        "loss": 0.1802118163217198
    },
    "epoch_19": {
        "lwlrap": 0.6533701340470371,
        "loss": 0.2278549928556789
    },
    "epoch_20": {
        "lwlrap": 0.6986000743137422,
        "loss": 0.23609898036176508
    },
    "epoch_21": {
        "lwlrap": 0.7259325729697702,
        "loss": 0.1948643164201216
    },
    "epoch_22": {
        "lwlrap": 0.751496589777982,
        "loss": 0.19756570593877273
    },
    "epoch_23": {
        "lwlrap": 0.7592748210395269,
        "loss": 0.1845647536895492
    },
    "epoch_24": {
        "lwlrap": 0.7715390861288693,
        "loss": 0.18316007202321832
    },
    "epoch_25": {
        "lwlrap": 0.7810188537913452,
        "loss": 0.16669350659305399
    },
    "epoch_26": {
        "lwlrap": 0.8014800150829562,
        "loss": 0.1595731262456287
    },
    "epoch_27": {
        "lwlrap": 0.8012859689330276,
        "loss": 0.1635218086567792
    },
    "epoch_28": {
        "lwlrap": 0.8032889496124789,
        "loss": 0.16397026723081415
    },
    "epoch_29": {
        "lwlrap": 0.805281156751745,
        "loss": 0.16047817739573392
    },
    "epoch_30": {
        "lwlrap": 0.8046565634800928,
        "loss": 0.1597038141705773
    },
    "epoch_31": {
        "lwlrap": 0.8019082633053222,
        "loss": 0.16109838539903815
    },
    "epoch_32": {
        "lwlrap": 0.8081443474825827,
        "loss": 0.16004548425024206
    },
    "epoch_33": {
        "lwlrap": 0.7986093427269898,
        "loss": 0.1653121770782904
    },
    "epoch_34": {
        "lwlrap": 0.7929592670401493,
        "loss": 0.17618776857852936
    },
    "epoch_35": {
        "lwlrap": 0.7882568684039272,
        "loss": 0.17674767361445862
    },
    "epoch_36": {
        "lwlrap": 0.7948353117470764,
        "loss": 0.18717306107282639
    },
    "epoch_37": {
        "lwlrap": 0.7573936500190825,
        "loss": 0.1907637728886171
    },
    "epoch_38": {
        "lwlrap": 0.7638849984438221,
        "loss": 0.19392144002697684
    },
    "epoch_39": {
        "lwlrap": 0.7653876828509181,
        "loss": 0.19019838219339197
    },
    "epoch_40": {
        "lwlrap": 0.7607272803263971,
        "loss": 0.18387785215269437
    },
    "epoch_41": {
        "lwlrap": 0.7571079675642824,
        "loss": 0.18295969339934262
    },
    "epoch_42": {
        "lwlrap": 0.749192487795429,
        "loss": 0.19630824774503708
    },
    "epoch_43": {
        "lwlrap": 0.7470909197012139,
        "loss": 0.21069801395589655
    },
    "epoch_44": {
        "lwlrap": 0.7570932106535823,
        "loss": 0.1899830854751847
    },
    "epoch_45": {
        "lwlrap": 0.778302271200878,
        "loss": 0.19429047473452307
    },
    "epoch_46": {
        "lwlrap": 0.7971113445378151,
        "loss": 0.18341795287349008
    },
    "epoch_47": {
        "lwlrap": 0.8034957417310358,
        "loss": 0.17899295755408026
    },
    "epoch_48": {
        "lwlrap": 0.8136322963528846,
        "loss": 0.17114643888040024
    },
    "epoch_49": {
        "lwlrap": 0.824502199869847,
        "loss": 0.1763749596747485
    },
    "epoch_50": {
        "lwlrap": 0.8073137374607963,
        "loss": 0.1771098090843721
    },
    "epoch_51": {
        "lwlrap": 0.8142604263927793,
        "loss": 0.17949181659655136
    },
    "epoch_52": {
        "lwlrap": 0.8131847183317771,
        "loss": 0.17637282542207025
    },
    "epoch_53": {
        "lwlrap": 0.806128600430071,
        "loss": 0.17962146414951843
    },
    "epoch_54": {
        "lwlrap": 0.7943821973233738,
        "loss": 0.18536447394977917
    },
    "epoch_55": {
        "lwlrap": 0.781857086268851,
        "loss": 0.19173770872029391
    }
}