{
  "best": {
    "epoch_lwlrap": 0.8412514426213056,
    "loss": 0.1479982584034471,
    "lwlrap": 0.8412514426213056
  },
  "last": {
    "epoch_lwlrap": 0.8049621335803585,
    "loss": 0.16962952367519135,
    "lwlrap": 0.8049621335803587
  },
  "train.54": {
    "epoch_lwlrap": 0.8412514426213056,
    "loss": 0.1479982584034471,
    "lwlrap": 0.8412514426213056
  },
  "epoch_0": [
    "out/092_091_change_additional_label_value/fold4/checkpoints/train.1.pth",
    0.24299848416668007,
    {
      "epoch_lwlrap": 0.24299848416668007,
      "loss": 0.2532573026609203,
      "lwlrap": 0.24299848416668005
    }
  ],
  "epoch_1": [
    "out/092_091_change_additional_label_value/fold4/checkpoints/train.2.pth",
    0.29731045983325555,
    {
      "epoch_lwlrap": 0.29731045983325555,
      "loss": 0.23660446356420647,
      "lwlrap": 0.29731045983325555
    }
  ],
  "epoch_2": [
    "out/092_091_change_additional_label_value/fold4/checkpoints/train.3.pth",
    0.3275976529427693,
    {
      "epoch_lwlrap": 0.3275976529427693,
      "loss": 0.23093067633506914,
      "lwlrap": 0.3275976529427693
    }
  ],
  "epoch_3": [
    "out/092_091_change_additional_label_value/fold4/checkpoints/train.4.pth",
    0.39276257474283266,
    {
      "epoch_lwlrap": 0.39276257474283266,
      "loss": 0.21363483430588082,
      "lwlrap": 0.39276257474283255
    }
  ],
  "epoch_4": [
    "out/092_091_change_additional_label_value/fold4/checkpoints/train.5.pth",
    0.5418453457635568,
    {
      "epoch_lwlrap": 0.5418453457635568,
      "loss": 0.1870247390988755,
      "lwlrap": 0.5418453457635569
    }
  ],
  "epoch_5": [
    "out/092_091_change_additional_label_value/fold4/checkpoints/train.6.pth",
    0.6556043651934063,
    {
      "epoch_lwlrap": 0.6556043651934063,
      "loss": 0.16023218672569484,
      "lwlrap": 0.6556043651934063
    }
  ],
  "epoch_6": [
    "out/092_091_change_additional_label_value/fold4/checkpoints/train.7.pth",
    0.6887678888309746,
    {
      "epoch_lwlrap": 0.6887678888309746,
      "loss": 0.15083912627337728,
      "lwlrap": 0.6887678888309747
    }
  ],
  "epoch_7": [
    "out/092_091_change_additional_label_value/fold4/checkpoints/train.8.pth",
    0.7147383185054417,
    {
      "epoch_lwlrap": 0.7147383185054417,
      "loss": 0.14565420899216988,
      "lwlrap": 0.7147383185054418
    }
  ],
  "epoch_8": [
    "out/092_091_change_additional_label_value/fold4/checkpoints/train.9.pth",
    0.7511589311246845,
    {
      "epoch_lwlrap": 0.7511589311246845,
      "loss": 0.1285159399384233,
      "lwlrap": 0.7511589311246846
    }
  ],
  "epoch_9": [
    "out/092_091_change_additional_label_value/fold4/checkpoints/train.10.pth",
    0.7526572272744714,
    {
      "epoch_lwlrap": 0.7526572272744714,
      "loss": 0.12650782808865588,
      "lwlrap": 0.7526572272744714
    }
  ],
  "epoch_10": [
    "out/092_091_change_additional_label_value/fold4/checkpoints/train.11.pth",
    0.7530376840308347,
    {
      "epoch_lwlrap": 0.7530376840308347,
      "loss": 0.12872245628811996,
      "lwlrap": 0.7530376840308347
    }
  ],
  "epoch_11": [
    "out/092_091_change_additional_label_value/fold4/checkpoints/train.12.pth",
    0.7561574650615746,
    {
      "epoch_lwlrap": 0.7561574650615746,
      "loss": 0.12860422550815426,
      "lwlrap": 0.7561574650615747
    }
  ],
  "epoch_12": [
    "out/092_091_change_additional_label_value/fold4/checkpoints/train.13.pth",
    0.766936652895557,
    {
      "epoch_lwlrap": 0.766936652895557,
      "loss": 0.12288149959964839,
      "lwlrap": 0.766936652895557
    }
  ],
  "epoch_13": [
    "out/092_091_change_additional_label_value/fold4/checkpoints/train.14.pth",
    0.7785857932916755,
    {
      "epoch_lwlrap": 0.7785857932916755,
      "loss": 0.11712820940229991,
      "lwlrap": 0.7785857932916757
    }
  ],
  "epoch_14": [
    "out/092_091_change_additional_label_value/fold4/checkpoints/train.15.pth",
    0.7697257796371414,
    {
      "epoch_lwlrap": 0.7697257796371414,
      "loss": 0.12617601001779782,
      "lwlrap": 0.7697257796371415
    }
  ],
  "epoch_15": [
    "out/092_091_change_additional_label_value/fold4/checkpoints/train.16.pth",
    0.7613182733045746,
    {
      "epoch_lwlrap": 0.7613182733045746,
      "loss": 0.13752101610104245,
      "lwlrap": 0.7613182733045747
    }
  ],
  "epoch_16": [
    "out/092_091_change_additional_label_value/fold4/checkpoints/train.17.pth",
    0.7795457753280391,
    {
      "epoch_lwlrap": 0.7795457753280391,
      "loss": 0.134074315360692,
      "lwlrap": 0.7795457753280391
    }
  ],
  "epoch_17": [
    "out/092_091_change_additional_label_value/fold4/checkpoints/train.18.pth",
    0.7104740832480558,
    {
      "epoch_lwlrap": 0.7104740832480558,
      "loss": 0.15716973702385,
      "lwlrap": 0.7104740832480559
    }
  ],
  "epoch_18": [
    "out/092_091_change_additional_label_value/fold4/checkpoints/train.19.pth",
    0.8024802968094668,
    {
      "epoch_lwlrap": 0.8024802968094668,
      "loss": 0.11383434823931081,
      "lwlrap": 0.8024802968094669
    }
  ],
  "epoch_19": [
    "out/092_091_change_additional_label_value/fold4/checkpoints/train.20.pth",
    0.7447709317572331,
    {
      "epoch_lwlrap": 0.7447709317572331,
      "loss": 0.14142273488926563,
      "lwlrap": 0.7447709317572332
    }
  ],
  "epoch_20": [
    "out/092_091_change_additional_label_value/fold4/checkpoints/train.21.pth",
    0.7665848484341634,
    {
      "epoch_lwlrap": 0.7665848484341634,
      "loss": 0.1289505984413025,
      "lwlrap": 0.7665848484341635
    }
  ],
  "epoch_21": [
    "out/092_091_change_additional_label_value/fold4/checkpoints/train.22.pth",
    0.7616624642108123,
    {
      "epoch_lwlrap": 0.7616624642108123,
      "loss": 0.12870021120190075,
      "lwlrap": 0.7616624642108124
    }
  ],
  "epoch_22": [
    "out/092_091_change_additional_label_value/fold4/checkpoints/train.23.pth",
    0.7850891498151772,
    {
      "epoch_lwlrap": 0.7850891498151772,
      "loss": 0.12303756272683948,
      "lwlrap": 0.7850891498151773
    }
  ],
  "epoch_23": [
    "out/092_091_change_additional_label_value/fold4/checkpoints/train.24.pth",
    0.7851897571706511,
    {
      "epoch_lwlrap": 0.7851897571706511,
      "loss": 0.1394424352403645,
      "lwlrap": 0.7851897571706512
    }
  ],
  "epoch_24": [
    "out/092_091_change_additional_label_value/fold4/checkpoints/train.25.pth",
    0.8052625221944318,
    {
      "epoch_lwlrap": 0.8052625221944318,
      "loss": 0.11703303034447099,
      "lwlrap": 0.805262522194432
    }
  ],
  "epoch_25": [
    "out/092_091_change_additional_label_value/fold4/checkpoints/train.26.pth",
    0.8221781851060713,
    {
      "epoch_lwlrap": 0.8221781851060713,
      "loss": 0.12382901429313503,
      "lwlrap": 0.8221781851060714
    }
  ],
  "epoch_26": [
    "out/092_091_change_additional_label_value/fold4/checkpoints/train.27.pth",
    0.8270617637055994,
    {
      "epoch_lwlrap": 0.8270617637055994,
      "loss": 0.1209476284988939,
      "lwlrap": 0.8270617637055993
    }
  ],
  "epoch_27": [
    "out/092_091_change_additional_label_value/fold4/checkpoints/train.28.pth",
    0.8170533655346043,
    {
      "epoch_lwlrap": 0.8170533655346043,
      "loss": 0.12327691691515107,
      "lwlrap": 0.8170533655346043
    }
  ],
  "epoch_28": [
    "out/092_091_change_additional_label_value/fold4/checkpoints/train.29.pth",
    0.8221924425914896,
    {
      "epoch_lwlrap": 0.8221924425914896,
      "loss": 0.13256217845498697,
      "lwlrap": 0.8221924425914896
    }
  ],
  "epoch_29": [
    "out/092_091_change_additional_label_value/fold4/checkpoints/train.30.pth",
    0.8222666982940956,
    {
      "epoch_lwlrap": 0.8222666982940956,
      "loss": 0.12778139059946417,
      "lwlrap": 0.8222666982940956
    }
  ],
  "epoch_30": [
    "out/092_091_change_additional_label_value/fold4/checkpoints/train.31.pth",
    0.8362735669465866,
    {
      "epoch_lwlrap": 0.8362735669465866,