{
  "best": {
    "epoch_lwlrap": 0.866148673209742,
    "loss": 0.01966657064622268,
    "lwlrap": 0.8660731172973931
  },
  "last": {
    "epoch_lwlrap": 0.8384030920954254,
    "loss": 0.02348952431930229,
    "lwlrap": 0.8389259672124503
  },
  "train.28": {
    "epoch_lwlrap": 0.866148673209742,
    "loss": 0.01966657064622268,
    "lwlrap": 0.8660731172973931
  },
  "epoch_0": [
    "out/104_102_resnet18/fold2/checkpoints/train.1.pth",
    0.2648903376976271,
    {
      "epoch_lwlrap": 0.2648903376976271,
      "loss": 0.04475905862636864,
      "lwlrap": 0.2651515665398135
    }
  ],
  "epoch_1": [
    "out/104_102_resnet18/fold2/checkpoints/train.2.pth",
    0.36234528728295423,
    {
      "epoch_lwlrap": 0.36234528728295423,
      "loss": 0.040938369696959846,
      "lwlrap": 0.36231549855362905
    }
  ],
  "epoch_2": [
    "out/104_102_resnet18/fold2/checkpoints/train.3.pth",
    0.44695510104816805,
    {
      "epoch_lwlrap": 0.44695510104816805,
      "loss": 0.037368388613685966,
      "lwlrap": 0.44777160391015436
    }
  ],
  "epoch_3": [
    "out/104_102_resnet18/fold2/checkpoints/train.4.pth",
    0.5209570094252403,
    {
      "epoch_lwlrap": 0.5209570094252403,
      "loss": 0.034183338400907815,
      "lwlrap": 0.5205772914500189
    }
  ],
  "epoch_4": [
    "out/104_102_resnet18/fold2/checkpoints/train.5.pth",
    0.6010086244145516,
    {
      "epoch_lwlrap": 0.6010086244145516,
      "loss": 0.03196352324448526,
      "lwlrap": 0.6001840250456436
    }
  ],
  "epoch_5": [
    "out/104_102_resnet18/fold2/checkpoints/train.6.pth",
    0.6196566029309191,
    {
      "epoch_lwlrap": 0.6196566029309191,
      "loss": 0.030290030059404668,
      "lwlrap": 0.6190911170405582
    }
  ],
  "epoch_6": [
    "out/104_102_resnet18/fold2/checkpoints/train.7.pth",
    0.6785182884946845,
    {
      "epoch_lwlrap": 0.6785182884946845,
      "loss": 0.02885122172301635,
      "lwlrap": 0.677948696419601
    }
  ],
  "epoch_7": [
    "out/104_102_resnet18/fold2/checkpoints/train.8.pth",
    0.7009420159911414,
    {
      "epoch_lwlrap": 0.7009420159911414,
      "loss": 0.027924605004955083,
      "lwlrap": 0.7007021643075695
    }
  ],
  "epoch_8": [
    "out/104_102_resnet18/fold2/checkpoints/train.9.pth",
    0.7086613466280742,
    {
      "epoch_lwlrap": 0.7086613466280742,
      "loss": 0.027409548987634477,
      "lwlrap": 0.7081747831068655
    }
  ],
  "epoch_9": [
    "out/104_102_resnet18/fold2/checkpoints/train.10.pth",
    0.7162949344143337,
    {
      "epoch_lwlrap": 0.7162949344143337,
      "loss": 0.027230188599787652,
      "lwlrap": 0.7157655054984644
    }
  ],
  "epoch_10": [
    "out/104_102_resnet18/fold2/checkpoints/train.11.pth",
    0.7141508491427226,
    {
      "epoch_lwlrap": 0.7141508491427226,
      "loss": 0.027373080956749618,
      "lwlrap": 0.7135715652049262
    }
  ],
  "epoch_11": [
    "out/104_102_resnet18/fold2/checkpoints/train.12.pth",
    0.7186995961224305,
    {
      "epoch_lwlrap": 0.7186995961224305,
      "loss": 0.02728870371356606,
      "lwlrap": 0.71840172548296
    }
  ],
  "epoch_12": [
    "out/104_102_resnet18/fold2/checkpoints/train.13.pth",
    0.725757635623218,
    {
      "epoch_lwlrap": 0.725757635623218,
      "loss": 0.027135935262776908,
      "lwlrap": 0.7254559119102408
    }
  ],
  "epoch_13": [
    "out/104_102_resnet18/fold2/checkpoints/train.14.pth",
    0.73930876854458,
    {
      "epoch_lwlrap": 0.73930876854458,
      "loss": 0.02621799719054252,
      "lwlrap": 0.738829928416403
    }
  ],
  "epoch_14": [
    "out/104_102_resnet18/fold2/checkpoints/train.15.pth",
    0.7402619168363443,
    {
      "epoch_lwlrap": 0.7402619168363443,
      "loss": 0.025888780830428004,
      "lwlrap": 0.739662757315117
    }
  ],
  "epoch_15": [
    "out/104_102_resnet18/fold2/checkpoints/train.16.pth",
    0.7461363911745591,
    {
      "epoch_lwlrap": 0.7461363911745591,
      "loss": 0.024894489266443998,
      "lwlrap": 0.7456514951251041
    }
  ],
  "epoch_16": [
    "out/104_102_resnet18/fold2/checkpoints/train.17.pth",
    0.7860005876227251,
    {
      "epoch_lwlrap": 0.7860005876227251,
      "loss": 0.0238718866603449,
      "lwlrap": 0.7859158805416111
    }
  ],
  "epoch_17": [
    "out/104_102_resnet18/fold2/checkpoints/train.18.pth",
    0.7962942660293357,
    {
      "epoch_lwlrap": 0.7962942660293357,
      "loss": 0.024487910384777933,
      "lwlrap": 0.7956664912785452
    }
  ],
  "epoch_18": [
    "out/104_102_resnet18/fold2/checkpoints/train.19.pth",
    0.8240640047723569,
    {
      "epoch_lwlrap": 0.8240640047723569,
      "loss": 0.02330275997519493,
      "lwlrap": 0.8237754821058731
    }
  ],
  "epoch_19": [
    "out/104_102_resnet18/fold2/checkpoints/train.20.pth",
    0.8283515784469982,
    {
      "epoch_lwlrap": 0.8283515784469982,
      "loss": 0.022497600235510617,
      "lwlrap": 0.8271527543178647
    }
  ],
  "epoch_20": [
    "out/104_102_resnet18/fold2/checkpoints/train.21.pth",
    0.8220307605735843,
    {
      "epoch_lwlrap": 0.8220307605735843,
      "loss": 0.022045365010853857,
      "lwlrap": 0.8214006532841689
    }
  ],
  "epoch_21": [
    "out/104_102_resnet18/fold2/checkpoints/train.22.pth",
    0.8282791106264389,
    {
      "epoch_lwlrap": 0.8282791106264389,
      "loss": 0.0218932845746167,
      "lwlrap": 0.8270569816468253
    }
  ],
  "epoch_22": [
    "out/104_102_resnet18/fold2/checkpoints/train.23.pth",
    0.8641857151772518,
    {
      "epoch_lwlrap": 0.8641857151772518,
      "loss": 0.02124024910153821,
      "lwlrap": 0.8638172212573226
    }
  ],
  "epoch_23": [
    "out/104_102_resnet18/fold2/checkpoints/train.24.pth",
    0.8365473161274688,
    {
      "epoch_lwlrap": 0.8365473161274688,
      "loss": 0.02129923552274704,
      "lwlrap": 0.8357157728013292
    }
  ],
  "epoch_24": [
    "out/104_102_resnet18/fold2/checkpoints/train.25.pth",
    0.8449383065214463,
    {
      "epoch_lwlrap": 0.8449383065214463,
      "loss": 0.020923736272379756,
      "lwlrap": 0.8448406603647938
    }
  ],
  "epoch_25": [
    "out/104_102_resnet18/fold2/checkpoints/train.26.pth",
    0.8450727707407097,
    {
      "epoch_lwlrap": 0.8450727707407097,
      "loss": 0.020226427004672587,
      "lwlrap": 0.8450721473754058
    }
  ],
  "epoch_26": [
    "out/104_102_resnet18/fold2/checkpoints/train.27.pth",
    0.8499347768431739,
    {
      "epoch_lwlrap": 0.8499347768431739,
      "loss": 0.02048810565611348,
      "lwlrap": 0.8497134961216516
    }
  ],
  "epoch_27": [
    "out/104_102_resnet18/fold2/checkpoints/train.28.pth",
    0.866148673209742,
    {
      "epoch_lwlrap": 0.866148673209742,
      "loss": 0.01966657064622268,
      "lwlrap": 0.8660731172973931
    }
  ],
  "epoch_28": [
    "out/104_102_resnet18/fold2/checkpoints/train.29.pth",
    0.866137451395085,
    {
      "epoch_lwlrap": 0.866137451395085,
      "loss": 0.01977109827566892,
      "lwlrap": 0.8662860573544803
    }
  ],
  "epoch_29": [
    "out/104_102_resnet18/fold2/checkpoints/train.30.pth",
    0.8658053529068348,
    {
      "epoch_lwlrap": 0.8658053529068348,
      "loss": 0.01952239579986781,
      "lwlrap": 0.8660022813377218
    }
  ],
  "epoch_30": [
    "out/104_102_resnet18/fold2/checkpoints/train.31.pth",
    0.8629998182479098,
    {
      "epoch_lwlrap": 0.8629998182479098,
      "loss": 0.01980518823256716,
      "lwlrap": 0.8631042614369595
    }
  ],
  "epoch_31": [
    "out/104_102_resnet18/fold2/checkpoints/train.32.pth",
    0.8630467708711984,
    {
      "epoch_lwlrap": 0.8630467708711984,
      "loss": 0.019679519697092477,
      "lwlrap": 0.8631958979250011
    }
  ],
  "epoch_32": [
    "out/104_102_resnet18/fold2/checkpoints/train.33.pth",
    0.8642934249804479,
    {
      "epoch_lwlrap": 0.8642934249804479,
      "loss": 0.019762623531278223,
      "lwlrap": 0.8644147788528188
    }
  ],