{
    "best": {
        "lwlrap": 0.8902991452991453,
        "loss": 0.2440646461078099,
        "epoch": 70
    },
    "last": {
        "lwlrap": 0.8902991452991453,
        "loss": 0.2440646461078099,
        "epoch": 70
    },
    "epoch_1": {
        "lwlrap": 0.22219791345134335,
        "loss": 0.6570707304137093
    },
    "epoch_2": {
        "lwlrap": 0.3076823595375632,
        "loss": 0.6046813130378723
    },
    "epoch_3": {
        "lwlrap": 0.3610950751109122,
        "loss": 0.5558568920407977
    },
    "epoch_4": {
        "lwlrap": 0.49001376535313185,
        "loss": 0.505074428660529
    },
    "epoch_5": {
        "lwlrap": 0.5069935071631904,
        "loss": 0.4943663648196629
    },
    "epoch_6": {
        "lwlrap": 0.5889665554823926,
        "loss": 0.45506718329020907
    },
    "epoch_7": {
        "lwlrap": 0.6278007035699343,
        "loss": 0.42100097451891216
    },
    "epoch_8": {
        "lwlrap": 0.6643142612373383,
        "loss": 0.38837549090385437
    },
    "epoch_9": {
        "lwlrap": 0.6755816975047745,
        "loss": 0.3728481999465397
    },
    "epoch_10": {
        "lwlrap": 0.6989277389277389,
        "loss": 0.34875357151031494
    },
    "epoch_11": {
        "lwlrap": 0.6923626373626374,
        "loss": 0.3488017576081412
    },
    "epoch_12": {
        "lwlrap": 0.7097317497317497,
        "loss": 0.33919580919401987
    },
    "epoch_13": {
        "lwlrap": 0.7095992703458767,
        "loss": 0.3392794728279114
    },
    "epoch_14": {
        "lwlrap": 0.7129565448796218,
        "loss": 0.35304399899074007
    },
    "epoch_15": {
        "lwlrap": 0.6858344077574846,
        "loss": 0.3720290149961199
    },
    "epoch_16": {
        "lwlrap": 0.7293160919857753,
        "loss": 0.35467022231646944
    },
    "epoch_17": {
        "lwlrap": 0.6849792870946717,
        "loss": 0.3938089779445103
    },
    "epoch_18": {
        "lwlrap": 0.6595220374091119,
        "loss": 0.3621688314846584
    },
    "epoch_19": {
        "lwlrap": 0.6342375075067384,
        "loss": 0.42343184777668547
    },
    "epoch_20": {
        "lwlrap": 0.7544815533050828,
        "loss": 0.30940804311207365
    },
    "epoch_21": {
        "lwlrap": 0.7679901224131993,
        "loss": 0.32273820468357634
    },
    "epoch_22": {
        "lwlrap": 0.7822592125223704,
        "loss": 0.3412106931209564
    },
    "epoch_23": {
        "lwlrap": 0.8240001665001665,
        "loss": 0.2645178096635001
    },
    "epoch_24": {
        "lwlrap": 0.8438397357628127,
        "loss": 0.24987463227340154
    },
    "epoch_25": {
        "lwlrap": 0.8340944240944241,
        "loss": 0.2599720039537975
    },
    "epoch_26": {
        "lwlrap": 0.86988603988604,
        "loss": 0.22048689212117875
    },
    "epoch_27": {
        "lwlrap": 0.878017908017908,
        "loss": 0.22379004316670553
    },
    "epoch_28": {
        "lwlrap": 0.8701426351426351,
        "loss": 0.23064576302255904
    },
    "epoch_29": {
        "lwlrap": 0.8815092217723797,
        "loss": 0.22084979712963104
    },
    "epoch_30": {
        "lwlrap": 0.8853504991740286,
        "loss": 0.21630603500774928
    },
    "epoch_31": {
        "lwlrap": 0.8848351648351649,
        "loss": 0.2193588720900672
    },
    "epoch_32": {
        "lwlrap": 0.8782076420311715,
        "loss": 0.22485204679625376
    },
    "epoch_33": {
        "lwlrap": 0.8750879839115133,
        "loss": 0.2282340398856572
    },
    "epoch_34": {
        "lwlrap": 0.8772112974744554,
        "loss": 0.2607558731521879
    },
    "epoch_35": {
        "lwlrap": 0.8573058423058423,
        "loss": 0.3058094403573445
    },
    "epoch_36": {
        "lwlrap": 0.8624554977186556,
        "loss": 0.2758096924849919
    },
    "epoch_37": {
        "lwlrap": 0.8079600762066825,
        "loss": 0.2781205305031368
    },
    "epoch_38": {
        "lwlrap": 0.7937627187627188,
        "loss": 0.34413581235068186
    },
    "epoch_39": {
        "lwlrap": 0.8352876752876752,
        "loss": 0.2799129102911268
    },
    "epoch_40": {
        "lwlrap": 0.73648816245216,
        "loss": 0.38350698351860046
    },
    "epoch_41": {
        "lwlrap": 0.7898061005527068,
        "loss": 0.33718040798391613
    },
    "epoch_42": {
        "lwlrap": 0.8598475598475599,
        "loss": 0.2824078755719321
    },
    "epoch_43": {
        "lwlrap": 0.8506043956043956,
        "loss": 0.2458333820104599
    },
    "epoch_44": {
        "lwlrap": 0.8564877714877714,
        "loss": 0.304252884217671
    },
    "epoch_45": {
        "lwlrap": 0.8341514041514042,
        "loss": 0.28960177728108
    },
    "epoch_46": {
        "lwlrap": 0.8669352869352869,
        "loss": 0.2639344462326595
    },
    "epoch_47": {
        "lwlrap": 0.8809569297804591,
        "loss": 0.27440616275582996
    },
    "epoch_48": {
        "lwlrap": 0.8866354418528332,
        "loss": 0.27879745832511355
    },
    "epoch_49": {
        "lwlrap": 0.8719365721997301,
        "loss": 0.2761002949305943
    },
    "epoch_50": {
        "lwlrap": 0.8804761904761904,
        "loss": 0.2780670608792986
    },
    "epoch_51": {
        "lwlrap": 0.8787118437118437,
        "loss": 0.27409221870558603
    },
    "epoch_52": {
        "lwlrap": 0.8771876271876271,
        "loss": 0.28054686529295786
    },
    "epoch_53": {
        "lwlrap": 0.8848118548118549,
        "loss": 0.28220911962645395
    },
    "epoch_54": {
        "lwlrap": 0.8825957375957375,
        "loss": 0.29660739856106894
    },
    "epoch_55": {
        "lwlrap": 0.8727178377178377,
        "loss": 0.3138333899634225
    },
    "epoch_56": {
        "lwlrap": 0.8479047448278216,
        "loss": 0.3001455302749361
    },
    "epoch_57": {
        "lwlrap": 0.8294028051720359,
        "loss": 0.26780185103416443
    },
    "epoch_58": {
        "lwlrap": 0.77727857612473,
        "loss": 0.3898534008434841
    },
    "epoch_59": {
        "lwlrap": 0.7774484774484773,
        "loss": 0.31563094684055876
    },
    "epoch_60": {
        "lwlrap": 0.7856558470020008,
        "loss": 0.29838121363094877
    },
    "epoch_61": {
        "lwlrap": 0.7803305760771824,
        "loss": 0.29564676540238516
    },
    "epoch_62": {
        "lwlrap": 0.8595191133652672,
        "loss": 0.3052762470075062
    },
    "epoch_63": {
        "lwlrap": 0.8175129565996438,
        "loss": 0.38388989652906147
    },
    "epoch_64": {
        "lwlrap": 0.8433994255856604,
        "loss": 0.2950152839933123
    },
    "epoch_65": {
        "lwlrap": 0.8825581825581825,
        "loss": 0.2572992082153048
    },
    "epoch_66": {
        "lwlrap": 0.873476800976801,
        "loss": 0.21286578476428986
    },
    "epoch_67": {
        "lwlrap": 0.8884269434269434,
        "loss": 0.2482557318040303
    },
    "epoch_68": {
        "lwlrap": 0.8849523101697014,
        "loss": 0.23937689193657466
    },
    "epoch_69": {
        "lwlrap": 0.8861804861804862,
        "loss": 0.24723403581551143
    },
    "epoch_70": {
        "lwlrap": 0.8902991452991453,
        "loss": 0.2440646461078099
    }
}