{
    "best": {
        "lwlrap": 0.8053068783068783,
        "loss": 0.015535720836903367,
        "epoch": 33
    },
    "last": {
        "lwlrap": 0.7794923841590509,
        "loss": 0.01522220213498388,
        "epoch": 55
    },
    "epoch_1": {
        "lwlrap": 0.265750342718508,
        "loss": 0.02016192749142647
    },
    "epoch_2": {
        "lwlrap": 0.3362492865016758,
        "loss": 0.018094911479524203
    },
    "epoch_3": {
        "lwlrap": 0.37086009194536584,
        "loss": 0.017156143725982734
    },
    "epoch_4": {
        "lwlrap": 0.4524191792546439,
        "loss": 0.017236214822956494
    },
    "epoch_5": {
        "lwlrap": 0.5616695236499158,
        "loss": 0.01646937049393143
    },
    "epoch_6": {
        "lwlrap": 0.6023997399611434,
        "loss": 0.016497225420815605
    },
    "epoch_7": {
        "lwlrap": 0.614680714347381,
        "loss": 0.016127651796809264
    },
    "epoch_8": {
        "lwlrap": 0.6640078581549169,
        "loss": 0.015590199242745127
    },
    "epoch_9": {
        "lwlrap": 0.6742530964811666,
        "loss": 0.015721899297620568
    },
    "epoch_10": {
        "lwlrap": 0.6998403628821586,
        "loss": 0.015551629449640001
    },
    "epoch_11": {
        "lwlrap": 0.6983851395518061,
        "loss": 0.015704068328653065
    },
    "epoch_12": {
        "lwlrap": 0.6878026580307282,
        "loss": 0.015790156088769436
    },
    "epoch_13": {
        "lwlrap": 0.7128408297355666,
        "loss": 0.015248390260551657
    },
    "epoch_14": {
        "lwlrap": 0.7258314502261871,
        "loss": 0.016112057252654008
    },
    "epoch_15": {
        "lwlrap": 0.7325960089293423,
        "loss": 0.01604692092431443
    },
    "epoch_16": {
        "lwlrap": 0.731252093585427,
        "loss": 0.015568900667130948
    },
    "epoch_17": {
        "lwlrap": 0.7210867237337826,
        "loss": 0.01849875250565154
    },
    "epoch_18": {
        "lwlrap": 0.7332260535397791,
        "loss": 0.016458442354840893
    },
    "epoch_19": {
        "lwlrap": 0.7433636548636549,
        "loss": 0.01961650757917336
    },
    "epoch_20": {
        "lwlrap": 0.7518342151675486,
        "loss": 0.015340418235531875
    },
    "epoch_21": {
        "lwlrap": 0.7577294372294372,
        "loss": 0.017483789287507535
    },
    "epoch_22": {
        "lwlrap": 0.7514692961359628,
        "loss": 0.02087810571704592
    },
    "epoch_23": {
        "lwlrap": 0.761483134149801,
        "loss": 0.016040393497262682
    },
    "epoch_24": {
        "lwlrap": 0.7981042167708834,
        "loss": 0.016854131674127918
    },
    "epoch_25": {
        "lwlrap": 0.7916615359948693,
        "loss": 0.017125443129667215
    },
    "epoch_26": {
        "lwlrap": 0.792606862273529,
        "loss": 0.016607267702264446
    },
    "epoch_27": {
        "lwlrap": 0.7987109187109187,
        "loss": 0.01737184724105256
    },
    "epoch_28": {
        "lwlrap": 0.7938290844957512,
        "loss": 0.016604120071445194
    },
    "epoch_29": {
        "lwlrap": 0.7980299823633157,
        "loss": 0.015895071838583266
    },
    "epoch_30": {
        "lwlrap": 0.8001075837742504,
        "loss": 0.016189523600041868
    },
    "epoch_31": {
        "lwlrap": 0.801615520282187,
        "loss": 0.016330039368144103
    },
    "epoch_32": {
        "lwlrap": 0.8044126984126985,
        "loss": 0.015997015312314032
    },
    "epoch_33": {
        "lwlrap": 0.8053068783068783,
        "loss": 0.015535720836903367
    },
    "epoch_34": {
        "lwlrap": 0.79879012345679,
        "loss": 0.016092272076223577
    },
    "epoch_35": {
        "lwlrap": 0.7775485502152168,
        "loss": 0.017602604627609254
    },
    "epoch_36": {
        "lwlrap": 0.7877920474587141,
        "loss": 0.01722111507718052
    },
    "epoch_37": {
        "lwlrap": 0.7815223665223665,
        "loss": 0.016858959650354725
    },
    "epoch_38": {
        "lwlrap": 0.7880148283089459,
        "loss": 0.016898439984236444
    },
    "epoch_39": {
        "lwlrap": 0.7751830391830392,
        "loss": 0.016549151444009372
    },
    "epoch_40": {
        "lwlrap": 0.7374025807163062,
        "loss": 0.018700975153063026
    },
    "epoch_41": {
        "lwlrap": 0.8003192239858906,
        "loss": 0.015141802094876766
    },
    "epoch_42": {
        "lwlrap": 0.7111797831797833,
        "loss": 0.016942669211753778
    },
    "epoch_43": {
        "lwlrap": 0.7776495109828443,
        "loss": 0.01790067359272923
    },
    "epoch_44": {
        "lwlrap": 0.8028520121853455,
        "loss": 0.015675291871385916
    },
    "epoch_45": {
        "lwlrap": 0.8032730972730973,
        "loss": 0.017381654546729155
    },
    "epoch_46": {
        "lwlrap": 0.7833471713471712,
        "loss": 0.015242382005921432
    },
    "epoch_47": {
        "lwlrap": 0.7825946769280102,
        "loss": 0.015323619877121279
    },
    "epoch_48": {
        "lwlrap": 0.7891075837742505,
        "loss": 0.01603289382266147
    },
    "epoch_49": {
        "lwlrap": 0.7966525573192239,
        "loss": 0.015774889370160444
    },
    "epoch_50": {
        "lwlrap": 0.7933686067019401,
        "loss": 0.0152621738878744
    },
    "epoch_51": {
        "lwlrap": 0.7878359788359788,
        "loss": 0.014723970182240009
    },
    "epoch_52": {
        "lwlrap": 0.7935980439313772,
        "loss": 0.015263710729777813
    },
    "epoch_53": {
        "lwlrap": 0.7935943562610229,
        "loss": 0.015177833794483116
    },
    "epoch_54": {
        "lwlrap": 0.7899119769119769,
        "loss": 0.014873410814574786
    },
    "epoch_55": {
        "lwlrap": 0.7794923841590509,
        "loss": 0.01522220213498388
    }
}