{
  "best": {
    "epoch_lwlrap": 0.8648879947459209,
    "loss": 0.2937000238559615,
    "lwlrap": 0.8650322914528447
  },
  "last": {
    "epoch_lwlrap": 0.8579461622726564,
    "loss": 0.32329691652680786,
    "lwlrap": 0.8582116659876673
  },
  "train.32": {
    "epoch_lwlrap": 0.8648879947459209,
    "loss": 0.2937000238559615,
    "lwlrap": 0.8650322914528447
  },
  "epoch_0": [
    "out/081_EfficientNet_strong_focal_SAM_melparams/fold0/checkpoints/train.1.pth",
    0.42183439366130426,
    {
      "epoch_lwlrap": 0.42183439366130426,
      "loss": 0.6609856981626698,
      "lwlrap": 0.4216554365584019
    }
  ],
  "epoch_1": [
    "out/081_EfficientNet_strong_focal_SAM_melparams/fold0/checkpoints/train.2.pth",
    0.660720928145103,
    {
      "epoch_lwlrap": 0.660720928145103,
      "loss": 0.4491111317151029,
      "lwlrap": 0.6605768795041993
    }
  ],
  "epoch_2": [
    "out/081_EfficientNet_strong_focal_SAM_melparams/fold0/checkpoints/train.3.pth",
    0.7018154252795067,
    {
      "epoch_lwlrap": 0.7018154252795067,
      "loss": 0.42184529547959987,
      "lwlrap": 0.7023730399382561
    }
  ],
  "epoch_3": [
    "out/081_EfficientNet_strong_focal_SAM_melparams/fold0/checkpoints/train.4.pth",
    0.725983819824797,
    {
      "epoch_lwlrap": 0.725983819824797,
      "loss": 0.3918483324453864,
      "lwlrap": 0.7266917379024006
    }
  ],
  "epoch_4": [
    "out/081_EfficientNet_strong_focal_SAM_melparams/fold0/checkpoints/train.5.pth",
    0.7720875817423475,
    {
      "epoch_lwlrap": 0.7720875817423475,
      "loss": 0.360275967440135,
      "lwlrap": 0.7731569143798325
    }
  ],
  "epoch_5": [
    "out/081_EfficientNet_strong_focal_SAM_melparams/fold0/checkpoints/train.6.pth",
    0.8028088743945122,
    {
      "epoch_lwlrap": 0.8028088743945122,
      "loss": 0.33270785212516785,
      "lwlrap": 0.8029664021056223
    }
  ],
  "epoch_6": [
    "out/081_EfficientNet_strong_focal_SAM_melparams/fold0/checkpoints/train.7.pth",
    0.8274915850738382,
    {
      "epoch_lwlrap": 0.8274915850738382,
      "loss": 0.3065197215953343,
      "lwlrap": 0.8273691067826778
    }
  ],
  "epoch_7": [
    "out/081_EfficientNet_strong_focal_SAM_melparams/fold0/checkpoints/train.8.pth",
    0.8394890091076531,
    {
      "epoch_lwlrap": 0.8394890091076531,
      "loss": 0.29400238940413564,
      "lwlrap": 0.8394688220894002
    }
  ],
  "epoch_8": [
    "out/081_EfficientNet_strong_focal_SAM_melparams/fold0/checkpoints/train.9.pth",
    0.8463163014010471,
    {
      "epoch_lwlrap": 0.8463163014010471,
      "loss": 0.2778357666143229,
      "lwlrap": 0.8460288733176057
    }
  ],
  "epoch_9": [
    "out/081_EfficientNet_strong_focal_SAM_melparams/fold0/checkpoints/train.10.pth",
    0.8407272388628321,
    {
      "epoch_lwlrap": 0.8407272388628321,
      "loss": 0.2843173690874811,
      "lwlrap": 0.8403449077994236
    }
  ],
  "epoch_10": [
    "out/081_EfficientNet_strong_focal_SAM_melparams/fold0/checkpoints/train.11.pth",
    0.8400666484838968,
    {
      "epoch_lwlrap": 0.8400666484838968,
      "loss": 0.29242621781960343,
      "lwlrap": 0.8398024646744293
    }
  ],
  "epoch_11": [
    "out/081_EfficientNet_strong_focal_SAM_melparams/fold0/checkpoints/train.12.pth",
    0.8494004798790442,
    {
      "epoch_lwlrap": 0.8494004798790442,
      "loss": 0.2921611211249526,
      "lwlrap": 0.8491305444216997
    }
  ],
  "epoch_12": [
    "out/081_EfficientNet_strong_focal_SAM_melparams/fold0/checkpoints/train.13.pth",
    0.8341025876195367,
    {
      "epoch_lwlrap": 0.8341025876195367,
      "loss": 0.2991763496063125,
      "lwlrap": 0.833642903854674
    }
  ],
  "epoch_13": [
    "out/081_EfficientNet_strong_focal_SAM_melparams/fold0/checkpoints/train.14.pth",
    0.8548892082217107,
    {
      "epoch_lwlrap": 0.8548892082217107,
      "loss": 0.2719737280842284,
      "lwlrap": 0.8547383921963377
    }
  ],
  "epoch_14": [
    "out/081_EfficientNet_strong_focal_SAM_melparams/fold0/checkpoints/train.15.pth",
    0.8335470740450538,
    {
      "epoch_lwlrap": 0.8335470740450538,
      "loss": 0.3146556775334855,
      "lwlrap": 0.833578516091697
    }
  ],
  "epoch_15": [
    "out/081_EfficientNet_strong_focal_SAM_melparams/fold0/checkpoints/train.16.pth",
    0.79110123594334,
    {
      "epoch_lwlrap": 0.79110123594334,
      "loss": 0.34301204591150014,
      "lwlrap": 0.7914692288813238
    }
  ],
  "epoch_16": [
    "out/081_EfficientNet_strong_focal_SAM_melparams/fold0/checkpoints/train.17.pth",
    0.7835818607828094,
    {
      "epoch_lwlrap": 0.7835818607828094,
      "loss": 0.36561470179700517,
      "lwlrap": 0.7838002999283248
    }
  ],
  "epoch_17": [
    "out/081_EfficientNet_strong_focal_SAM_melparams/fold0/checkpoints/train.18.pth",
    0.7350445566878876,
    {
      "epoch_lwlrap": 0.7350445566878876,
      "loss": 0.4036791968933293,
      "lwlrap": 0.7348317203346648
    }
  ],
  "epoch_18": [
    "out/081_EfficientNet_strong_focal_SAM_melparams/fold0/checkpoints/train.19.pth",
    0.7937200635126593,
    {
      "epoch_lwlrap": 0.7937200635126593,
      "loss": 0.3355802339567265,
      "lwlrap": 0.7932131570750618
    }
  ],
  "epoch_19": [
    "out/081_EfficientNet_strong_focal_SAM_melparams/fold0/checkpoints/train.20.pth",
    0.7515456808995928,
    {
      "epoch_lwlrap": 0.7515456808995928,
      "loss": 0.37185829458102376,
      "lwlrap": 0.7508028197466954
    }
  ],
  "epoch_20": [
    "out/081_EfficientNet_strong_focal_SAM_melparams/fold0/checkpoints/train.21.pth",
    0.8366642209015089,
    {
      "epoch_lwlrap": 0.8366642209015089,
      "loss": 0.2937617441508132,
      "lwlrap": 0.8368316138959023
    }
  ],
  "epoch_21": [
    "out/081_EfficientNet_strong_focal_SAM_melparams/fold0/checkpoints/train.22.pth",
    0.8298748456420177,
    {
      "epoch_lwlrap": 0.8298748456420177,
      "loss": 0.3522075045276695,
      "lwlrap": 0.8301609303866574
    }
  ],
  "epoch_22": [
    "out/081_EfficientNet_strong_focal_SAM_melparams/fold0/checkpoints/train.23.pth",
    0.8145056746178381,
    {
      "epoch_lwlrap": 0.8145056746178381,
      "loss": 0.3146517516021997,
      "lwlrap": 0.8141435543210678
    }
  ],
  "epoch_23": [
    "out/081_EfficientNet_strong_focal_SAM_melparams/fold0/checkpoints/train.24.pth",
    0.8319068892224426,
    {
      "epoch_lwlrap": 0.8319068892224426,
      "loss": 0.2939250156493254,
      "lwlrap": 0.832211644086054
    }
  ],
  "epoch_24": [
    "out/081_EfficientNet_strong_focal_SAM_melparams/fold0/checkpoints/train.25.pth",
    0.834572028724571,
    {
      "epoch_lwlrap": 0.834572028724571,
      "loss": 0.30845226641272155,
      "lwlrap": 0.8349899793131861
    }
  ],
  "epoch_25": [
    "out/081_EfficientNet_strong_focal_SAM_melparams/fold0/checkpoints/train.26.pth",
    0.8453270580090121,
    {
      "epoch_lwlrap": 0.8453270580090121,
      "loss": 0.31433828238030553,
      "lwlrap": 0.8457635910947593
    }
  ],
  "epoch_26": [
    "out/081_EfficientNet_strong_focal_SAM_melparams/fold0/checkpoints/train.27.pth",
    0.8594366727038449,
    {
      "epoch_lwlrap": 0.8594366727038449,
      "loss": 0.298549176206891,
      "lwlrap": 0.8598640566908357
    }
  ],
  "epoch_27": [
    "out/081_EfficientNet_strong_focal_SAM_melparams/fold0/checkpoints/train.28.pth",
    0.8546812822402358,
    {
      "epoch_lwlrap": 0.8546812822402358,
      "loss": 0.29714871796084125,
      "lwlrap": 0.8551155176532123
    }
  ],
  "epoch_28": [
    "out/081_EfficientNet_strong_focal_SAM_melparams/fold0/checkpoints/train.29.pth",
    0.8472390133407082,
    {
      "epoch_lwlrap": 0.8472390133407082,
      "loss": 0.29174083119756744,
      "lwlrap": 0.8474141782858247
    }
  ],
  "epoch_29": [
    "out/081_EfficientNet_strong_focal_SAM_melparams/fold0/checkpoints/train.30.pth",
    0.8500974949324636,
    {
      "epoch_lwlrap": 0.8500974949324636,
      "loss": 0.29527058399898903,
      "lwlrap": 0.8506641226942226
    }
  ],