{
  "best": {
    "epoch_lwlrap": 0.8851558231412601,
    "lwlrap": 0.8849029643764921,
    "loss": 0.21425188460001132
  },
  "last": {
    "epoch_lwlrap": 0.8563476302553972,
    "lwlrap": 0.8561525383863278,
    "loss": 0.2635467561279855
  },
  "train.32": {
    "epoch_lwlrap": 0.8851558231412601,
    "lwlrap": 0.8849029643764921,
    "loss": 0.21425188460001132
  },
  "epoch_0": [
    "out/075_EfficientNet_strong_focal_5fold/fold3/checkpoints/train.1.pth",
    0.473355246489281,
    {
      "epoch_lwlrap": 0.473355246489281,
      "lwlrap": 0.47299941427165126,
      "loss": 0.5268040008661224
    }
  ],
  "epoch_1": [
    "out/075_EfficientNet_strong_focal_5fold/fold3/checkpoints/train.2.pth",
    0.697392111797414,
    {
      "epoch_lwlrap": 0.697392111797414,
      "lwlrap": 0.6971563990263792,
      "loss": 0.41796120710489226
    }
  ],
  "epoch_2": [
    "out/075_EfficientNet_strong_focal_5fold/fold3/checkpoints/train.3.pth",
    0.7708583757127445,
    {
      "epoch_lwlrap": 0.7708583757127445,
      "lwlrap": 0.7707547472687271,
      "loss": 0.3610537938955354
    }
  ],
  "epoch_3": [
    "out/075_EfficientNet_strong_focal_5fold/fold3/checkpoints/train.4.pth",
    0.8195855202922593,
    {
      "epoch_lwlrap": 0.8195855202922593,
      "lwlrap": 0.8194242095013694,
      "loss": 0.29119344600817054
    }
  ],
  "epoch_4": [
    "out/075_EfficientNet_strong_focal_5fold/fold3/checkpoints/train.5.pth",
    0.8241267766753203,
    {
      "epoch_lwlrap": 0.8241267766753203,
      "lwlrap": 0.8240846122612929,
      "loss": 0.31436743387361854
    }
  ],
  "epoch_5": [
    "out/075_EfficientNet_strong_focal_5fold/fold3/checkpoints/train.6.pth",
    0.8616841963322546,
    {
      "epoch_lwlrap": 0.8616841963322546,
      "lwlrap": 0.8615964373058366,
      "loss": 0.2522284039636937
    }
  ],
  "epoch_6": [
    "out/075_EfficientNet_strong_focal_5fold/fold3/checkpoints/train.7.pth",
    0.8393194251810756,
    {
      "epoch_lwlrap": 0.8393194251810756,
      "lwlrap": 0.839209819363002,
      "loss": 0.2516033787552903
    }
  ],
  "epoch_7": [
    "out/075_EfficientNet_strong_focal_5fold/fold3/checkpoints/train.8.pth",
    0.8549518240659018,
    {
      "epoch_lwlrap": 0.8549518240659018,
      "lwlrap": 0.8548193265192077,
      "loss": 0.23976150663887583
    }
  ],
  "epoch_8": [
    "out/075_EfficientNet_strong_focal_5fold/fold3/checkpoints/train.9.pth",
    0.8655156374880442,
    {
      "epoch_lwlrap": 0.8655156374880442,
      "lwlrap": 0.8653969947520154,
      "loss": 0.2289690019153967
    }
  ],
  "epoch_9": [
    "out/075_EfficientNet_strong_focal_5fold/fold3/checkpoints/train.10.pth",
    0.8693052136077174,
    {
      "epoch_lwlrap": 0.8693052136077174,
      "lwlrap": 0.8691931589289053,
      "loss": 0.22688540743618477
    }
  ],
  "epoch_10": [
    "out/075_EfficientNet_strong_focal_5fold/fold3/checkpoints/train.11.pth",
    0.8636217948717948,
    {
      "epoch_lwlrap": 0.8636217948717948,
      "lwlrap": 0.8634780503058315,
      "loss": 0.22843734084106074
    }
  ],
  "epoch_11": [
    "out/075_EfficientNet_strong_focal_5fold/fold3/checkpoints/train.12.pth",
    0.8667437201417784,
    {
      "epoch_lwlrap": 0.8667437201417784,
      "lwlrap": 0.8666251192128647,
      "loss": 0.2281834592179554
    }
  ],
  "epoch_12": [
    "out/075_EfficientNet_strong_focal_5fold/fold3/checkpoints/train.13.pth",
    0.8584835876098011,
    {
      "epoch_lwlrap": 0.8584835876098011,
      "lwlrap": 0.8582890003116059,
      "loss": 0.22865942047863472
    }
  ],
  "epoch_13": [
    "out/075_EfficientNet_strong_focal_5fold/fold3/checkpoints/train.14.pth",
    0.8596334894878583,
    {
      "epoch_lwlrap": 0.8596334894878583,
      "lwlrap": 0.8594246820005299,
      "loss": 0.2269768031632028
    }
  ],
  "epoch_14": [
    "out/075_EfficientNet_strong_focal_5fold/fold3/checkpoints/train.15.pth",
    0.8538045153336415,
    {
      "epoch_lwlrap": 0.8538045153336415,
      "lwlrap": 0.8536188304391755,
      "loss": 0.25433044462669185
    }
  ],
  "epoch_15": [
    "out/075_EfficientNet_strong_focal_5fold/fold3/checkpoints/train.16.pth",
    0.7990675317131628,
    {
      "epoch_lwlrap": 0.7990675317131628,
      "lwlrap": 0.7987814046618329,
      "loss": 0.3342410544069802
    }
  ],
  "epoch_16": [
    "out/075_EfficientNet_strong_focal_5fold/fold3/checkpoints/train.17.pth",
    0.8111172221394951,
    {
      "epoch_lwlrap": 0.8111172221394951,
      "lwlrap": 0.8111555889181252,
      "loss": 0.3264108947137507
    }
  ],
  "epoch_17": [
    "out/075_EfficientNet_strong_focal_5fold/fold3/checkpoints/train.18.pth",
    0.8100494031319274,
    {
      "epoch_lwlrap": 0.8100494031319274,
      "lwlrap": 0.8101390750171239,
      "loss": 0.33251026636216696
    }
  ],
  "epoch_18": [
    "out/075_EfficientNet_strong_focal_5fold/fold3/checkpoints/train.19.pth",
    0.7732764446420552,
    {
      "epoch_lwlrap": 0.7732764446420552,
      "lwlrap": 0.7731137921327033,
      "loss": 0.322084029273289
    }
  ],
  "epoch_19": [
    "out/075_EfficientNet_strong_focal_5fold/fold3/checkpoints/train.20.pth",
    0.7916312045559618,
    {
      "epoch_lwlrap": 0.7916312045559618,
      "lwlrap": 0.7914160943161538,
      "loss": 0.33028486734483303
    }
  ],
  "epoch_20": [
    "out/075_EfficientNet_strong_focal_5fold/fold3/checkpoints/train.21.pth",
    0.813705635192605,
    {
      "epoch_lwlrap": 0.813705635192605,
      "lwlrap": 0.813213300991879,
      "loss": 0.30155934066307255
    }
  ],
  "epoch_21": [
    "out/075_EfficientNet_strong_focal_5fold/fold3/checkpoints/train.22.pth",
    0.8166727776950506,
    {
      "epoch_lwlrap": 0.8166727776950506,
      "lwlrap": 0.8163465544576229,
      "loss": 0.2913875550758548
    }
  ],
  "epoch_22": [
    "out/075_EfficientNet_strong_focal_5fold/fold3/checkpoints/train.23.pth",
    0.8046251348435816,
    {
      "epoch_lwlrap": 0.8046251348435816,
      "lwlrap": 0.8044850948509485,
      "loss": 0.32333513294778216
    }
  ],
  "epoch_23": [
    "out/075_EfficientNet_strong_focal_5fold/fold3/checkpoints/train.24.pth",
    0.8491697488056711,
    {
      "epoch_lwlrap": 0.8491697488056711,
      "lwlrap": 0.849294590332663,
      "loss": 0.2630937099456787
    }
  ],
  "epoch_24": [
    "out/075_EfficientNet_strong_focal_5fold/fold3/checkpoints/train.25.pth",
    0.8584816612729234,
    {
      "epoch_lwlrap": 0.8584816612729234,
      "lwlrap": 0.8582870645779628,
      "loss": 0.28841731751837385
    }
  ],
  "epoch_25": [
    "out/075_EfficientNet_strong_focal_5fold/fold3/checkpoints/train.26.pth",
    0.8695561719833564,
    {
      "epoch_lwlrap": 0.8695561719833564,
      "lwlrap": 0.8693858530919805,
      "loss": 0.24281575621628182
    }
  ],
  "epoch_26": [
    "out/075_EfficientNet_strong_focal_5fold/fold3/checkpoints/train.27.pth",
    0.8793535213438126,
    {
      "epoch_lwlrap": 0.8793535213438126,
      "lwlrap": 0.879065276715485,
      "loss": 0.2130949119242226
    }
  ],
  "epoch_27": [
    "out/075_EfficientNet_strong_focal_5fold/fold3/checkpoints/train.28.pth",
    0.8770130220372938,
    {
      "epoch_lwlrap": 0.8770130220372938,
      "lwlrap": 0.876720442291531,
      "loss": 0.21550889422253863
    }
  ],
  "epoch_28": [
    "out/075_EfficientNet_strong_focal_5fold/fold3/checkpoints/train.29.pth",
    0.8780977248210258,
    {
      "epoch_lwlrap": 0.8780977248210258,
      "lwlrap": 0.8778600099748226,
      "loss": 0.21309303655856993
    }
  ],
  "epoch_29": [
    "out/075_EfficientNet_strong_focal_5fold/fold3/checkpoints/train.30.pth",
    0.8793556228022247,
    {
      "epoch_lwlrap": 0.8793556228022247,
      "lwlrap": 0.8791240440437347,
      "loss": 0.22089736781469205
    }
  ],
  "epoch_30": [
    "out/075_EfficientNet_strong_focal_5fold/fold3/checkpoints/train.31.pth",
    0.8771056613289623,
    {
      "epoch_lwlrap": 0.8771056613289623,
      "lwlrap": 0.8768432776820642,
      "loss": 0.2185520573360164
    }
  ],