{
  "best": {
    "epoch_lwlrap": 0.8705003066219796,
    "loss": 0.09019117211065594,
    "lwlrap": 0.8726657038826351
  },
  "last": {
    "epoch_lwlrap": 0.8219005118244662,
    "loss": 0.13279341255861618,
    "lwlrap": 0.8235523871861741
  },
  "train.33": {
    "epoch_lwlrap": 0.8705003066219796,
    "loss": 0.09019117211065594,
    "lwlrap": 0.8726657038826351
  },
  "epoch_0": [
    "out/086_smaller_time_frames_ResNest_bce_weak_SAM_pitch_shift/fold1/checkpoints/train.1.pth",
    0.24447858299833805,
    {
      "epoch_lwlrap": 0.24447858299833805,
      "loss": 0.26233293896629695,
      "lwlrap": 0.24461886126647847
    }
  ],
  "epoch_1": [
    "out/086_smaller_time_frames_ResNest_bce_weak_SAM_pitch_shift/fold1/checkpoints/train.2.pth",
    0.2893563776150681,
    {
      "epoch_lwlrap": 0.2893563776150681,
      "loss": 0.2508830073333922,
      "lwlrap": 0.28993974402844097
    }
  ],
  "epoch_2": [
    "out/086_smaller_time_frames_ResNest_bce_weak_SAM_pitch_shift/fold1/checkpoints/train.3.pth",
    0.3511985923712947,
    {
      "epoch_lwlrap": 0.3511985923712947,
      "loss": 0.2325131921541123,
      "lwlrap": 0.35206693178407944
    }
  ],
  "epoch_3": [
    "out/086_smaller_time_frames_ResNest_bce_weak_SAM_pitch_shift/fold1/checkpoints/train.4.pth",
    0.43263222124397527,
    {
      "epoch_lwlrap": 0.43263222124397527,
      "loss": 0.21904619629420932,
      "lwlrap": 0.4335941382670131
    }
  ],
  "epoch_4": [
    "out/086_smaller_time_frames_ResNest_bce_weak_SAM_pitch_shift/fold1/checkpoints/train.5.pth",
    0.5223349173751768,
    {
      "epoch_lwlrap": 0.5223349173751768,
      "loss": 0.19872169551395236,
      "lwlrap": 0.5246274815307984
    }
  ],
  "epoch_5": [
    "out/086_smaller_time_frames_ResNest_bce_weak_SAM_pitch_shift/fold1/checkpoints/train.6.pth",
    0.5671149397285654,
    {
      "epoch_lwlrap": 0.5671149397285654,
      "loss": 0.18307886142579335,
      "lwlrap": 0.5686926978844221
    }
  ],
  "epoch_6": [
    "out/086_smaller_time_frames_ResNest_bce_weak_SAM_pitch_shift/fold1/checkpoints/train.7.pth",
    0.6373962328334952,
    {
      "epoch_lwlrap": 0.6373962328334952,
      "loss": 0.16754914891152156,
      "lwlrap": 0.6399987019382505
    }
  ],
  "epoch_7": [
    "out/086_smaller_time_frames_ResNest_bce_weak_SAM_pitch_shift/fold1/checkpoints/train.8.pth",
    0.6807316027423091,
    {
      "epoch_lwlrap": 0.6807316027423091,
      "loss": 0.15697119254914543,
      "lwlrap": 0.6826882206432272
    }
  ],
  "epoch_8": [
    "out/086_smaller_time_frames_ResNest_bce_weak_SAM_pitch_shift/fold1/checkpoints/train.9.pth",
    0.6995165210916721,
    {
      "epoch_lwlrap": 0.6995165210916721,
      "loss": 0.14432494011190206,
      "lwlrap": 0.7023233414872015
    }
  ],
  "epoch_9": [
    "out/086_smaller_time_frames_ResNest_bce_weak_SAM_pitch_shift/fold1/checkpoints/train.10.pth",
    0.7194870890788441,
    {
      "epoch_lwlrap": 0.7194870890788441,
      "loss": 0.13857085293247587,
      "lwlrap": 0.7215545335132496
    }
  ],
  "epoch_10": [
    "out/086_smaller_time_frames_ResNest_bce_weak_SAM_pitch_shift/fold1/checkpoints/train.11.pth",
    0.7034632155662126,
    {
      "epoch_lwlrap": 0.7034632155662126,
      "loss": 0.1401332990517692,
      "lwlrap": 0.7053730124672389
    }
  ],
  "epoch_11": [
    "out/086_smaller_time_frames_ResNest_bce_weak_SAM_pitch_shift/fold1/checkpoints/train.12.pth",
    0.7046632668156159,
    {
      "epoch_lwlrap": 0.7046632668156159,
      "loss": 0.13852066014494216,
      "lwlrap": 0.7064861708172776
    }
  ],
  "epoch_12": [
    "out/086_smaller_time_frames_ResNest_bce_weak_SAM_pitch_shift/fold1/checkpoints/train.13.pth",
    0.722912740481517,
    {
      "epoch_lwlrap": 0.722912740481517,
      "loss": 0.1401974752781883,
      "lwlrap": 0.724521596891656
    }
  ],
  "epoch_13": [
    "out/086_smaller_time_frames_ResNest_bce_weak_SAM_pitch_shift/fold1/checkpoints/train.14.pth",
    0.7302537656982677,
    {
      "epoch_lwlrap": 0.7302537656982677,
      "loss": 0.13778071247396015,
      "lwlrap": 0.7318325966134505
    }
  ],
  "epoch_14": [
    "out/086_smaller_time_frames_ResNest_bce_weak_SAM_pitch_shift/fold1/checkpoints/train.15.pth",
    0.7141525368068646,
    {
      "epoch_lwlrap": 0.7141525368068646,
      "loss": 0.14194010931348042,
      "lwlrap": 0.7158570565070665
    }
  ],
  "epoch_15": [
    "out/086_smaller_time_frames_ResNest_bce_weak_SAM_pitch_shift/fold1/checkpoints/train.16.pth",
    0.6940471442372583,
    {
      "epoch_lwlrap": 0.6940471442372583,
      "loss": 0.15385658021957155,
      "lwlrap": 0.6946924566547668
    }
  ],
  "epoch_16": [
    "out/086_smaller_time_frames_ResNest_bce_weak_SAM_pitch_shift/fold1/checkpoints/train.17.pth",
    0.7473810621149024,
    {
      "epoch_lwlrap": 0.7473810621149024,
      "loss": 0.1286091681510683,
      "lwlrap": 0.7488394778889007
    }
  ],
  "epoch_17": [
    "out/086_smaller_time_frames_ResNest_bce_weak_SAM_pitch_shift/fold1/checkpoints/train.18.pth",
    0.7414371218436011,
    {
      "epoch_lwlrap": 0.7414371218436011,
      "loss": 0.1374391714731852,
      "lwlrap": 0.74324929555377
    }
  ],
  "epoch_18": [
    "out/086_smaller_time_frames_ResNest_bce_weak_SAM_pitch_shift/fold1/checkpoints/train.19.pth",
    0.7498318749269319,
    {
      "epoch_lwlrap": 0.7498318749269319,
      "loss": 0.14514992244186856,
      "lwlrap": 0.7509651535161739
    }
  ],
  "epoch_19": [
    "out/086_smaller_time_frames_ResNest_bce_weak_SAM_pitch_shift/fold1/checkpoints/train.20.pth",
    0.7797499711948381,
    {
      "epoch_lwlrap": 0.7797499711948381,
      "loss": 0.12063504649060112,
      "lwlrap": 0.7806267194494707
    }
  ],
  "epoch_20": [
    "out/086_smaller_time_frames_ResNest_bce_weak_SAM_pitch_shift/fold1/checkpoints/train.21.pth",
    0.7752527995874003,
    {
      "epoch_lwlrap": 0.7752527995874003,
      "loss": 0.12333405490905519,
      "lwlrap": 0.7756586774083166
    }
  ],
  "epoch_21": [
    "out/086_smaller_time_frames_ResNest_bce_weak_SAM_pitch_shift/fold1/checkpoints/train.22.pth",
    0.7587535121805684,
    {
      "epoch_lwlrap": 0.7587535121805684,
      "loss": 0.1305882902372451,
      "lwlrap": 0.7601894830981935
    }
  ],
  "epoch_22": [
    "out/086_smaller_time_frames_ResNest_bce_weak_SAM_pitch_shift/fold1/checkpoints/train.23.pth",
    0.7475990106218242,
    {
      "epoch_lwlrap": 0.7475990106218242,
      "loss": 0.14469370695333633,
      "lwlrap": 0.7498742364216836
    }
  ],
  "epoch_23": [
    "out/086_smaller_time_frames_ResNest_bce_weak_SAM_pitch_shift/fold1/checkpoints/train.24.pth",
    0.8143030659665641,
    {
      "epoch_lwlrap": 0.8143030659665641,
      "loss": 0.10667907872370311,
      "lwlrap": 0.8150301186558745
    }
  ],
  "epoch_24": [
    "out/086_smaller_time_frames_ResNest_bce_weak_SAM_pitch_shift/fold1/checkpoints/train.25.pth",
    0.8464964693101575,
    {
      "epoch_lwlrap": 0.8464964693101575,
      "loss": 0.10526908957768999,
      "lwlrap": 0.8480817878966027
    }
  ],
  "epoch_25": [
    "out/086_smaller_time_frames_ResNest_bce_weak_SAM_pitch_shift/fold1/checkpoints/train.26.pth",
    0.8465626262204209,
    {
      "epoch_lwlrap": 0.8465626262204209,
      "loss": 0.09119227966145863,
      "lwlrap": 0.8482489868827737
    }
  ],
  "epoch_26": [
    "out/086_smaller_time_frames_ResNest_bce_weak_SAM_pitch_shift/fold1/checkpoints/train.27.pth",
    0.8395027059525758,
    {
      "epoch_lwlrap": 0.8395027059525758,
      "loss": 0.10342946429810826,
      "lwlrap": 0.8411576329391701
    }
  ],
  "epoch_27": [
    "out/086_smaller_time_frames_ResNest_bce_weak_SAM_pitch_shift/fold1/checkpoints/train.28.pth",
    0.8378473693162506,
    {
      "epoch_lwlrap": 0.8378473693162506,
      "loss": 0.10277575360877174,
      "lwlrap": 0.8402576925585836
    }
  ],