{
    "best": {
        "lwlrap": 0.5527388274926597,
        "loss": 0.429582308445658,
        "epoch": 26
    },
    "last": {
        "lwlrap": 0.5305213977293566,
        "loss": 0.3101424330047199,
        "epoch": 55
    },
    "epoch_1": {
        "lwlrap": 0.18739701998675568,
        "loss": 0.7165026707308633
    },
    "epoch_2": {
        "lwlrap": 0.19323496431314668,
        "loss": 0.6036746033600399
    },
    "epoch_3": {
        "lwlrap": 0.2165905456899879,
        "loss": 0.5898179113864899
    },
    "epoch_4": {
        "lwlrap": 0.2372026197875293,
        "loss": 0.5604836344718933
    },
    "epoch_5": {
        "lwlrap": 0.21938271959150094,
        "loss": 0.5723469746964318
    },
    "epoch_6": {
        "lwlrap": 0.2977397696200821,
        "loss": 0.5570353290864399
    },
    "epoch_7": {
        "lwlrap": 0.27541866996805453,
        "loss": 0.5262991253818784
    },
    "epoch_8": {
        "lwlrap": 0.28169522653615975,
        "loss": 0.5242450173412051
    },
    "epoch_9": {
        "lwlrap": 0.3082781725373628,
        "loss": 0.523611381649971
    },
    "epoch_10": {
        "lwlrap": 0.30726271373722536,
        "loss": 0.5199256922517504
    },
    "epoch_11": {
        "lwlrap": 0.3087868378026509,
        "loss": 0.5296219523463931
    },
    "epoch_12": {
        "lwlrap": 0.3074140960163354,
        "loss": 0.521437114902905
    },
    "epoch_13": {
        "lwlrap": 0.32591165700838076,
        "loss": 0.5151508620807103
    },
    "epoch_14": {
        "lwlrap": 0.28588840547724487,
        "loss": 0.5244832783937454
    },
    "epoch_15": {
        "lwlrap": 0.29598615966270414,
        "loss": 0.5092654675245285
    },
    "epoch_16": {
        "lwlrap": 0.3196578484924748,
        "loss": 0.5369041072470802
    },
    "epoch_17": {
        "lwlrap": 0.2956011461082064,
        "loss": 0.5308260811226708
    },
    "epoch_18": {
        "lwlrap": 0.3459081556538293,
        "loss": 0.535635307431221
    },
    "epoch_19": {
        "lwlrap": 0.33804534295242267,
        "loss": 0.5115508543593543
    },
    "epoch_20": {
        "lwlrap": 0.38802522003741513,
        "loss": 0.49350549493517193
    },
    "epoch_21": {
        "lwlrap": 0.43456727268578654,
        "loss": 0.49497847471918377
    },
    "epoch_22": {
        "lwlrap": 0.4481885088239389,
        "loss": 0.4633533614022391
    },
    "epoch_23": {
        "lwlrap": 0.42086475068884155,
        "loss": 0.49197289986269815
    },
    "epoch_24": {
        "lwlrap": 0.4658432656975283,
        "loss": 0.4806910923549107
    },
    "epoch_25": {
        "lwlrap": 0.494451595037565,
        "loss": 0.4426310977765492
    },
    "epoch_26": {
        "lwlrap": 0.5527388274926597,
        "loss": 0.429582308445658
    },
    "epoch_27": {
        "lwlrap": 0.47402482341506735,
        "loss": 0.38934897099222454
    },
    "epoch_28": {
        "lwlrap": 0.48689320748102416,
        "loss": 0.37759734051568167
    },
    "epoch_29": {
        "lwlrap": 0.5074189834555688,
        "loss": 0.36288751661777496
    },
    "epoch_30": {
        "lwlrap": 0.5028070980510004,
        "loss": 0.3610327179942812
    },
    "epoch_31": {
        "lwlrap": 0.4980775592970715,
        "loss": 0.36072769867522375
    },
    "epoch_32": {
        "lwlrap": 0.48455323331220035,
        "loss": 0.35929359814950396
    },
    "epoch_33": {
        "lwlrap": 0.4900727727556996,
        "loss": 0.36397688942296164
    },
    "epoch_34": {
        "lwlrap": 0.5254543559421608,
        "loss": 0.3632032520004681
    },
    "epoch_35": {
        "lwlrap": 0.5254028597234441,
        "loss": 0.3801080265215465
    },
    "epoch_36": {
        "lwlrap": 0.5468684137825177,
        "loss": 0.3890913448163441
    },
    "epoch_37": {
        "lwlrap": 0.48511309727801466,
        "loss": 0.4605114609003067
    },
    "epoch_38": {
        "lwlrap": 0.51958633507414,
        "loss": 0.44352446496486664
    },
    "epoch_39": {
        "lwlrap": 0.3555009847477566,
        "loss": 0.4676919217620577
    },
    "epoch_40": {
        "lwlrap": 0.5005597761874663,
        "loss": 0.3978885327066694
    },
    "epoch_41": {
        "lwlrap": 0.32764588313010123,
        "loss": 0.5916747046368462
    },
    "epoch_42": {
        "lwlrap": 0.5058648386767344,
        "loss": 0.41396293150527136
    },
    "epoch_43": {
        "lwlrap": 0.5148076602473265,
        "loss": 0.3950473229799952
    },
    "epoch_44": {
        "lwlrap": 0.4398446019045171,
        "loss": 0.4118101043360574
    },
    "epoch_45": {
        "lwlrap": 0.4428984109600284,
        "loss": 0.3670735316617148
    },
    "epoch_46": {
        "lwlrap": 0.4602437461950773,
        "loss": 0.36786623086248127
    },
    "epoch_47": {
        "lwlrap": 0.5290073205926864,
        "loss": 0.3043382785149983
    },
    "epoch_48": {
        "lwlrap": 0.5213848386588702,
        "loss": 0.3123989648052624
    },
    "epoch_49": {
        "lwlrap": 0.5245067032441495,
        "loss": 0.30501529042209896
    },
    "epoch_50": {
        "lwlrap": 0.5193040468219808,
        "loss": 0.303468827690397
    },
    "epoch_51": {
        "lwlrap": 0.526835742768311,
        "loss": 0.30285961606672834
    },
    "epoch_52": {
        "lwlrap": 0.5275444649404477,
        "loss": 0.30135263076850344
    },
    "epoch_53": {
        "lwlrap": 0.5231077634305754,
        "loss": 0.31009411279644283
    },
    "epoch_54": {
        "lwlrap": 0.4835609010788351,
        "loss": 0.3040660098195076
    },
    "epoch_55": {
        "lwlrap": 0.5305213977293566,
        "loss": 0.3101424330047199
    }
}