{
    "best": {
        "lwlrap": 0.8213066202090593,
        "loss": 0.14041243824693891,
        "epoch": 50
    },
    "last": {
        "lwlrap": 0.7665968584261267,
        "loss": 0.15960868365234798,
        "epoch": 55
    },
    "epoch_1": {
        "lwlrap": 0.2124788453051621,
        "loss": 0.3416215082009633
    },
    "epoch_2": {
        "lwlrap": 0.2956377223255131,
        "loss": 0.3068496618005965
    },
    "epoch_3": {
        "lwlrap": 0.34538395802776656,
        "loss": 0.27399517595767975
    },
    "epoch_4": {
        "lwlrap": 0.4069861502027552,
        "loss": 0.23697474598884583
    },
    "epoch_5": {
        "lwlrap": 0.4392201743485441,
        "loss": 0.2346013089021047
    },
    "epoch_6": {
        "lwlrap": 0.4699606638379953,
        "loss": 0.21832931207285988
    },
    "epoch_7": {
        "lwlrap": 0.4995293050194491,
        "loss": 0.20831448170873854
    },
    "epoch_8": {
        "lwlrap": 0.5692070905688272,
        "loss": 0.19996964765919578
    },
    "epoch_9": {
        "lwlrap": 0.5977948096398533,
        "loss": 0.19805627564589182
    },
    "epoch_10": {
        "lwlrap": 0.5917927972505042,
        "loss": 0.19233040677176583
    },
    "epoch_11": {
        "lwlrap": 0.5913138876298248,
        "loss": 0.1924647159046597
    },
    "epoch_12": {
        "lwlrap": 0.5714097046640244,
        "loss": 0.19199526641103956
    },
    "epoch_13": {
        "lwlrap": 0.5610569894345081,
        "loss": 0.19135373334089914
    },
    "epoch_14": {
        "lwlrap": 0.6271392885307784,
        "loss": 0.18628900746504465
    },
    "epoch_15": {
        "lwlrap": 0.6245603172281418,
        "loss": 0.19298569195800358
    },
    "epoch_16": {
        "lwlrap": 0.5562108525436321,
        "loss": 0.19533751077122158
    },
    "epoch_17": {
        "lwlrap": 0.6550510640324126,
        "loss": 0.182385868496365
    },
    "epoch_18": {
        "lwlrap": 0.5890484555990451,
        "loss": 0.19735226531823477
    },
    "epoch_19": {
        "lwlrap": 0.5832622516466812,
        "loss": 0.21179702381292978
    },
    "epoch_20": {
        "lwlrap": 0.5695774175703934,
        "loss": 0.20665497415595585
    },
    "epoch_21": {
        "lwlrap": 0.614249209989675,
        "loss": 0.2062719596756829
    },
    "epoch_22": {
        "lwlrap": 0.6440566137540749,
        "loss": 0.19510672158665127
    },
    "epoch_23": {
        "lwlrap": 0.6787307222801446,
        "loss": 0.1742209792137146
    },
    "epoch_24": {
        "lwlrap": 0.7016223382866138,
        "loss": 0.18395749893453386
    },
    "epoch_25": {
        "lwlrap": 0.6799387807314636,
        "loss": 0.16845636235343087
    },
    "epoch_26": {
        "lwlrap": 0.7242044134727063,
        "loss": 0.16320781575308907
    },
    "epoch_27": {
        "lwlrap": 0.7639258438038925,
        "loss": 0.14795459972487557
    },
    "epoch_28": {
        "lwlrap": 0.7646973527030916,
        "loss": 0.14641380806763968
    },
    "epoch_29": {
        "lwlrap": 0.782205711552914,
        "loss": 0.1524195389615165
    },
    "epoch_30": {
        "lwlrap": 0.7728977932636469,
        "loss": 0.15014322267638314
    },
    "epoch_31": {
        "lwlrap": 0.7804432830042586,
        "loss": 0.15030061039659712
    },
    "epoch_32": {
        "lwlrap": 0.7844801985834984,
        "loss": 0.14901572300328148
    },
    "epoch_33": {
        "lwlrap": 0.7865466511807975,
        "loss": 0.1476188095079528
    },
    "epoch_34": {
        "lwlrap": 0.7794483159117305,
        "loss": 0.150826343231731
    },
    "epoch_35": {
        "lwlrap": 0.7705467878208194,
        "loss": 0.1590543935696284
    },
    "epoch_36": {
        "lwlrap": 0.730950843752135,
        "loss": 0.17445494565698835
    },
    "epoch_37": {
        "lwlrap": 0.6925336133657511,
        "loss": 0.18174001740084755
    },
    "epoch_38": {
        "lwlrap": 0.712627095127095,
        "loss": 0.1635349475675159
    },
    "epoch_39": {
        "lwlrap": 0.6064749613530102,
        "loss": 0.1769882490237554
    },
    "epoch_40": {
        "lwlrap": 0.6374686100447619,
        "loss": 0.1820429546965493
    },
    "epoch_41": {
        "lwlrap": 0.6611416090684383,
        "loss": 0.18079551226562923
    },
    "epoch_42": {
        "lwlrap": 0.6469065160887255,
        "loss": 0.18645495341883767
    },
    "epoch_43": {
        "lwlrap": 0.68966495463475,
        "loss": 0.17283607688215044
    },
    "epoch_44": {
        "lwlrap": 0.7489227614406955,
        "loss": 0.15833696722984314
    },
    "epoch_45": {
        "lwlrap": 0.689136786251751,
        "loss": 0.165930338203907
    },
    "epoch_46": {
        "lwlrap": 0.7708331728848228,
        "loss": 0.14829751352469125
    },
    "epoch_47": {
        "lwlrap": 0.7751544390568781,
        "loss": 0.15237679415278965
    },
    "epoch_48": {
        "lwlrap": 0.7797373716670704,
        "loss": 0.151646060248216
    },
    "epoch_49": {
        "lwlrap": 0.8196688677176482,
        "loss": 0.14077308856778675
    },
    "epoch_50": {
        "lwlrap": 0.8213066202090593,
        "loss": 0.14041243824693891
    },
    "epoch_51": {
        "lwlrap": 0.8087012987012987,
        "loss": 0.14053278499179417
    },
    "epoch_52": {
        "lwlrap": 0.8000012182939011,
        "loss": 0.14216671801275677
    },
    "epoch_53": {
        "lwlrap": 0.8070015485869144,
        "loss": 0.13733628723356459
    },
    "epoch_54": {
        "lwlrap": 0.7870541653468482,
        "loss": 0.153506005803744
    },
    "epoch_55": {
        "lwlrap": 0.7665968584261267,
        "loss": 0.15960868365234798
    }
}