{
  "best": {
    "epoch_lwlrap": 0.8707906970986097,
    "lwlrap": 0.8707906970986096,
    "loss": 0.124999022853058
  },
  "last": {
    "epoch_lwlrap": 0.8574338433909929,
    "lwlrap": 0.8574338433909928,
    "loss": 0.13342400963327525
  },
  "train.27": {
    "epoch_lwlrap": 0.8707906970986097,
    "lwlrap": 0.8707906970986096,
    "loss": 0.124999022853058
  },
  "epoch_0": [
    "out/065_Timm_EfficientNetB3-Mixup-5fold/fold0/checkpoints/train.1.pth",
    0.3314591964265585,
    {
      "epoch_lwlrap": 0.3314591964265585,
      "lwlrap": 0.3314591964265585,
      "loss": 0.345754372862588
    }
  ],
  "epoch_1": [
    "out/065_Timm_EfficientNetB3-Mixup-5fold/fold0/checkpoints/train.2.pth",
    0.5286235476305752,
    {
      "epoch_lwlrap": 0.5286235476305752,
      "lwlrap": 0.5286235476305753,
      "loss": 0.272859462594564
    }
  ],
  "epoch_2": [
    "out/065_Timm_EfficientNetB3-Mixup-5fold/fold0/checkpoints/train.3.pth",
    0.676153603034134,
    {
      "epoch_lwlrap": 0.676153603034134,
      "lwlrap": 0.676153603034134,
      "loss": 0.21013300846108293
    }
  ],
  "epoch_3": [
    "out/065_Timm_EfficientNetB3-Mixup-5fold/fold0/checkpoints/train.4.pth",
    0.740427345515841,
    {
      "epoch_lwlrap": 0.740427345515841,
      "lwlrap": 0.7404273455158411,
      "loss": 0.19650860262655578
    }
  ],
  "epoch_4": [
    "out/065_Timm_EfficientNetB3-Mixup-5fold/fold0/checkpoints/train.5.pth",
    0.78116691568019,
    {
      "epoch_lwlrap": 0.78116691568019,
      "lwlrap": 0.78116691568019,
      "loss": 0.16652186729211724
    }
  ],
  "epoch_5": [
    "out/065_Timm_EfficientNetB3-Mixup-5fold/fold0/checkpoints/train.6.pth",
    0.8244785082174463,
    {
      "epoch_lwlrap": 0.8244785082174463,
      "lwlrap": 0.8244785082174463,
      "loss": 0.14380674024598789
    }
  ],
  "epoch_6": [
    "out/065_Timm_EfficientNetB3-Mixup-5fold/fold0/checkpoints/train.7.pth",
    0.8587410047645259,
    {
      "epoch_lwlrap": 0.8587410047645259,
      "lwlrap": 0.8587410047645259,
      "loss": 0.12678973442685287
    }
  ],
  "epoch_7": [
    "out/065_Timm_EfficientNetB3-Mixup-5fold/fold0/checkpoints/train.8.pth",
    0.8519131289812322,
    {
      "epoch_lwlrap": 0.8519131289812322,
      "lwlrap": 0.8519131289812321,
      "loss": 0.12925534847035872
    }
  ],
  "epoch_8": [
    "out/065_Timm_EfficientNetB3-Mixup-5fold/fold0/checkpoints/train.9.pth",
    0.8616286469932103,
    {
      "epoch_lwlrap": 0.8616286469932103,
      "lwlrap": 0.8616286469932102,
      "loss": 0.1252949522659842
    }
  ],
  "epoch_9": [
    "out/065_Timm_EfficientNetB3-Mixup-5fold/fold0/checkpoints/train.10.pth",
    0.8554355529682578,
    {
      "epoch_lwlrap": 0.8554355529682578,
      "lwlrap": 0.8554355529682578,
      "loss": 0.12493101309622283
    }
  ],
  "epoch_10": [
    "out/065_Timm_EfficientNetB3-Mixup-5fold/fold0/checkpoints/train.11.pth",
    0.8587083249357201,
    {
      "epoch_lwlrap": 0.8587083249357201,
      "lwlrap": 0.85870832493572,
      "loss": 0.1255219820062671
    }
  ],
  "epoch_11": [
    "out/065_Timm_EfficientNetB3-Mixup-5fold/fold0/checkpoints/train.12.pth",
    0.8669470012053698,
    {
      "epoch_lwlrap": 0.8669470012053698,
      "lwlrap": 0.8669470012053697,
      "loss": 0.12693972925169278
    }
  ],
  "epoch_12": [
    "out/065_Timm_EfficientNetB3-Mixup-5fold/fold0/checkpoints/train.13.pth",
    0.8653241525692469,
    {
      "epoch_lwlrap": 0.8653241525692469,
      "lwlrap": 0.8653241525692469,
      "loss": 0.1289295066246944
    }
  ],
  "epoch_13": [
    "out/065_Timm_EfficientNetB3-Mixup-5fold/fold0/checkpoints/train.14.pth",
    0.8472032269598642,
    {
      "epoch_lwlrap": 0.8472032269598642,
      "lwlrap": 0.8472032269598642,
      "loss": 0.1289184411278868
    }
  ],
  "epoch_14": [
    "out/065_Timm_EfficientNetB3-Mixup-5fold/fold0/checkpoints/train.15.pth",
    0.8475481334321273,
    {
      "epoch_lwlrap": 0.8475481334321273,
      "lwlrap": 0.8475481334321272,
      "loss": 0.14691427402791724
    }
  ],
  "epoch_15": [
    "out/065_Timm_EfficientNetB3-Mixup-5fold/fold0/checkpoints/train.16.pth",
    0.8309542206329432,
    {
      "epoch_lwlrap": 0.8309542206329432,
      "lwlrap": 0.8309542206329431,
      "loss": 0.15995278216041295
    }
  ],
  "epoch_16": [
    "out/065_Timm_EfficientNetB3-Mixup-5fold/fold0/checkpoints/train.17.pth",
    0.8060758397474442,
    {
      "epoch_lwlrap": 0.8060758397474442,
      "lwlrap": 0.8060758397474442,
      "loss": 0.1780732914937281
    }
  ],
  "epoch_17": [
    "out/065_Timm_EfficientNetB3-Mixup-5fold/fold0/checkpoints/train.18.pth",
    0.8134104649038277,
    {
      "epoch_lwlrap": 0.8134104649038277,
      "lwlrap": 0.8134104649038276,
      "loss": 0.16062436892395526
    }
  ],
  "epoch_18": [
    "out/065_Timm_EfficientNetB3-Mixup-5fold/fold0/checkpoints/train.19.pth",
    0.805599261519525,
    {
      "epoch_lwlrap": 0.805599261519525,
      "lwlrap": 0.8055992615195249,
      "loss": 0.1687477659598916
    }
  ],
  "epoch_19": [
    "out/065_Timm_EfficientNetB3-Mixup-5fold/fold0/checkpoints/train.20.pth",
    0.7910994118958721,
    {
      "epoch_lwlrap": 0.7910994118958721,
      "lwlrap": 0.7910994118958721,
      "loss": 0.1724180618746091
    }
  ],
  "epoch_20": [
    "out/065_Timm_EfficientNetB3-Mixup-5fold/fold0/checkpoints/train.21.pth",
    0.8078930817927092,
    {
      "epoch_lwlrap": 0.8078930817927092,
      "lwlrap": 0.8078930817927091,
      "loss": 0.1659519288655931
    }
  ],
  "epoch_21": [
    "out/065_Timm_EfficientNetB3-Mixup-5fold/fold0/checkpoints/train.22.pth",
    0.816008258160098,
    {
      "epoch_lwlrap": 0.816008258160098,
      "lwlrap": 0.8160082581600979,
      "loss": 0.15469097959256806
    }
  ],
  "epoch_22": [
    "out/065_Timm_EfficientNetB3-Mixup-5fold/fold0/checkpoints/train.23.pth",
    0.8539051057129278,
    {
      "epoch_lwlrap": 0.8539051057129278,
      "lwlrap": 0.8539051057129277,
      "loss": 0.14247461118265592
    }
  ],
  "epoch_23": [
    "out/065_Timm_EfficientNetB3-Mixup-5fold/fold0/checkpoints/train.24.pth",
    0.8567503823093018,
    {
      "epoch_lwlrap": 0.8567503823093018,
      "lwlrap": 0.8567503823093017,
      "loss": 0.14088001537375747
    }
  ],
  "epoch_24": [
    "out/065_Timm_EfficientNetB3-Mixup-5fold/fold0/checkpoints/train.25.pth",
    0.8193225263685056,
    {
      "epoch_lwlrap": 0.8193225263685056,
      "lwlrap": 0.8193225263685056,
      "loss": 0.14320966851922262
    }
  ],
  "epoch_25": [
    "out/065_Timm_EfficientNetB3-Mixup-5fold/fold0/checkpoints/train.26.pth",
    0.8426528196714351,
    {
      "epoch_lwlrap": 0.8426528196714351,
      "lwlrap": 0.8426528196714351,
      "loss": 0.13781505361594984
    }
  ],
  "epoch_26": [
    "out/065_Timm_EfficientNetB3-Mixup-5fold/fold0/checkpoints/train.27.pth",
    0.8707906970986097,
    {
      "epoch_lwlrap": 0.8707906970986097,
      "lwlrap": 0.8707906970986096,
      "loss": 0.124999022853058
    }
  ],
  "epoch_27": [
    "out/065_Timm_EfficientNetB3-Mixup-5fold/fold0/checkpoints/train.28.pth",
    0.8597436034441157,
    {
      "epoch_lwlrap": 0.8597436034441157,
      "lwlrap": 0.8597436034441157,
      "loss": 0.13107112063243326
    }
  ],
  "epoch_28": [
    "out/065_Timm_EfficientNetB3-Mixup-5fold/fold0/checkpoints/train.29.pth",
    0.8635779246203504,
    {
      "epoch_lwlrap": 0.8635779246203504,
      "lwlrap": 0.8635779246203503,
      "loss": 0.1310520451680749
    }
  ],
  "epoch_29": [
    "out/065_Timm_EfficientNetB3-Mixup-5fold/fold0/checkpoints/train.30.pth",
    0.8559862128504421,
    {
      "epoch_lwlrap": 0.8559862128504421,
      "lwlrap": 0.855986212850442,
      "loss": 0.13006522275705254
    }
  ],
  "epoch_30": [
    "out/065_Timm_EfficientNetB3-Mixup-5fold/fold0/checkpoints/train.31.pth",
    0.8620763577621984,
    {
      "epoch_lwlrap": 0.8620763577621984,
      "lwlrap": 0.8620763577621984,
      "loss": 0.1315116795290888
    }
  ],