{
  "best": {
    "epoch_lwlrap": 0.8451406907040007,
    "lwlrap": 0.8462195975253616,
    "loss": 0.31310728591092873
  },
  "last": {
    "epoch_lwlrap": 0.8403698134037891,
    "lwlrap": 0.8411993912787296,
    "loss": 0.3142814678205571
  },
  "train.54": {
    "epoch_lwlrap": 0.8451406907040007,
    "lwlrap": 0.8462195975253616,
    "loss": 0.31310728591092873
  },
  "epoch_0": [
    "out/075_EfficientNet_strong_focal_5fold/fold0/checkpoints/train.1.pth",
    0.37318324389725743,
    {
      "epoch_lwlrap": 0.37318324389725743,
      "lwlrap": 0.37336800310161955,
      "loss": 0.6359611065454887
    }
  ],
  "epoch_1": [
    "out/075_EfficientNet_strong_focal_5fold/fold0/checkpoints/train.2.pth",
    0.678619384032618,
    {
      "epoch_lwlrap": 0.678619384032618,
      "lwlrap": 0.6790837230836169,
      "loss": 0.47151933295626036
    }
  ],
  "epoch_2": [
    "out/075_EfficientNet_strong_focal_5fold/fold0/checkpoints/train.3.pth",
    0.7184413011382105,
    {
      "epoch_lwlrap": 0.7184413011382105,
      "lwlrap": 0.7187788952557455,
      "loss": 0.3726755680752472
    }
  ],
  "epoch_3": [
    "out/075_EfficientNet_strong_focal_5fold/fold0/checkpoints/train.4.pth",
    0.7694513678411983,
    {
      "epoch_lwlrap": 0.7694513678411983,
      "lwlrap": 0.7697056674958441,
      "loss": 0.33792162424241995
    }
  ],
  "epoch_4": [
    "out/075_EfficientNet_strong_focal_5fold/fold0/checkpoints/train.5.pth",
    0.7963243206887275,
    {
      "epoch_lwlrap": 0.7963243206887275,
      "lwlrap": 0.796867332725505,
      "loss": 0.31748248500303483
    }
  ],
  "epoch_5": [
    "out/075_EfficientNet_strong_focal_5fold/fold0/checkpoints/train.6.pth",
    0.8050285650983557,
    {
      "epoch_lwlrap": 0.8050285650983557,
      "lwlrap": 0.8057661635012022,
      "loss": 0.30236787579848734
    }
  ],
  "epoch_6": [
    "out/075_EfficientNet_strong_focal_5fold/fold0/checkpoints/train.7.pth",
    0.8252348653894017,
    {
      "epoch_lwlrap": 0.8252348653894017,
      "lwlrap": 0.825578587707963,
      "loss": 0.30998170501749284
    }
  ],
  "epoch_7": [
    "out/075_EfficientNet_strong_focal_5fold/fold0/checkpoints/train.8.pth",
    0.8361919436495707,
    {
      "epoch_lwlrap": 0.8361919436495707,
      "lwlrap": 0.8363481895601942,
      "loss": 0.2796077760802188
    }
  ],
  "epoch_8": [
    "out/075_EfficientNet_strong_focal_5fold/fold0/checkpoints/train.9.pth",
    0.8428167877320419,
    {
      "epoch_lwlrap": 0.8428167877320419,
      "lwlrap": 0.8426658612705125,
      "loss": 0.2693797436503458
    }
  ],
  "epoch_9": [
    "out/075_EfficientNet_strong_focal_5fold/fold0/checkpoints/train.10.pth",
    0.8367972705260841,
    {
      "epoch_lwlrap": 0.8367972705260841,
      "lwlrap": 0.8370059327068826,
      "loss": 0.2671558816038387
    }
  ],
  "epoch_10": [
    "out/075_EfficientNet_strong_focal_5fold/fold0/checkpoints/train.11.pth",
    0.8400511541189508,
    {
      "epoch_lwlrap": 0.8400511541189508,
      "lwlrap": 0.8402410387588901,
      "loss": 0.269603549384735
    }
  ],
  "epoch_11": [
    "out/075_EfficientNet_strong_focal_5fold/fold0/checkpoints/train.12.pth",
    0.8406556861217878,
    {
      "epoch_lwlrap": 0.8406556861217878,
      "lwlrap": 0.8405689118584223,
      "loss": 0.27291309896489263
    }
  ],
  "epoch_12": [
    "out/075_EfficientNet_strong_focal_5fold/fold0/checkpoints/train.13.pth",
    0.8442634450959476,
    {
      "epoch_lwlrap": 0.8442634450959476,
      "lwlrap": 0.8438985563534313,
      "loss": 0.2739696399321858
    }
  ],
  "epoch_13": [
    "out/075_EfficientNet_strong_focal_5fold/fold0/checkpoints/train.14.pth",
    0.8351460733240395,
    {
      "epoch_lwlrap": 0.8351460733240395,
      "lwlrap": 0.8351956273109646,
      "loss": 0.28168841766219743
    }
  ],
  "epoch_14": [
    "out/075_EfficientNet_strong_focal_5fold/fold0/checkpoints/train.15.pth",
    0.8132369198321342,
    {
      "epoch_lwlrap": 0.8132369198321342,
      "lwlrap": 0.8132538222789484,
      "loss": 0.3224416944972226
    }
  ],
  "epoch_15": [
    "out/075_EfficientNet_strong_focal_5fold/fold0/checkpoints/train.16.pth",
    0.784344461066794,
    {
      "epoch_lwlrap": 0.784344461066794,
      "lwlrap": 0.784441574617413,
      "loss": 0.34177471246098134
    }
  ],
  "epoch_16": [
    "out/075_EfficientNet_strong_focal_5fold/fold0/checkpoints/train.17.pth",
    0.7785294827366438,
    {
      "epoch_lwlrap": 0.7785294827366438,
      "lwlrap": 0.7782158293727666,
      "loss": 0.35460008743783117
    }
  ],
  "epoch_17": [
    "out/075_EfficientNet_strong_focal_5fold/fold0/checkpoints/train.18.pth",
    0.7197631678927265,
    {
      "epoch_lwlrap": 0.7197631678927265,
      "lwlrap": 0.720907819119311,
      "loss": 0.4810497609662338
    }
  ],
  "epoch_18": [
    "out/075_EfficientNet_strong_focal_5fold/fold0/checkpoints/train.19.pth",
    0.7632715777631032,
    {
      "epoch_lwlrap": 0.7632715777631032,
      "lwlrap": 0.7642259358358277,
      "loss": 0.40384782410003767
    }
  ],
  "epoch_19": [
    "out/075_EfficientNet_strong_focal_5fold/fold0/checkpoints/train.20.pth",
    0.7911519553892434,
    {
      "epoch_lwlrap": 0.7911519553892434,
      "lwlrap": 0.7919976054138055,
      "loss": 0.40436763830587896
    }
  ],
  "epoch_20": [
    "out/075_EfficientNet_strong_focal_5fold/fold0/checkpoints/train.21.pth",
    0.8066802406632915,
    {
      "epoch_lwlrap": 0.8066802406632915,
      "lwlrap": 0.8071557988995754,
      "loss": 0.3514120012101993
    }
  ],
  "epoch_21": [
    "out/075_EfficientNet_strong_focal_5fold/fold0/checkpoints/train.22.pth",
    0.814267390690621,
    {
      "epoch_lwlrap": 0.814267390690621,
      "lwlrap": 0.8148478052517825,
      "loss": 0.32687059212738356
    }
  ],
  "epoch_22": [
    "out/075_EfficientNet_strong_focal_5fold/fold0/checkpoints/train.23.pth",
    0.795283009287101,
    {
      "epoch_lwlrap": 0.795283009287101,
      "lwlrap": 0.7953501629254499,
      "loss": 0.35339305822698164
    }
  ],
  "epoch_23": [
    "out/075_EfficientNet_strong_focal_5fold/fold0/checkpoints/train.24.pth",
    0.7956000557545921,
    {
      "epoch_lwlrap": 0.7956000557545921,
      "lwlrap": 0.7961034634069596,
      "loss": 0.311783905285345
    }
  ],
  "epoch_24": [
    "out/075_EfficientNet_strong_focal_5fold/fold0/checkpoints/train.25.pth",
    0.8267943026841331,
    {
      "epoch_lwlrap": 0.8267943026841331,
      "lwlrap": 0.8277983684028967,
      "loss": 0.3211473329386241
    }
  ],
  "epoch_25": [
    "out/075_EfficientNet_strong_focal_5fold/fold0/checkpoints/train.26.pth",
    0.8135675906014889,
    {
      "epoch_lwlrap": 0.8135675906014889,
      "lwlrap": 0.8142789050636772,
      "loss": 0.32886982404849896
    }
  ],
  "epoch_26": [
    "out/075_EfficientNet_strong_focal_5fold/fold0/checkpoints/train.27.pth",
    0.8255084446230744,
    {
      "epoch_lwlrap": 0.8255084446230744,
      "lwlrap": 0.8265343129590655,
      "loss": 0.31803422746524007
    }
  ],
  "epoch_27": [
    "out/075_EfficientNet_strong_focal_5fold/fold0/checkpoints/train.28.pth",
    0.8287963166776726,
    {
      "epoch_lwlrap": 0.8287963166776726,
      "lwlrap": 0.8297246102342803,
      "loss": 0.3335816272547547
    }
  ],
  "epoch_28": [
    "out/075_EfficientNet_strong_focal_5fold/fold0/checkpoints/train.29.pth",
    0.825537158846704,
    {
      "epoch_lwlrap": 0.825537158846704,
      "lwlrap": 0.8261949787708532,
      "loss": 0.32220775644544153
    }
  ],
  "epoch_29": [
    "out/075_EfficientNet_strong_focal_5fold/fold0/checkpoints/train.30.pth",
    0.8310877852447879,
    {
      "epoch_lwlrap": 0.8310877852447879,
      "lwlrap": 0.8318339540101471,
      "loss": 0.32606349171886984
    }
  ],
  "epoch_30": [
    "out/075_EfficientNet_strong_focal_5fold/fold0/checkpoints/train.31.pth",
    0.8282152028762197,
    {
      "epoch_lwlrap": 0.8282152028762197,
      "lwlrap": 0.8287443630003481,
      "loss": 0.32595193050277066
    }
  ],