{
  "best": {
    "epoch_lwlrap": 0.8670927746760304,
    "lwlrap": 0.8670927746760304,
    "loss": 0.12278061795287427
  },
  "last": {
    "epoch_lwlrap": 0.8445186039017376,
    "lwlrap": 0.8445186039017377,
    "loss": 0.13140987670790832
  },
  "train.33": {
    "epoch_lwlrap": 0.8670927746760304,
    "lwlrap": 0.8670927746760304,
    "loss": 0.12278061795287427
  },
  "epoch_0": [
    "out/064_EfficientNetB3-Mixup-5fold/fold0/checkpoints/train.1.pth",
    0.22712844186328568,
    {
      "epoch_lwlrap": 0.22712844186328568,
      "lwlrap": 0.22712844186328568,
      "loss": 0.5878668923293595
    }
  ],
  "epoch_1": [
    "out/064_EfficientNetB3-Mixup-5fold/fold0/checkpoints/train.2.pth",
    0.27509583792665404,
    {
      "epoch_lwlrap": 0.27509583792665404,
      "lwlrap": 0.275095837926654,
      "loss": 0.3575708154028496
    }
  ],
  "epoch_2": [
    "out/064_EfficientNetB3-Mixup-5fold/fold0/checkpoints/train.3.pth",
    0.3111131447232377,
    {
      "epoch_lwlrap": 0.3111131447232377,
      "lwlrap": 0.31111314472323764,
      "loss": 0.32802831810132593
    }
  ],
  "epoch_3": [
    "out/064_EfficientNetB3-Mixup-5fold/fold0/checkpoints/train.4.pth",
    0.4823859209410496,
    {
      "epoch_lwlrap": 0.4823859209410496,
      "lwlrap": 0.48238592094104954,
      "loss": 0.2888974244088198
    }
  ],
  "epoch_4": [
    "out/064_EfficientNetB3-Mixup-5fold/fold0/checkpoints/train.5.pth",
    0.5718784438236252,
    {
      "epoch_lwlrap": 0.5718784438236252,
      "lwlrap": 0.5718784438236252,
      "loss": 0.27137517665339783
    }
  ],
  "epoch_5": [
    "out/064_EfficientNetB3-Mixup-5fold/fold0/checkpoints/train.6.pth",
    0.6426375383454687,
    {
      "epoch_lwlrap": 0.6426375383454687,
      "lwlrap": 0.6426375383454687,
      "loss": 0.22367283899699691
    }
  ],
  "epoch_6": [
    "out/064_EfficientNetB3-Mixup-5fold/fold0/checkpoints/train.7.pth",
    0.676470538068183,
    {
      "epoch_lwlrap": 0.676470538068183,
      "lwlrap": 0.676470538068183,
      "loss": 0.21421018902179415
    }
  ],
  "epoch_7": [
    "out/064_EfficientNetB3-Mixup-5fold/fold0/checkpoints/train.8.pth",
    0.7212441580077322,
    {
      "epoch_lwlrap": 0.7212441580077322,
      "lwlrap": 0.7212441580077322,
      "loss": 0.19923301515853512
    }
  ],
  "epoch_8": [
    "out/064_EfficientNetB3-Mixup-5fold/fold0/checkpoints/train.9.pth",
    0.772041142818082,
    {
      "epoch_lwlrap": 0.772041142818082,
      "lwlrap": 0.7720411428180819,
      "loss": 0.17240876856103407
    }
  ],
  "epoch_9": [
    "out/064_EfficientNetB3-Mixup-5fold/fold0/checkpoints/train.10.pth",
    0.8180287303133134,
    {
      "epoch_lwlrap": 0.8180287303133134,
      "lwlrap": 0.8180287303133135,
      "loss": 0.16106247031583196
    }
  ],
  "epoch_10": [
    "out/064_EfficientNetB3-Mixup-5fold/fold0/checkpoints/train.11.pth",
    0.834972663960787,
    {
      "epoch_lwlrap": 0.834972663960787,
      "lwlrap": 0.834972663960787,
      "loss": 0.1539848533879339
    }
  ],
  "epoch_11": [
    "out/064_EfficientNetB3-Mixup-5fold/fold0/checkpoints/train.12.pth",
    0.8371523388116309,
    {
      "epoch_lwlrap": 0.8371523388116309,
      "lwlrap": 0.8371523388116309,
      "loss": 0.14799423845468368
    }
  ],
  "epoch_12": [
    "out/064_EfficientNetB3-Mixup-5fold/fold0/checkpoints/train.13.pth",
    0.8367605108755551,
    {
      "epoch_lwlrap": 0.8367605108755551,
      "lwlrap": 0.8367605108755551,
      "loss": 0.1462591688717361
    }
  ],
  "epoch_13": [
    "out/064_EfficientNetB3-Mixup-5fold/fold0/checkpoints/train.14.pth",
    0.8518764605600888,
    {
      "epoch_lwlrap": 0.8518764605600888,
      "lwlrap": 0.8518764605600888,
      "loss": 0.1341345463178854
    }
  ],
  "epoch_14": [
    "out/064_EfficientNetB3-Mixup-5fold/fold0/checkpoints/train.15.pth",
    0.8470725211597206,
    {
      "epoch_lwlrap": 0.8470725211597206,
      "lwlrap": 0.8470725211597206,
      "loss": 0.1387754930595381
    }
  ],
  "epoch_15": [
    "out/064_EfficientNetB3-Mixup-5fold/fold0/checkpoints/train.16.pth",
    0.7946044509455493,
    {
      "epoch_lwlrap": 0.7946044509455493,
      "lwlrap": 0.7946044509455493,
      "loss": 0.1660159532211523
    }
  ],
  "epoch_16": [
    "out/064_EfficientNetB3-Mixup-5fold/fold0/checkpoints/train.17.pth",
    0.7939160888275931,
    {
      "epoch_lwlrap": 0.7939160888275931,
      "lwlrap": 0.7939160888275932,
      "loss": 0.18513937835144786
    }
  ],
  "epoch_17": [
    "out/064_EfficientNetB3-Mixup-5fold/fold0/checkpoints/train.18.pth",
    0.7631569819069819,
    {
      "epoch_lwlrap": 0.7631569819069819,
      "lwlrap": 0.7631569819069819,
      "loss": 0.20672877594433
    }
  ],
  "epoch_18": [
    "out/064_EfficientNetB3-Mixup-5fold/fold0/checkpoints/train.19.pth",
    0.7658972173352705,
    {
      "epoch_lwlrap": 0.7658972173352705,
      "lwlrap": 0.7658972173352705,
      "loss": 0.1806709732102082
    }
  ],
  "epoch_19": [
    "out/064_EfficientNetB3-Mixup-5fold/fold0/checkpoints/train.20.pth",
    0.7421383657614444,
    {
      "epoch_lwlrap": 0.7421383657614444,
      "lwlrap": 0.7421383657614444,
      "loss": 0.22683700615853336
    }
  ],
  "epoch_20": [
    "out/064_EfficientNetB3-Mixup-5fold/fold0/checkpoints/train.21.pth",
    0.7328210380222748,
    {
      "epoch_lwlrap": 0.7328210380222748,
      "lwlrap": 0.7328210380222749,
      "loss": 0.19800196930897973
    }
  ],
  "epoch_21": [
    "out/064_EfficientNetB3-Mixup-5fold/fold0/checkpoints/train.22.pth",
    0.7470028226349945,
    {
      "epoch_lwlrap": 0.7470028226349945,
      "lwlrap": 0.7470028226349945,
      "loss": 0.18652585676286074
    }
  ],
  "epoch_22": [
    "out/064_EfficientNetB3-Mixup-5fold/fold0/checkpoints/train.23.pth",
    0.7975568264111086,
    {
      "epoch_lwlrap": 0.7975568264111086,
      "lwlrap": 0.7975568264111085,
      "loss": 0.16501384920778528
    }
  ],
  "epoch_23": [
    "out/064_EfficientNetB3-Mixup-5fold/fold0/checkpoints/train.24.pth",
    0.8023271506736807,
    {
      "epoch_lwlrap": 0.8023271506736807,
      "lwlrap": 0.8023271506736807,
      "loss": 0.15889193842896318
    }
  ],
  "epoch_24": [
    "out/064_EfficientNetB3-Mixup-5fold/fold0/checkpoints/train.25.pth",
    0.8289571947974218,
    {
      "epoch_lwlrap": 0.8289571947974218,
      "lwlrap": 0.8289571947974217,
      "loss": 0.14509871733927093
    }
  ],
  "epoch_25": [
    "out/064_EfficientNetB3-Mixup-5fold/fold0/checkpoints/train.26.pth",
    0.8264096931348759,
    {
      "epoch_lwlrap": 0.8264096931348759,
      "lwlrap": 0.8264096931348759,
      "loss": 0.13062406667565876
    }
  ],
  "epoch_26": [
    "out/064_EfficientNetB3-Mixup-5fold/fold0/checkpoints/train.27.pth",
    0.8445163607637236,
    {
      "epoch_lwlrap": 0.8445163607637236,
      "lwlrap": 0.8445163607637236,
      "loss": 0.13014601408380322
    }
  ],
  "epoch_27": [
    "out/064_EfficientNetB3-Mixup-5fold/fold0/checkpoints/train.28.pth",
    0.8548715704905586,
    {
      "epoch_lwlrap": 0.8548715704905586,
      "lwlrap": 0.8548715704905585,
      "loss": 0.12751817386762232
    }
  ],
  "epoch_28": [
    "out/064_EfficientNetB3-Mixup-5fold/fold0/checkpoints/train.29.pth",
    0.8595913796135035,
    {
      "epoch_lwlrap": 0.8595913796135035,
      "lwlrap": 0.8595913796135035,
      "loss": 0.11960811187735701
    }
  ],
  "epoch_29": [
    "out/064_EfficientNetB3-Mixup-5fold/fold0/checkpoints/train.30.pth",
    0.8639338186626111,
    {
      "epoch_lwlrap": 0.8639338186626111,
      "lwlrap": 0.8639338186626111,
      "loss": 0.11970323904425698
    }
  ],
  "epoch_30": [
    "out/064_EfficientNetB3-Mixup-5fold/fold0/checkpoints/train.31.pth",
    0.8658283211380556,
    {
      "epoch_lwlrap": 0.8658283211380556,
      "lwlrap": 0.8658283211380556,
      "loss": 0.12014506137476558
    }
  ],