{
  "best": {
    "epoch_lwlrap": 0.8610915000244488,
    "loss": 0.09829429467315,
    "lwlrap": 0.8610915000244489
  },
  "last": {
    "epoch_lwlrap": 0.8396917177962442,
    "loss": 0.12150798406298846,
    "lwlrap": 0.8396917177962443
  },
  "train.30": {
    "epoch_lwlrap": 0.8610915000244488,
    "loss": 0.09829429467315,
    "lwlrap": 0.8610915000244489
  },
  "epoch_0": [
    "out/084_ResNest_bce_weak_SAM_pitch_shift/fold4/checkpoints/train.1.pth",
    0.2616941077759658,
    {
      "epoch_lwlrap": 0.2616941077759658,
      "loss": 0.24951530482671033,
      "lwlrap": 0.2616941077759658
    }
  ],
  "epoch_1": [
    "out/084_ResNest_bce_weak_SAM_pitch_shift/fold4/checkpoints/train.2.pth",
    0.3042358102338012,
    {
      "epoch_lwlrap": 0.3042358102338012,
      "loss": 0.23397868994164142,
      "lwlrap": 0.3042358102338013
    }
  ],
  "epoch_2": [
    "out/084_ResNest_bce_weak_SAM_pitch_shift/fold4/checkpoints/train.3.pth",
    0.3937561483816257,
    {
      "epoch_lwlrap": 0.3937561483816257,
      "loss": 0.2247336004694847,
      "lwlrap": 0.39375614838162576
    }
  ],
  "epoch_3": [
    "out/084_ResNest_bce_weak_SAM_pitch_shift/fold4/checkpoints/train.4.pth",
    0.4668616027754456,
    {
      "epoch_lwlrap": 0.4668616027754456,
      "loss": 0.2038915267545883,
      "lwlrap": 0.46686160277544564
    }
  ],
  "epoch_4": [
    "out/084_ResNest_bce_weak_SAM_pitch_shift/fold4/checkpoints/train.5.pth",
    0.5666413870610401,
    {
      "epoch_lwlrap": 0.5666413870610401,
      "loss": 0.18254318254995563,
      "lwlrap": 0.5666413870610402
    }
  ],
  "epoch_5": [
    "out/084_ResNest_bce_weak_SAM_pitch_shift/fold4/checkpoints/train.6.pth",
    0.6354297040739425,
    {
      "epoch_lwlrap": 0.6354297040739425,
      "loss": 0.15468492859030422,
      "lwlrap": 0.6354297040739426
    }
  ],
  "epoch_6": [
    "out/084_ResNest_bce_weak_SAM_pitch_shift/fold4/checkpoints/train.7.pth",
    0.6733249817153926,
    {
      "epoch_lwlrap": 0.6733249817153926,
      "loss": 0.14604374616657764,
      "lwlrap": 0.6733249817153927
    }
  ],
  "epoch_7": [
    "out/084_ResNest_bce_weak_SAM_pitch_shift/fold4/checkpoints/train.8.pth",
    0.7047129045846123,
    {
      "epoch_lwlrap": 0.7047129045846123,
      "loss": 0.13673498063054804,
      "lwlrap": 0.7047129045846126
    }
  ],
  "epoch_8": [
    "out/084_ResNest_bce_weak_SAM_pitch_shift/fold4/checkpoints/train.9.pth",
    0.7441438928371156,
    {
      "epoch_lwlrap": 0.7441438928371156,
      "loss": 0.12910865743954975,
      "lwlrap": 0.7441438928371157
    }
  ],
  "epoch_9": [
    "out/084_ResNest_bce_weak_SAM_pitch_shift/fold4/checkpoints/train.10.pth",
    0.7450065725750656,
    {
      "epoch_lwlrap": 0.7450065725750656,
      "loss": 0.12613601557332085,
      "lwlrap": 0.7450065725750659
    }
  ],
  "epoch_10": [
    "out/084_ResNest_bce_weak_SAM_pitch_shift/fold4/checkpoints/train.11.pth",
    0.7477066732834576,
    {
      "epoch_lwlrap": 0.7477066732834576,
      "loss": 0.1269240841337535,
      "lwlrap": 0.7477066732834576
    }
  ],
  "epoch_11": [
    "out/084_ResNest_bce_weak_SAM_pitch_shift/fold4/checkpoints/train.12.pth",
    0.7570958930346521,
    {
      "epoch_lwlrap": 0.7570958930346521,
      "loss": 0.1246285554208712,
      "lwlrap": 0.7570958930346521
    }
  ],
  "epoch_12": [
    "out/084_ResNest_bce_weak_SAM_pitch_shift/fold4/checkpoints/train.13.pth",
    0.7572501907916895,
    {
      "epoch_lwlrap": 0.7572501907916895,
      "loss": 0.11817941028777867,
      "lwlrap": 0.7572501907916896
    }
  ],
  "epoch_13": [
    "out/084_ResNest_bce_weak_SAM_pitch_shift/fold4/checkpoints/train.14.pth",
    0.7293764600069998,
    {
      "epoch_lwlrap": 0.7293764600069998,
      "loss": 0.1274412696900433,
      "lwlrap": 0.7293764600069998
    }
  ],
  "epoch_14": [
    "out/084_ResNest_bce_weak_SAM_pitch_shift/fold4/checkpoints/train.15.pth",
    0.7759651220898517,
    {
      "epoch_lwlrap": 0.7759651220898517,
      "loss": 0.12033466681769994,
      "lwlrap": 0.7759651220898517
    }
  ],
  "epoch_15": [
    "out/084_ResNest_bce_weak_SAM_pitch_shift/fold4/checkpoints/train.16.pth",
    0.8048880763552717,
    {
      "epoch_lwlrap": 0.8048880763552717,
      "loss": 0.12243112401194768,
      "lwlrap": 0.8048880763552718
    }
  ],
  "epoch_16": [
    "out/084_ResNest_bce_weak_SAM_pitch_shift/fold4/checkpoints/train.17.pth",
    0.7118447929010294,
    {
      "epoch_lwlrap": 0.7118447929010294,
      "loss": 0.14428106916549543,
      "lwlrap": 0.7118447929010293
    }
  ],
  "epoch_17": [
    "out/084_ResNest_bce_weak_SAM_pitch_shift/fold4/checkpoints/train.18.pth",
    0.7554415650306061,
    {
      "epoch_lwlrap": 0.7554415650306061,
      "loss": 0.12749582018754252,
      "lwlrap": 0.7554415650306061
    }
  ],
  "epoch_18": [
    "out/084_ResNest_bce_weak_SAM_pitch_shift/fold4/checkpoints/train.19.pth",
    0.7608433844958562,
    {
      "epoch_lwlrap": 0.7608433844958562,
      "loss": 0.12989100582523433,
      "lwlrap": 0.7608433844958562
    }
  ],
  "epoch_19": [
    "out/084_ResNest_bce_weak_SAM_pitch_shift/fold4/checkpoints/train.20.pth",
    0.7310511849895411,
    {
      "epoch_lwlrap": 0.7310511849895411,
      "loss": 0.1554771657675913,
      "lwlrap": 0.7310511849895411
    }
  ],
  "epoch_20": [
    "out/084_ResNest_bce_weak_SAM_pitch_shift/fold4/checkpoints/train.21.pth",
    0.7392518775878969,
    {
      "epoch_lwlrap": 0.7392518775878969,
      "loss": 0.14290452520596927,
      "lwlrap": 0.7392518775878969
    }
  ],
  "epoch_21": [
    "out/084_ResNest_bce_weak_SAM_pitch_shift/fold4/checkpoints/train.22.pth",
    0.7936503140068812,
    {
      "epoch_lwlrap": 0.7936503140068812,
      "loss": 0.1245327099273194,
      "lwlrap": 0.7936503140068812
    }
  ],
  "epoch_22": [
    "out/084_ResNest_bce_weak_SAM_pitch_shift/fold4/checkpoints/train.23.pth",
    0.8390596421216888,
    {
      "epoch_lwlrap": 0.8390596421216888,
      "loss": 0.10067738470149368,
      "lwlrap": 0.8390596421216887
    }
  ],
  "epoch_23": [
    "out/084_ResNest_bce_weak_SAM_pitch_shift/fold4/checkpoints/train.24.pth",
    0.8326740122114875,
    {
      "epoch_lwlrap": 0.8326740122114875,
      "loss": 0.11036260449859105,
      "lwlrap": 0.8326740122114875
    }
  ],
  "epoch_24": [
    "out/084_ResNest_bce_weak_SAM_pitch_shift/fold4/checkpoints/train.25.pth",
    0.819706715682547,
    {
      "epoch_lwlrap": 0.819706715682547,
      "loss": 0.11506802374369478,
      "lwlrap": 0.8197067156825472
    }
  ],
  "epoch_25": [
    "out/084_ResNest_bce_weak_SAM_pitch_shift/fold4/checkpoints/train.26.pth",
    0.8539684923877424,
    {
      "epoch_lwlrap": 0.8539684923877424,
      "loss": 0.1023703205258879,
      "lwlrap": 0.8539684923877426
    }
  ],
  "epoch_26": [
    "out/084_ResNest_bce_weak_SAM_pitch_shift/fold4/checkpoints/train.27.pth",
    0.8416050057770443,
    {
      "epoch_lwlrap": 0.8416050057770443,
      "loss": 0.09650544305098112,
      "lwlrap": 0.8416050057770444
    }
  ],
  "epoch_27": [
    "out/084_ResNest_bce_weak_SAM_pitch_shift/fold4/checkpoints/train.28.pth",
    0.8442615983711873,
    {
      "epoch_lwlrap": 0.8442615983711873,
      "loss": 0.1030595905432418,
      "lwlrap": 0.8442615983711874
    }
  ],
  "epoch_28": [
    "out/084_ResNest_bce_weak_SAM_pitch_shift/fold4/checkpoints/train.29.pth",
    0.8576113742432979,
    {
      "epoch_lwlrap": 0.8576113742432979,
      "loss": 0.09898490741100485,
      "lwlrap": 0.857611374243298
    }
  ],
  "epoch_29": [
    "out/084_ResNest_bce_weak_SAM_pitch_shift/fold4/checkpoints/train.30.pth",
    0.8610915000244488,
    {
      "epoch_lwlrap": 0.8610915000244488,
      "loss": 0.09829429467315,
      "lwlrap": 0.8610915000244489
    }
  ],
  "epoch_30": [
    "out/084_ResNest_bce_weak_SAM_pitch_shift/fold4/checkpoints/train.31.pth",
    0.8538373111801798,
    {
      "epoch_lwlrap": 0.8538373111801798,
      "loss": 0.0991342221493046,