{
  "best": {
    "epoch_lwlrap": 0.9014918000395178,
    "loss": 0.014103261482772194,
    "lwlrap": 0.90200114514287
  },
  "last": {
    "epoch_lwlrap": 0.9014918000395178,
    "loss": 0.014103261482772194,
    "lwlrap": 0.90200114514287
  },
  "train.55": {
    "epoch_lwlrap": 0.9014918000395178,
    "loss": 0.014103261482772194,
    "lwlrap": 0.90200114514287
  },
  "epoch_0": [
    "out/124_121_no_lambda/fold1/checkpoints/train.1.pth",
    0.2738799627170953,
    {
      "epoch_lwlrap": 0.2738799627170953,
      "loss": 0.06844689194034423,
      "lwlrap": 0.2738823171906563
    }
  ],
  "epoch_1": [
    "out/124_121_no_lambda/fold1/checkpoints/train.2.pth",
    0.3417624005603629,
    {
      "epoch_lwlrap": 0.3417624005603629,
      "loss": 0.047673533580222714,
      "lwlrap": 0.34095062258400416
    }
  ],
  "epoch_2": [
    "out/124_121_no_lambda/fold1/checkpoints/train.3.pth",
    0.42003733567795204,
    {
      "epoch_lwlrap": 0.42003733567795204,
      "loss": 0.04487970630139238,
      "lwlrap": 0.42039458767547555
    }
  ],
  "epoch_3": [
    "out/124_121_no_lambda/fold1/checkpoints/train.4.pth",
    0.43087164344932904,
    {
      "epoch_lwlrap": 0.43087164344932904,
      "loss": 0.041775545851968014,
      "lwlrap": 0.43090530307445585
    }
  ],
  "epoch_4": [
    "out/124_121_no_lambda/fold1/checkpoints/train.5.pth",
    0.4717477106150461,
    {
      "epoch_lwlrap": 0.4717477106150461,
      "loss": 0.04108515702470948,
      "lwlrap": 0.4722262623635589
    }
  ],
  "epoch_5": [
    "out/124_121_no_lambda/fold1/checkpoints/train.6.pth",
    0.5390930831490677,
    {
      "epoch_lwlrap": 0.5390930831490677,
      "loss": 0.038666032584784904,
      "lwlrap": 0.5394197221801297
    }
  ],
  "epoch_6": [
    "out/124_121_no_lambda/fold1/checkpoints/train.7.pth",
    0.5712656807593718,
    {
      "epoch_lwlrap": 0.5712656807593718,
      "loss": 0.036328145833332326,
      "lwlrap": 0.5717364753530635
    }
  ],
  "epoch_7": [
    "out/124_121_no_lambda/fold1/checkpoints/train.8.pth",
    0.5970822339618171,
    {
      "epoch_lwlrap": 0.5970822339618171,
      "loss": 0.03542786078991266,
      "lwlrap": 0.5973888391663352
    }
  ],
  "epoch_8": [
    "out/124_121_no_lambda/fold1/checkpoints/train.9.pth",
    0.6246914504714485,
    {
      "epoch_lwlrap": 0.6246914504714485,
      "loss": 0.03472951510410269,
      "lwlrap": 0.624974660866499
    }
  ],
  "epoch_9": [
    "out/124_121_no_lambda/fold1/checkpoints/train.10.pth",
    0.6163514636801238,
    {
      "epoch_lwlrap": 0.6163514636801238,
      "loss": 0.03353768238161183,
      "lwlrap": 0.6167599276308434
    }
  ],
  "epoch_10": [
    "out/124_121_no_lambda/fold1/checkpoints/train.11.pth",
    0.6210018690235279,
    {
      "epoch_lwlrap": 0.6210018690235279,
      "loss": 0.03416057386856039,
      "lwlrap": 0.6212573458829839
    }
  ],
  "epoch_11": [
    "out/124_121_no_lambda/fold1/checkpoints/train.12.pth",
    0.6269149377809423,
    {
      "epoch_lwlrap": 0.6269149377809423,
      "loss": 0.03401758983919892,
      "lwlrap": 0.6271203543592956
    }
  ],
  "epoch_12": [
    "out/124_121_no_lambda/fold1/checkpoints/train.13.pth",
    0.6442268559824087,
    {
      "epoch_lwlrap": 0.6442268559824087,
      "loss": 0.03274303096256175,
      "lwlrap": 0.6448175732270188
    }
  ],
  "epoch_13": [
    "out/124_121_no_lambda/fold1/checkpoints/train.14.pth",
    0.6526473750703932,
    {
      "epoch_lwlrap": 0.6526473750703932,
      "loss": 0.031522478562492864,
      "lwlrap": 0.6529685658426169
    }
  ],
  "epoch_14": [
    "out/124_121_no_lambda/fold1/checkpoints/train.15.pth",
    0.6708989143636446,
    {
      "epoch_lwlrap": 0.6708989143636446,
      "loss": 0.030476168819746387,
      "lwlrap": 0.6714316119298637
    }
  ],
  "epoch_15": [
    "out/124_121_no_lambda/fold1/checkpoints/train.16.pth",
    0.6907849239280774,
    {
      "epoch_lwlrap": 0.6907849239280774,
      "loss": 0.028153421954577984,
      "lwlrap": 0.6912753001713311
    }
  ],
  "epoch_16": [
    "out/124_121_no_lambda/fold1/checkpoints/train.17.pth",
    0.7429794559981282,
    {
      "epoch_lwlrap": 0.7429794559981282,
      "loss": 0.02501958079698971,
      "lwlrap": 0.743607042724898
    }
  ],
  "epoch_17": [
    "out/124_121_no_lambda/fold1/checkpoints/train.18.pth",
    0.7351272361462744,
    {
      "epoch_lwlrap": 0.7351272361462744,
      "loss": 0.02565641140856069,
      "lwlrap": 0.7354786888265664
    }
  ],
  "epoch_18": [
    "out/124_121_no_lambda/fold1/checkpoints/train.19.pth",
    0.7539851954844311,
    {
      "epoch_lwlrap": 0.7539851954844311,
      "loss": 0.025585554532298056,
      "lwlrap": 0.7539978785163315
    }
  ],
  "epoch_19": [
    "out/124_121_no_lambda/fold1/checkpoints/train.20.pth",
    0.7781432145540029,
    {
      "epoch_lwlrap": 0.7781432145540029,
      "loss": 0.02381850025353301,
      "lwlrap": 0.7786502132174784
    }
  ],
  "epoch_20": [
    "out/124_121_no_lambda/fold1/checkpoints/train.21.pth",
    0.7952990186392674,
    {
      "epoch_lwlrap": 0.7952990186392674,
      "loss": 0.021903957204916807,
      "lwlrap": 0.7954360325981269
    }
  ],
  "epoch_21": [
    "out/124_121_no_lambda/fold1/checkpoints/train.22.pth",
    0.8273988114237076,
    {
      "epoch_lwlrap": 0.8273988114237076,
      "loss": 0.02118166286168219,
      "lwlrap": 0.8270511039993798
    }
  ],
  "epoch_22": [
    "out/124_121_no_lambda/fold1/checkpoints/train.23.pth",
    0.8252984181224357,
    {
      "epoch_lwlrap": 0.8252984181224357,
      "loss": 0.019497511397559935,
      "lwlrap": 0.8250133547822369
    }
  ],
  "epoch_23": [
    "out/124_121_no_lambda/fold1/checkpoints/train.24.pth",
    0.8460281995551704,
    {
      "epoch_lwlrap": 0.8460281995551704,
      "loss": 0.018035710714600257,
      "lwlrap": 0.8459027016516767
    }
  ],
  "epoch_24": [
    "out/124_121_no_lambda/fold1/checkpoints/train.25.pth",
    0.8440663013795793,
    {
      "epoch_lwlrap": 0.8440663013795793,
      "loss": 0.01653342289292108,
      "lwlrap": 0.8445780861243393
    }
  ],
  "epoch_25": [
    "out/124_121_no_lambda/fold1/checkpoints/train.26.pth",
    0.8740433379437529,
    {
      "epoch_lwlrap": 0.8740433379437529,
      "loss": 0.015045281774698431,
      "lwlrap": 0.8740349035322361
    }
  ],
  "epoch_26": [
    "out/124_121_no_lambda/fold1/checkpoints/train.27.pth",
    0.878711387736284,
    {
      "epoch_lwlrap": 0.878711387736284,
      "loss": 0.014877148231939424,
      "lwlrap": 0.8786809871827499
    }
  ],
  "epoch_27": [
    "out/124_121_no_lambda/fold1/checkpoints/train.28.pth",
    0.8862033195020746,
    {
      "epoch_lwlrap": 0.8862033195020746,
      "loss": 0.01368298475485185,
      "lwlrap": 0.8863238965036104
    }
  ],
  "epoch_28": [
    "out/124_121_no_lambda/fold1/checkpoints/train.29.pth",
    0.8857506601282534,
    {
      "epoch_lwlrap": 0.8857506601282534,
      "loss": 0.014040870753112975,
      "lwlrap": 0.8858916371364586
    }
  ],
  "epoch_29": [
    "out/124_121_no_lambda/fold1/checkpoints/train.30.pth",
    0.8988984390436672,
    {
      "epoch_lwlrap": 0.8988984390436672,
      "loss": 0.013743380681937756,
      "lwlrap": 0.8990860909702498
    }
  ],
  "epoch_30": [
    "out/124_121_no_lambda/fold1/checkpoints/train.31.pth",
    0.8940574985180794,
    {
      "epoch_lwlrap": 0.8940574985180794,
      "loss": 0.013632276586653815,
      "lwlrap": 0.8942125097057354
    }
  ],
  "epoch_31": [
    "out/124_121_no_lambda/fold1/checkpoints/train.32.pth",
    0.894898900085622,
    {
      "epoch_lwlrap": 0.894898900085622,
      "loss": 0.013618888400243556,
      "lwlrap": 0.8952657930773485
    }
  ],
  "epoch_32": [
    "out/124_121_no_lambda/fold1/checkpoints/train.33.pth",
    0.8976486860304287,
    {
      "epoch_lwlrap": 0.8976486860304287,
      "loss": 0.013506126393591554,
      "lwlrap": 0.897913370876423
    }
  ],