{
    "best": {
        "lwlrap": 0.8825400563742533,
        "loss": 0.08691469248798159,
        "epoch": 29
    },
    "last": {
        "lwlrap": 0.8619436982131282,
        "loss": 0.09071535948250029,
        "epoch": 50
    },
    "epoch_1": {
        "lwlrap": 0.2916937081314518,
        "loss": 0.17403244806660545
    },
    "epoch_2": {
        "lwlrap": 0.33825660226528864,
        "loss": 0.19738948179615867
    },
    "epoch_3": {
        "lwlrap": 0.6016855450053368,
        "loss": 0.1346546717815929
    },
    "epoch_4": {
        "lwlrap": 0.6403249765067809,
        "loss": 0.12954434752464294
    },
    "epoch_5": {
        "lwlrap": 0.6969943700513649,
        "loss": 0.1185615716709031
    },
    "epoch_6": {
        "lwlrap": 0.7316164980672752,
        "loss": 0.10998790959517162
    },
    "epoch_7": {
        "lwlrap": 0.8144275845053047,
        "loss": 0.08836852427985933
    },
    "epoch_8": {
        "lwlrap": 0.8198265608887371,
        "loss": 0.08696704440646702
    },
    "epoch_9": {
        "lwlrap": 0.8273233818570607,
        "loss": 0.08806776503721873
    },
    "epoch_10": {
        "lwlrap": 0.8491693395838473,
        "loss": 0.08436730917957094
    },
    "epoch_11": {
        "lwlrap": 0.8410169421827453,
        "loss": 0.08502152644925648
    },
    "epoch_12": {
        "lwlrap": 0.8397935685500453,
        "loss": 0.08430011570453644
    },
    "epoch_13": {
        "lwlrap": 0.8299860185870548,
        "loss": 0.0857860975795322
    },
    "epoch_14": {
        "lwlrap": 0.8350378320585574,
        "loss": 0.08672064294417699
    },
    "epoch_15": {
        "lwlrap": 0.7805966773583354,
        "loss": 0.10859405663278368
    },
    "epoch_16": {
        "lwlrap": 0.7864400855333498,
        "loss": 0.10399287359582053
    },
    "epoch_17": {
        "lwlrap": 0.7649292704992188,
        "loss": 0.10641166650586659
    },
    "epoch_18": {
        "lwlrap": 0.7752138333744552,
        "loss": 0.11014973703357908
    },
    "epoch_19": {
        "lwlrap": 0.7180667346470455,
        "loss": 0.1259366406334771
    },
    "epoch_20": {
        "lwlrap": 0.800517818393466,
        "loss": 0.09253635423050986
    },
    "epoch_21": {
        "lwlrap": 0.8225300030999514,
        "loss": 0.09781751864486271
    },
    "epoch_22": {
        "lwlrap": 0.7940041674337219,
        "loss": 0.10292349010705948
    },
    "epoch_23": {
        "lwlrap": 0.857438934122872,
        "loss": 0.08540855099757512
    },
    "epoch_24": {
        "lwlrap": 0.8473723168023686,
        "loss": 0.09165684133768082
    },
    "epoch_25": {
        "lwlrap": 0.8533981727405988,
        "loss": 0.08190438316928016
    },
    "epoch_26": {
        "lwlrap": 0.8547415307778002,
        "loss": 0.0851332801911566
    },
    "epoch_27": {
        "lwlrap": 0.8556050886361768,
        "loss": 0.08150787817107306
    },
    "epoch_28": {
        "lwlrap": 0.8714061413543278,
        "loss": 0.08929089332620303
    },
    "epoch_29": {
        "lwlrap": 0.8825400563742533,
        "loss": 0.08691469248798159
    },
    "epoch_30": {
        "lwlrap": 0.8775988979356855,
        "loss": 0.08936492063932949
    },
    "epoch_31": {
        "lwlrap": 0.8782549776073092,
        "loss": 0.08898906078603533
    },
    "epoch_32": {
        "lwlrap": 0.8798769164054139,
        "loss": 0.08924926196535428
    },
    "epoch_33": {
        "lwlrap": 0.8802863946646331,
        "loss": 0.0899275682038731
    },
    "epoch_34": {
        "lwlrap": 0.8679005076673469,
        "loss": 0.08612193167209625
    },
    "epoch_35": {
        "lwlrap": 0.8697076239822354,
        "loss": 0.09264493650860256
    },
    "epoch_36": {
        "lwlrap": 0.8336160457274446,
        "loss": 0.09788091232379277
    },
    "epoch_37": {
        "lwlrap": 0.7925876656446604,
        "loss": 0.1114325879348649
    },
    "epoch_38": {
        "lwlrap": 0.8320927294791971,
        "loss": 0.1059696219033665
    },
    "epoch_39": {
        "lwlrap": 0.8469713792252653,
        "loss": 0.09089070227411059
    },
    "epoch_40": {
        "lwlrap": 0.691582366970968,
        "loss": 0.1262632260719935
    },
    "epoch_41": {
        "lwlrap": 0.8384881382290709,
        "loss": 0.09410352591011259
    },
    "epoch_42": {
        "lwlrap": 0.75,
        "loss": 0.11000352435641819
    },
    "epoch_43": {
        "lwlrap": 0.8519661059587911,
        "loss": 0.08548858140905698
    },
    "epoch_44": {
        "lwlrap": 0.8539065712640842,
        "loss": 0.09353389342625935
    },
    "epoch_45": {
        "lwlrap": 0.8427272928568266,
        "loss": 0.09920028928253385
    },
    "epoch_46": {
        "lwlrap": 0.8486592998251029,
        "loss": 0.09088361511627834
    },
    "epoch_47": {
        "lwlrap": 0.870671800853148,
        "loss": 0.08820765962203343
    },
    "epoch_48": {
        "lwlrap": 0.8612711698203926,
        "loss": 0.08943934945596589
    },
    "epoch_49": {
        "lwlrap": 0.8589400668416212,
        "loss": 0.09060645600159963
    },
    "epoch_50": {
        "lwlrap": 0.8619436982131282,
        "loss": 0.09071535948250029
    }
}