{
  "best": {
    "epoch_lwlrap": 0.8522891450902155,
    "loss": 0.10523775114651612,
    "lwlrap": 0.8516546901488492
  },
  "last": {
    "epoch_lwlrap": 0.8223475676865507,
    "loss": 0.12729206206408186,
    "lwlrap": 0.8225210766059186
  },
  "train.33": {
    "epoch_lwlrap": 0.8522891450902155,
    "loss": 0.10523775114651612,
    "lwlrap": 0.8516546901488492
  },
  "epoch_0": [
    "out/091_086_plus_additional_label/fold0/checkpoints/train.1.pth",
    0.20170158479810757,
    {
      "epoch_lwlrap": 0.20170158479810757,
      "loss": 0.27073242462856667,
      "lwlrap": 0.20097031400817536
    }
  ],
  "epoch_1": [
    "out/091_086_plus_additional_label/fold0/checkpoints/train.2.pth",
    0.24852643271032837,
    {
      "epoch_lwlrap": 0.24852643271032837,
      "loss": 0.252245114302971,
      "lwlrap": 0.24657597791940228
    }
  ],
  "epoch_2": [
    "out/091_086_plus_additional_label/fold0/checkpoints/train.3.pth",
    0.271527789968047,
    {
      "epoch_lwlrap": 0.271527789968047,
      "loss": 0.24769261647278157,
      "lwlrap": 0.26977397643682743
    }
  ],
  "epoch_3": [
    "out/091_086_plus_additional_label/fold0/checkpoints/train.4.pth",
    0.42343912979070436,
    {
      "epoch_lwlrap": 0.42343912979070436,
      "loss": 0.22337388215770185,
      "lwlrap": 0.42176766284725015
    }
  ],
  "epoch_4": [
    "out/091_086_plus_additional_label/fold0/checkpoints/train.5.pth",
    0.44621179321223925,
    {
      "epoch_lwlrap": 0.44621179321223925,
      "loss": 0.2197340722654907,
      "lwlrap": 0.4445447735893286
    }
  ],
  "epoch_5": [
    "out/091_086_plus_additional_label/fold0/checkpoints/train.6.pth",
    0.5243253874186078,
    {
      "epoch_lwlrap": 0.5243253874186078,
      "loss": 0.19405978960050665,
      "lwlrap": 0.5237320479411902
    }
  ],
  "epoch_6": [
    "out/091_086_plus_additional_label/fold0/checkpoints/train.7.pth",
    0.6201285656536208,
    {
      "epoch_lwlrap": 0.6201285656536208,
      "loss": 0.17587617585356805,
      "lwlrap": 0.6190657491898156
    }
  ],
  "epoch_7": [
    "out/091_086_plus_additional_label/fold0/checkpoints/train.8.pth",
    0.6299424600058738,
    {
      "epoch_lwlrap": 0.6299424600058738,
      "loss": 0.16819487459642787,
      "lwlrap": 0.6283087118290244
    }
  ],
  "epoch_8": [
    "out/091_086_plus_additional_label/fold0/checkpoints/train.9.pth",
    0.6808238936205038,
    {
      "epoch_lwlrap": 0.6808238936205038,
      "loss": 0.15904801748168299,
      "lwlrap": 0.6796813999342065
    }
  ],
  "epoch_9": [
    "out/091_086_plus_additional_label/fold0/checkpoints/train.10.pth",
    0.6787899482814737,
    {
      "epoch_lwlrap": 0.6787899482814737,
      "loss": 0.15532844828467976,
      "lwlrap": 0.6775082644024891
    }
  ],
  "epoch_10": [
    "out/091_086_plus_additional_label/fold0/checkpoints/train.11.pth",
    0.6866238358232113,
    {
      "epoch_lwlrap": 0.6866238358232113,
      "loss": 0.1558363723083281,
      "lwlrap": 0.6856342314803686
    }
  ],
  "epoch_11": [
    "out/091_086_plus_additional_label/fold0/checkpoints/train.12.pth",
    0.676949190169529,
    {
      "epoch_lwlrap": 0.676949190169529,
      "loss": 0.1557674701784698,
      "lwlrap": 0.6760291022348833
    }
  ],
  "epoch_12": [
    "out/091_086_plus_additional_label/fold0/checkpoints/train.13.pth",
    0.7100023718941963,
    {
      "epoch_lwlrap": 0.7100023718941963,
      "loss": 0.14979888771621275,
      "lwlrap": 0.7083079698087719
    }
  ],
  "epoch_13": [
    "out/091_086_plus_additional_label/fold0/checkpoints/train.14.pth",
    0.6890554390598993,
    {
      "epoch_lwlrap": 0.6890554390598993,
      "loss": 0.15630072712058754,
      "lwlrap": 0.6890568321218933
    }
  ],
  "epoch_14": [
    "out/091_086_plus_additional_label/fold0/checkpoints/train.15.pth",
    0.6310119602342932,
    {
      "epoch_lwlrap": 0.6310119602342932,
      "loss": 0.17640674512990764,
      "lwlrap": 0.6297742556656162
    }
  ],
  "epoch_15": [
    "out/091_086_plus_additional_label/fold0/checkpoints/train.16.pth",
    0.7151721207229682,
    {
      "epoch_lwlrap": 0.7151721207229682,
      "loss": 0.14462136792045244,
      "lwlrap": 0.7149542671601824
    }
  ],
  "epoch_16": [
    "out/091_086_plus_additional_label/fold0/checkpoints/train.17.pth",
    0.6761037375718333,
    {
      "epoch_lwlrap": 0.6761037375718333,
      "loss": 0.1557710702255578,
      "lwlrap": 0.6754419305549211
    }
  ],
  "epoch_17": [
    "out/091_086_plus_additional_label/fold0/checkpoints/train.18.pth",
    0.6930682500174026,
    {
      "epoch_lwlrap": 0.6930682500174026,
      "loss": 0.16135584468572914,
      "lwlrap": 0.6934252810460639
    }
  ],
  "epoch_18": [
    "out/091_086_plus_additional_label/fold0/checkpoints/train.19.pth",
    0.7491203805610585,
    {
      "epoch_lwlrap": 0.7491203805610585,
      "loss": 0.13493832206012496,
      "lwlrap": 0.7488761793216429
    }
  ],
  "epoch_19": [
    "out/091_086_plus_additional_label/fold0/checkpoints/train.20.pth",
    0.7522155430525058,
    {
      "epoch_lwlrap": 0.7522155430525058,
      "loss": 0.13457164666812185,
      "lwlrap": 0.7523629565385113
    }
  ],
  "epoch_20": [
    "out/091_086_plus_additional_label/fold0/checkpoints/train.21.pth",
    0.7682460759579404,
    {
      "epoch_lwlrap": 0.7682460759579404,
      "loss": 0.1281087402857735,
      "lwlrap": 0.7678506672584777
    }
  ],
  "epoch_21": [
    "out/091_086_plus_additional_label/fold0/checkpoints/train.22.pth",
    0.8162409308869927,
    {
      "epoch_lwlrap": 0.8162409308869927,
      "loss": 0.12361517922401846,
      "lwlrap": 0.816795211505245
    }
  ],
  "epoch_22": [
    "out/091_086_plus_additional_label/fold0/checkpoints/train.23.pth",
    0.8104354590795269,
    {
      "epoch_lwlrap": 0.8104354590795269,
      "loss": 0.12188611761994764,
      "lwlrap": 0.8102393918906367
    }
  ],
  "epoch_23": [
    "out/091_086_plus_additional_label/fold0/checkpoints/train.24.pth",
    0.8237873473042964,
    {
      "epoch_lwlrap": 0.8237873473042964,
      "loss": 0.10668882765662922,
      "lwlrap": 0.8241394804334945
    }
  ],
  "epoch_24": [
    "out/091_086_plus_additional_label/fold0/checkpoints/train.25.pth",
    0.8268270412806541,
    {
      "epoch_lwlrap": 0.8268270412806541,
      "loss": 0.10945050811893503,
      "lwlrap": 0.8273502721663611
    }
  ],
  "epoch_25": [
    "out/091_086_plus_additional_label/fold0/checkpoints/train.26.pth",
    0.8322227755868139,
    {
      "epoch_lwlrap": 0.8322227755868139,
      "loss": 0.10460141314272309,
      "lwlrap": 0.8316682499820256
    }
  ],
  "epoch_26": [
    "out/091_086_plus_additional_label/fold0/checkpoints/train.27.pth",
    0.8318246942867817,
    {
      "epoch_lwlrap": 0.8318246942867817,
      "loss": 0.10984574253080598,
      "lwlrap": 0.8316091934730633
    }
  ],
  "epoch_27": [
    "out/091_086_plus_additional_label/fold0/checkpoints/train.28.pth",
    0.8283988388436087,
    {
      "epoch_lwlrap": 0.8283988388436087,
      "loss": 0.1142534772917943,
      "lwlrap": 0.8279378159509919
    }
  ],
  "epoch_28": [
    "out/091_086_plus_additional_label/fold0/checkpoints/train.29.pth",
    0.834011482867415,
    {
      "epoch_lwlrap": 0.834011482867415,
      "loss": 0.10911327938903387,
      "lwlrap": 0.8334586757684941
    }
  ],
  "epoch_29": [
    "out/091_086_plus_additional_label/fold0/checkpoints/train.30.pth",
    0.8344307857867179,
    {
      "epoch_lwlrap": 0.8344307857867179,
      "loss": 0.11012303268431987,
      "lwlrap": 0.8342212401457406
    }
  ],
  "epoch_30": [
    "out/091_086_plus_additional_label/fold0/checkpoints/train.31.pth",
    0.836528549753349,
    {
      "epoch_lwlrap": 0.836528549753349,
      "loss": 0.11172591668265071,
      "lwlrap": 0.8360505829148623
    }
  ],
  "epoch_31": [
    "out/091_086_plus_additional_label/fold0/checkpoints/train.32.pth",
    0.8396144627500559,
    {
      "epoch_lwlrap": 0.8396144627500559,