{
    "best": {
        "lwlrap": 0.8436531698507748,
        "loss": 0.6930731171092321,
        "epoch": 31
    },
    "last": {
        "lwlrap": 0.8356429997148561,
        "loss": 0.7968277165363001,
        "epoch": 50
    },
    "epoch_1": {
        "lwlrap": 0.2671527069545275,
        "loss": 0.49160254694694694
    },
    "epoch_2": {
        "lwlrap": 0.3432242491374228,
        "loss": 0.5471216745154802
    },
    "epoch_3": {
        "lwlrap": 0.3804811206757315,
        "loss": 0.6787913483242656
    },
    "epoch_4": {
        "lwlrap": 0.4765166636424122,
        "loss": 0.5387266146582227
    },
    "epoch_5": {
        "lwlrap": 0.5081496098711668,
        "loss": 0.5399415472219157
    },
    "epoch_6": {
        "lwlrap": 0.6048118049615057,
        "loss": 0.5158209454181583
    },
    "epoch_7": {
        "lwlrap": 0.5968137318436719,
        "loss": 0.5556136674659197
    },
    "epoch_8": {
        "lwlrap": 0.6613416025092671,
        "loss": 0.5061574876308441
    },
    "epoch_9": {
        "lwlrap": 0.6978186484174509,
        "loss": 0.5117548170477845
    },
    "epoch_10": {
        "lwlrap": 0.6823165357596496,
        "loss": 0.510789237050123
    },
    "epoch_11": {
        "lwlrap": 0.6870948579032411,
        "loss": 0.49984321552653643
    },
    "epoch_12": {
        "lwlrap": 0.6908801444729589,
        "loss": 0.4982358182585517
    },
    "epoch_13": {
        "lwlrap": 0.6608235909134113,
        "loss": 0.5006998493227848
    },
    "epoch_14": {
        "lwlrap": 0.6941996958464025,
        "loss": 0.5150463795939157
    },
    "epoch_15": {
        "lwlrap": 0.6014041846377176,
        "loss": 0.6731981787570688
    },
    "epoch_16": {
        "lwlrap": 0.6858665785312492,
        "loss": 0.5244431003581645
    },
    "epoch_17": {
        "lwlrap": 0.6895613534835092,
        "loss": 0.69609072042066
    },
    "epoch_18": {
        "lwlrap": 0.6963644140290847,
        "loss": 0.555072158575058
    },
    "epoch_19": {
        "lwlrap": 0.6956444254348446,
        "loss": 0.4971784873064174
    },
    "epoch_20": {
        "lwlrap": 0.7016560618357026,
        "loss": 0.850016901659411
    },
    "epoch_21": {
        "lwlrap": 0.6875940759174293,
        "loss": 0.6210544448952342
    },
    "epoch_22": {
        "lwlrap": 0.7461583326852789,
        "loss": 0.6694457662660022
    },
    "epoch_23": {
        "lwlrap": 0.7169423058644615,
        "loss": 0.6844652010950931
    },
    "epoch_24": {
        "lwlrap": 0.7647324398821405,
        "loss": 0.744919172553129
    },
    "epoch_25": {
        "lwlrap": 0.7939406900484745,
        "loss": 0.5798681995203329
    },
    "epoch_26": {
        "lwlrap": 0.7742087254063301,
        "loss": 0.6356861023015754
    },
    "epoch_27": {
        "lwlrap": 0.8144853150841175,
        "loss": 0.6645785039940546
    },
    "epoch_28": {
        "lwlrap": 0.8287567721699458,
        "loss": 0.6531367114810056
    },
    "epoch_29": {
        "lwlrap": 0.837154262902766,
        "loss": 0.6774056034032688
    },
    "epoch_30": {
        "lwlrap": 0.8332834331337325,
        "loss": 0.7002409058947896
    },
    "epoch_31": {
        "lwlrap": 0.8436531698507748,
        "loss": 0.6930731171092321
    },
    "epoch_32": {
        "lwlrap": 0.840818363273453,
        "loss": 0.7051350003065064
    },
    "epoch_33": {
        "lwlrap": 0.8261690903906473,
        "loss": 0.7059207815070485
    },
    "epoch_34": {
        "lwlrap": 0.8125653454994772,
        "loss": 0.7725644846295201
    },
    "epoch_35": {
        "lwlrap": 0.8114342743085258,
        "loss": 0.7382792989874996
    },
    "epoch_36": {
        "lwlrap": 0.7995988542395729,
        "loss": 0.918606350588244
    },
    "epoch_37": {
        "lwlrap": 0.7499857428001141,
        "loss": 0.7968615626179895
    },
    "epoch_38": {
        "lwlrap": 0.7926052656591578,
        "loss": 0.6512989776079045
    },
    "epoch_39": {
        "lwlrap": 0.7701596806387225,
        "loss": 0.6984047418416932
    },
    "epoch_40": {
        "lwlrap": 0.7256913246434205,
        "loss": 0.6256680557894152
    },
    "epoch_41": {
        "lwlrap": 0.6923797426791439,
        "loss": 0.7658019204472386
    },
    "epoch_42": {
        "lwlrap": 0.7634877431284617,
        "loss": 0.6580046009878779
    },
    "epoch_43": {
        "lwlrap": 0.7967778728257771,
        "loss": 0.6517732351325279
    },
    "epoch_44": {
        "lwlrap": 0.825772264993822,
        "loss": 0.6906501775564149
    },
    "epoch_45": {
        "lwlrap": 0.8112489307100086,
        "loss": 0.7863184026507444
    },
    "epoch_46": {
        "lwlrap": 0.8283623229731014,
        "loss": 0.7684041885442512
    },
    "epoch_47": {
        "lwlrap": 0.8378813800969489,
        "loss": 0.7510866585165955
    },
    "epoch_48": {
        "lwlrap": 0.8424555650603556,
        "loss": 0.7845334538886714
    },
    "epoch_49": {
        "lwlrap": 0.8316937553464501,
        "loss": 0.7671492383923642
    },
    "epoch_50": {
        "lwlrap": 0.8356429997148561,
        "loss": 0.7968277165363001
    }
}