{
  "best": {
    "epoch_lwlrap": 0.8402326496908247,
    "loss": 0.027462947551929764,
    "lwlrap": 0.8414384777480015
  },
  "last": {
    "epoch_lwlrap": 0.809866316615366,
    "loss": 0.033186190185092744,
    "lwlrap": 0.811826758387605
  },
  "train.34": {
    "epoch_lwlrap": 0.8402326496908247,
    "loss": 0.027462947551929764,
    "lwlrap": 0.8414384777480015
  },
  "epoch_0": [
    "out/110_109_mixup/fold1/checkpoints/train.1.pth",
    0.27287183508710544,
    {
      "epoch_lwlrap": 0.27287183508710544,
      "loss": 0.09326767200042331,
      "lwlrap": 0.27252919376462637
    }
  ],
  "epoch_1": [
    "out/110_109_mixup/fold1/checkpoints/train.2.pth",
    0.33919132218697,
    {
      "epoch_lwlrap": 0.33919132218697,
      "loss": 0.06919693556569871,
      "lwlrap": 0.34030310083284354
    }
  ],
  "epoch_2": [
    "out/110_109_mixup/fold1/checkpoints/train.3.pth",
    0.35252509862678777,
    {
      "epoch_lwlrap": 0.35252509862678777,
      "loss": 0.06664733446779705,
      "lwlrap": 0.35396219735908446
    }
  ],
  "epoch_3": [
    "out/110_109_mixup/fold1/checkpoints/train.4.pth",
    0.485342014785768,
    {
      "epoch_lwlrap": 0.485342014785768,
      "loss": 0.060278394392558506,
      "lwlrap": 0.4878162343785212
    }
  ],
  "epoch_4": [
    "out/110_109_mixup/fold1/checkpoints/train.5.pth",
    0.5275603531139206,
    {
      "epoch_lwlrap": 0.5275603531139206,
      "loss": 0.05607492370264871,
      "lwlrap": 0.5296460647059472
    }
  ],
  "epoch_5": [
    "out/110_109_mixup/fold1/checkpoints/train.6.pth",
    0.5462607526547361,
    {
      "epoch_lwlrap": 0.5462607526547361,
      "loss": 0.054304904407925084,
      "lwlrap": 0.5482688386169728
    }
  ],
  "epoch_6": [
    "out/110_109_mixup/fold1/checkpoints/train.7.pth",
    0.5903265983875219,
    {
      "epoch_lwlrap": 0.5903265983875219,
      "loss": 0.05154105890837927,
      "lwlrap": 0.5910620869911507
    }
  ],
  "epoch_7": [
    "out/110_109_mixup/fold1/checkpoints/train.8.pth",
    0.603575258261657,
    {
      "epoch_lwlrap": 0.603575258261657,
      "loss": 0.04989485507683148,
      "lwlrap": 0.6047020231996724
    }
  ],
  "epoch_8": [
    "out/110_109_mixup/fold1/checkpoints/train.9.pth",
    0.5926318336789619,
    {
      "epoch_lwlrap": 0.5926318336789619,
      "loss": 0.04908077820898995,
      "lwlrap": 0.5937373446178942
    }
  ],
  "epoch_9": [
    "out/110_109_mixup/fold1/checkpoints/train.10.pth",
    0.5984612038705364,
    {
      "epoch_lwlrap": 0.5984612038705364,
      "loss": 0.049407969746324755,
      "lwlrap": 0.5999817603995395
    }
  ],
  "epoch_10": [
    "out/110_109_mixup/fold1/checkpoints/train.11.pth",
    0.5907845093867576,
    {
      "epoch_lwlrap": 0.5907845093867576,
      "loss": 0.04976124056274929,
      "lwlrap": 0.5921470035006314
    }
  ],
  "epoch_11": [
    "out/110_109_mixup/fold1/checkpoints/train.12.pth",
    0.5948232599699055,
    {
      "epoch_lwlrap": 0.5948232599699055,
      "loss": 0.04967563232732197,
      "lwlrap": 0.5962232063426286
    }
  ],
  "epoch_12": [
    "out/110_109_mixup/fold1/checkpoints/train.13.pth",
    0.6315324438284085,
    {
      "epoch_lwlrap": 0.6315324438284085,
      "loss": 0.0479763603163144,
      "lwlrap": 0.6326451460561249
    }
  ],
  "epoch_13": [
    "out/110_109_mixup/fold1/checkpoints/train.14.pth",
    0.649821122663415,
    {
      "epoch_lwlrap": 0.649821122663415,
      "loss": 0.04676140383595512,
      "lwlrap": 0.6515395429090813
    }
  ],
  "epoch_14": [
    "out/110_109_mixup/fold1/checkpoints/train.15.pth",
    0.654051483269807,
    {
      "epoch_lwlrap": 0.654051483269807,
      "loss": 0.04658622708585527,
      "lwlrap": 0.6558005870231273
    }
  ],
  "epoch_15": [
    "out/110_109_mixup/fold1/checkpoints/train.16.pth",
    0.6635558563465307,
    {
      "epoch_lwlrap": 0.6635558563465307,
      "loss": 0.044764695009068836,
      "lwlrap": 0.6660151956577544
    }
  ],
  "epoch_16": [
    "out/110_109_mixup/fold1/checkpoints/train.17.pth",
    0.691460382667607,
    {
      "epoch_lwlrap": 0.691460382667607,
      "loss": 0.04145359620451927,
      "lwlrap": 0.6931141541623487
    }
  ],
  "epoch_17": [
    "out/110_109_mixup/fold1/checkpoints/train.18.pth",
    0.7210849669975145,
    {
      "epoch_lwlrap": 0.7210849669975145,
      "loss": 0.04018053725834876,
      "lwlrap": 0.7229081728089665
    }
  ],
  "epoch_18": [
    "out/110_109_mixup/fold1/checkpoints/train.19.pth",
    0.6992785368125277,
    {
      "epoch_lwlrap": 0.6992785368125277,
      "loss": 0.04210915174039584,
      "lwlrap": 0.7022750892775218
    }
  ],
  "epoch_19": [
    "out/110_109_mixup/fold1/checkpoints/train.20.pth",
    0.7491195380453936,
    {
      "epoch_lwlrap": 0.7491195380453936,
      "loss": 0.03841459032680307,
      "lwlrap": 0.7509158856806248
    }
  ],
  "epoch_20": [
    "out/110_109_mixup/fold1/checkpoints/train.21.pth",
    0.7673891697655957,
    {
      "epoch_lwlrap": 0.7673891697655957,
      "loss": 0.037260440311261585,
      "lwlrap": 0.7690406644110348
    }
  ],
  "epoch_21": [
    "out/110_109_mixup/fold1/checkpoints/train.22.pth",
    0.7884484442469233,
    {
      "epoch_lwlrap": 0.7884484442469233,
      "loss": 0.03460283816925117,
      "lwlrap": 0.7905274558383024
    }
  ],
  "epoch_22": [
    "out/110_109_mixup/fold1/checkpoints/train.23.pth",
    0.782594412347264,
    {
      "epoch_lwlrap": 0.782594412347264,
      "loss": 0.03508686918824438,
      "lwlrap": 0.7842319860808318
    }
  ],
  "epoch_23": [
    "out/110_109_mixup/fold1/checkpoints/train.24.pth",
    0.8011272277264225,
    {
      "epoch_lwlrap": 0.8011272277264225,
      "loss": 0.03177854300491394,
      "lwlrap": 0.8029180683200625
    }
  ],
  "epoch_24": [
    "out/110_109_mixup/fold1/checkpoints/train.25.pth",
    0.8078231707033988,
    {
      "epoch_lwlrap": 0.8078231707033988,
      "loss": 0.032009880575868815,
      "lwlrap": 0.8094632264204259
    }
  ],
  "epoch_25": [
    "out/110_109_mixup/fold1/checkpoints/train.26.pth",
    0.8398420126557009,
    {
      "epoch_lwlrap": 0.8398420126557009,
      "loss": 0.029294438778407993,
      "lwlrap": 0.8411196244057166
    }
  ],
  "epoch_26": [
    "out/110_109_mixup/fold1/checkpoints/train.27.pth",
    0.8252169250268109,
    {
      "epoch_lwlrap": 0.8252169250268109,
      "loss": 0.030139517985166068,
      "lwlrap": 0.8268920159793175
    }
  ],
  "epoch_27": [
    "out/110_109_mixup/fold1/checkpoints/train.28.pth",
    0.8318236927217022,
    {
      "epoch_lwlrap": 0.8318236927217022,
      "loss": 0.028242459579829182,
      "lwlrap": 0.8333246542163443
    }
  ],
  "epoch_28": [
    "out/110_109_mixup/fold1/checkpoints/train.29.pth",
    0.8323209426821594,
    {
      "epoch_lwlrap": 0.8323209426821594,
      "loss": 0.02863609888369129,
      "lwlrap": 0.8338185770725453
    }
  ],
  "epoch_29": [
    "out/110_109_mixup/fold1/checkpoints/train.30.pth",
    0.8285095660570946,
    {
      "epoch_lwlrap": 0.8285095660570946,
      "loss": 0.028675864672376997,
      "lwlrap": 0.8297624296632232
    }
  ],
  "epoch_30": [
    "out/110_109_mixup/fold1/checkpoints/train.31.pth",
    0.8323976192797486,
    {
      "epoch_lwlrap": 0.8323976192797486,
      "loss": 0.028325229262312256,
      "lwlrap": 0.834340401347204
    }
  ],
  "epoch_31": [
    "out/110_109_mixup/fold1/checkpoints/train.32.pth",
    0.8367850389378011,
    {
      "epoch_lwlrap": 0.8367850389378011,
      "loss": 0.028167351341200252,
      "lwlrap": 0.8382726820449636
    }
  ],
  "epoch_32": [
    "out/110_109_mixup/fold1/checkpoints/train.33.pth",
    0.8391900378256897,
    {
      "epoch_lwlrap": 0.8391900378256897,
      "loss": 0.028077166557075487,
      "lwlrap": 0.8403110720793855
    }
  ],
  "epoch_33": [
    "out/110_109_mixup/fold1/checkpoints/train.34.pth",
    0.8402326496908247,
    {
      "epoch_lwlrap": 0.8402326496908247,
      "loss": 0.027462947551929764,