{
  "best": {
    "epoch_lwlrap": 0.87819435528561,
    "loss": 0.05831863172352314,
    "lwlrap": 0.8788915092039042
  },
  "last": {
    "epoch_lwlrap": 0.8365107220620529,
    "loss": 0.08032030813277713,
    "lwlrap": 0.8364462060738397
  },
  "train.33": {
    "epoch_lwlrap": 0.87819435528561,
    "loss": 0.05831863172352314,
    "lwlrap": 0.8788915092039042
  },
  "epoch_0": [
    "out/090_086_class_balanced_loss/fold1/checkpoints/train.1.pth",
    0.24608504134122317,
    {
      "epoch_lwlrap": 0.24608504134122317,
      "loss": 0.17529717844630044,
      "lwlrap": 0.2464586898437137
    }
  ],
  "epoch_1": [
    "out/090_086_class_balanced_loss/fold1/checkpoints/train.2.pth",
    0.29332554243933295,
    {
      "epoch_lwlrap": 0.29332554243933295,
      "loss": 0.1677980919679006,
      "lwlrap": 0.2938463459092289
    }
  ],
  "epoch_2": [
    "out/090_086_class_balanced_loss/fold1/checkpoints/train.3.pth",
    0.3742330849659953,
    {
      "epoch_lwlrap": 0.3742330849659953,
      "loss": 0.16042107036189426,
      "lwlrap": 0.3743229280550157
    }
  ],
  "epoch_3": [
    "out/090_086_class_balanced_loss/fold1/checkpoints/train.4.pth",
    0.4292061953233656,
    {
      "epoch_lwlrap": 0.4292061953233656,
      "loss": 0.15046282207208966,
      "lwlrap": 0.42976681818848766
    }
  ],
  "epoch_4": [
    "out/090_086_class_balanced_loss/fold1/checkpoints/train.5.pth",
    0.5213520096544029,
    {
      "epoch_lwlrap": 0.5213520096544029,
      "loss": 0.13321754028872837,
      "lwlrap": 0.5225034386853677
    }
  ],
  "epoch_5": [
    "out/090_086_class_balanced_loss/fold1/checkpoints/train.6.pth",
    0.5674451824921518,
    {
      "epoch_lwlrap": 0.5674451824921518,
      "loss": 0.12784872097628458,
      "lwlrap": 0.5684753199019363
    }
  ],
  "epoch_6": [
    "out/090_086_class_balanced_loss/fold1/checkpoints/train.7.pth",
    0.6269144701318712,
    {
      "epoch_lwlrap": 0.6269144701318712,
      "loss": 0.1145759087706369,
      "lwlrap": 0.6278214687646395
    }
  ],
  "epoch_7": [
    "out/090_086_class_balanced_loss/fold1/checkpoints/train.8.pth",
    0.692923886918519,
    {
      "epoch_lwlrap": 0.692923886918519,
      "loss": 0.10534444936211147,
      "lwlrap": 0.6935407762382755
    }
  ],
  "epoch_8": [
    "out/090_086_class_balanced_loss/fold1/checkpoints/train.9.pth",
    0.7042081576441899,
    {
      "epoch_lwlrap": 0.7042081576441899,
      "loss": 0.10034584904473925,
      "lwlrap": 0.7052395484237574
    }
  ],
  "epoch_9": [
    "out/090_086_class_balanced_loss/fold1/checkpoints/train.10.pth",
    0.7143648614488471,
    {
      "epoch_lwlrap": 0.7143648614488471,
      "loss": 0.09608757365790625,
      "lwlrap": 0.715219253512827
    }
  ],
  "epoch_10": [
    "out/090_086_class_balanced_loss/fold1/checkpoints/train.11.pth",
    0.7227721614653773,
    {
      "epoch_lwlrap": 0.7227721614653773,
      "loss": 0.09717749721474117,
      "lwlrap": 0.724007315312264
    }
  ],
  "epoch_11": [
    "out/090_086_class_balanced_loss/fold1/checkpoints/train.12.pth",
    0.7260663324401566,
    {
      "epoch_lwlrap": 0.7260663324401566,
      "loss": 0.0946795078260558,
      "lwlrap": 0.7269933238446018
    }
  ],
  "epoch_12": [
    "out/090_086_class_balanced_loss/fold1/checkpoints/train.13.pth",
    0.7272432257223131,
    {
      "epoch_lwlrap": 0.7272432257223131,
      "loss": 0.09698217752433959,
      "lwlrap": 0.7281736066000661
    }
  ],
  "epoch_13": [
    "out/090_086_class_balanced_loss/fold1/checkpoints/train.14.pth",
    0.7339767594045161,
    {
      "epoch_lwlrap": 0.7339767594045161,
      "loss": 0.0983247406898983,
      "lwlrap": 0.7346451743156966
    }
  ],
  "epoch_14": [
    "out/090_086_class_balanced_loss/fold1/checkpoints/train.15.pth",
    0.7360260600804928,
    {
      "epoch_lwlrap": 0.7360260600804928,
      "loss": 0.09285420687898757,
      "lwlrap": 0.7369617707394694
    }
  ],
  "epoch_15": [
    "out/090_086_class_balanced_loss/fold1/checkpoints/train.16.pth",
    0.7271615051915585,
    {
      "epoch_lwlrap": 0.7271615051915585,
      "loss": 0.09891880445537113,
      "lwlrap": 0.7273957063731878
    }
  ],
  "epoch_16": [
    "out/090_086_class_balanced_loss/fold1/checkpoints/train.17.pth",
    0.7536784244483864,
    {
      "epoch_lwlrap": 0.7536784244483864,
      "loss": 0.0882969301134821,
      "lwlrap": 0.7539884393778307
    }
  ],
  "epoch_17": [
    "out/090_086_class_balanced_loss/fold1/checkpoints/train.18.pth",
    0.7437400138495796,
    {
      "epoch_lwlrap": 0.7437400138495796,
      "loss": 0.095596486613864,
      "lwlrap": 0.7448057561070539
    }
  ],
  "epoch_18": [
    "out/090_086_class_balanced_loss/fold1/checkpoints/train.19.pth",
    0.7454433327106931,
    {
      "epoch_lwlrap": 0.7454433327106931,
      "loss": 0.09819660867963519,
      "lwlrap": 0.7469731370622784
    }
  ],
  "epoch_19": [
    "out/090_086_class_balanced_loss/fold1/checkpoints/train.20.pth",
    0.7435252168617188,
    {
      "epoch_lwlrap": 0.7435252168617188,
      "loss": 0.10233390473184131,
      "lwlrap": 0.7446224495141346
    }
  ],
  "epoch_20": [
    "out/090_086_class_balanced_loss/fold1/checkpoints/train.21.pth",
    0.7854859705144877,
    {
      "epoch_lwlrap": 0.7854859705144877,
      "loss": 0.08941735705685994,
      "lwlrap": 0.7859055426201125
    }
  ],
  "epoch_21": [
    "out/090_086_class_balanced_loss/fold1/checkpoints/train.22.pth",
    0.7674625121393182,
    {
      "epoch_lwlrap": 0.7674625121393182,
      "loss": 0.0905656988422076,
      "lwlrap": 0.7679749365776841
    }
  ],
  "epoch_22": [
    "out/090_086_class_balanced_loss/fold1/checkpoints/train.23.pth",
    0.7848601561836857,
    {
      "epoch_lwlrap": 0.7848601561836857,
      "loss": 0.08812738529273442,
      "lwlrap": 0.785785098697655
    }
  ],
  "epoch_23": [
    "out/090_086_class_balanced_loss/fold1/checkpoints/train.24.pth",
    0.8267922719443632,
    {
      "epoch_lwlrap": 0.8267922719443632,
      "loss": 0.06958795551742826,
      "lwlrap": 0.8276421305208908
    }
  ],
  "epoch_24": [
    "out/090_086_class_balanced_loss/fold1/checkpoints/train.25.pth",
    0.8191849236526043,
    {
      "epoch_lwlrap": 0.8191849236526043,
      "loss": 0.07439479007134361,
      "lwlrap": 0.8200641069876445
    }
  ],
  "epoch_25": [
    "out/090_086_class_balanced_loss/fold1/checkpoints/train.26.pth",
    0.8516749515798946,
    {
      "epoch_lwlrap": 0.8516749515798946,
      "loss": 0.06510546862606018,
      "lwlrap": 0.8515675776305918
    }
  ],
  "epoch_26": [
    "out/090_086_class_balanced_loss/fold1/checkpoints/train.27.pth",
    0.8486842899390428,
    {
      "epoch_lwlrap": 0.8486842899390428,
      "loss": 0.06726533233646362,
      "lwlrap": 0.8494017501598795
    }
  ],
  "epoch_27": [
    "out/090_086_class_balanced_loss/fold1/checkpoints/train.28.pth",
    0.8686084511179568,
    {
      "epoch_lwlrap": 0.8686084511179568,
      "loss": 0.06178088013141874,
      "lwlrap": 0.8691288163793635
    }
  ],
  "epoch_28": [
    "out/090_086_class_balanced_loss/fold1/checkpoints/train.29.pth",
    0.8593090897273408,
    {
      "epoch_lwlrap": 0.8593090897273408,
      "loss": 0.0611451015704208,
      "lwlrap": 0.8598576832247111
    }
  ],
  "epoch_29": [
    "out/090_086_class_balanced_loss/fold1/checkpoints/train.30.pth",
    0.8734987023960408,
    {
      "epoch_lwlrap": 0.8734987023960408,
      "loss": 0.06091987223379195,
      "lwlrap": 0.8743583741016048
    }
  ],
  "epoch_30": [
    "out/090_086_class_balanced_loss/fold1/checkpoints/train.31.pth",
    0.8552935393714861,
    {
      "epoch_lwlrap": 0.8552935393714861,
      "loss": 0.061944068010364256,
      "lwlrap": 0.8560565442314519
    }
  ],
  "epoch_31": [
    "out/090_086_class_balanced_loss/fold1/checkpoints/train.32.pth",
    0.8679402663242968,
    {
      "epoch_lwlrap": 0.8679402663242968,
      "loss": 0.06197207267322237,
      "lwlrap": 0.8689477013173883
    }
  ],