{
    "best": {
        "lwlrap": 0.786729887396554,
        "loss": 1.1748281080614438,
        "epoch": 29
    },
    "last": {
        "lwlrap": 0.7745786435786436,
        "loss": 1.2879335338419133,
        "epoch": 50
    },
    "epoch_1": {
        "lwlrap": 0.19595609242946255,
        "loss": 0.8147654804316434
    },
    "epoch_2": {
        "lwlrap": 0.2665581036058444,
        "loss": 0.7878306792540983
    },
    "epoch_3": {
        "lwlrap": 0.28991891557023697,
        "loss": 0.7429357035593553
    },
    "epoch_4": {
        "lwlrap": 0.3643590240675537,
        "loss": 0.7718570110472766
    },
    "epoch_5": {
        "lwlrap": 0.4463600390484449,
        "loss": 0.7471386871554635
    },
    "epoch_6": {
        "lwlrap": 0.4767386127164922,
        "loss": 0.8708731152794578
    },
    "epoch_7": {
        "lwlrap": 0.47339522387561606,
        "loss": 0.9255897131833163
    },
    "epoch_8": {
        "lwlrap": 0.524604747104747,
        "loss": 0.8258821165019815
    },
    "epoch_9": {
        "lwlrap": 0.5746229449562783,
        "loss": 0.8037167232144963
    },
    "epoch_10": {
        "lwlrap": 0.5827697444168032,
        "loss": 0.7966917184266177
    },
    "epoch_11": {
        "lwlrap": 0.5855844340844341,
        "loss": 0.7897868955677206
    },
    "epoch_12": {
        "lwlrap": 0.5914627409627409,
        "loss": 0.7903383089737459
    },
    "epoch_13": {
        "lwlrap": 0.5853102779573367,
        "loss": 0.7926198257641359
    },
    "epoch_14": {
        "lwlrap": 0.6025589225589225,
        "loss": 0.8443902676755731
    },
    "epoch_15": {
        "lwlrap": 0.5831598216598217,
        "loss": 0.8363741853020408
    },
    "epoch_16": {
        "lwlrap": 0.49122656128796477,
        "loss": 0.8362615122036501
    },
    "epoch_17": {
        "lwlrap": 0.5947069597069596,
        "loss": 0.6644179468805139
    },
    "epoch_18": {
        "lwlrap": 0.6277584267584267,
        "loss": 0.8559425351294604
    },
    "epoch_19": {
        "lwlrap": 0.6173511502066713,
        "loss": 0.9142865430225026
    },
    "epoch_20": {
        "lwlrap": 0.6019141568528206,
        "loss": 1.0502171584151008
    },
    "epoch_21": {
        "lwlrap": 0.6588052891190146,
        "loss": 0.7762008851224725
    },
    "epoch_22": {
        "lwlrap": 0.5971653839987173,
        "loss": 1.0824351419102063
    },
    "epoch_23": {
        "lwlrap": 0.6906495109828443,
        "loss": 1.0397090437737377
    },
    "epoch_24": {
        "lwlrap": 0.7473512739983328,
        "loss": 1.2507970184087753
    },
    "epoch_25": {
        "lwlrap": 0.7810389610389611,
        "loss": 1.2359771525317973
    },
    "epoch_26": {
        "lwlrap": 0.7563124899791567,
        "loss": 1.224070050499656
    },
    "epoch_27": {
        "lwlrap": 0.7575785325785325,
        "loss": 1.2022719383239746
    },
    "epoch_28": {
        "lwlrap": 0.7645748282218869,
        "loss": 1.2014682496135884
    },
    "epoch_29": {
        "lwlrap": 0.786729887396554,
        "loss": 1.1748281080614438
    },
    "epoch_30": {
        "lwlrap": 0.7769911816578483,
        "loss": 1.2048324671658603
    },
    "epoch_31": {
        "lwlrap": 0.7728199948199947,
        "loss": 1.210234665057876
    },
    "epoch_32": {
        "lwlrap": 0.7815059015059015,
        "loss": 1.18687034601515
    },
    "epoch_33": {
        "lwlrap": 0.7675978835978836,
        "loss": 1.2257542569528928
    },
    "epoch_34": {
        "lwlrap": 0.7648127798127797,
        "loss": 1.2556748606941917
    },
    "epoch_35": {
        "lwlrap": 0.7627607123221158,
        "loss": 1.3113086169416255
    },
    "epoch_36": {
        "lwlrap": 0.7733713732661102,
        "loss": 1.0680338130755858
    },
    "epoch_37": {
        "lwlrap": 0.746215938382605,
        "loss": 1.0364575521512465
    },
    "epoch_38": {
        "lwlrap": 0.724442199775533,
        "loss": 1.0782419131560759
    },
    "epoch_39": {
        "lwlrap": 0.648244278139015,
        "loss": 1.0584910037842663
    },
    "epoch_40": {
        "lwlrap": 0.619148799212334,
        "loss": 1.0016588182611899
    },
    "epoch_41": {
        "lwlrap": 0.6605952481566516,
        "loss": 0.8611611141399904
    },
    "epoch_42": {
        "lwlrap": 0.6937600666351957,
        "loss": 0.8391731510108168
    },
    "epoch_43": {
        "lwlrap": 0.6936869361890674,
        "loss": 1.1796056479215622
    },
    "epoch_44": {
        "lwlrap": 0.718559658206717,
        "loss": 1.1950671442530372
    },
    "epoch_45": {
        "lwlrap": 0.7177619047619047,
        "loss": 1.2370507310737262
    },
    "epoch_46": {
        "lwlrap": 0.7600546737213404,
        "loss": 1.30360156704079
    },
    "epoch_47": {
        "lwlrap": 0.7672222222222222,
        "loss": 1.283572023565119
    },
    "epoch_48": {
        "lwlrap": 0.768029711029711,
        "loss": 1.2809875512664968
    },
    "epoch_49": {
        "lwlrap": 0.7731693121693122,
        "loss": 1.2973420958627353
    },
    "epoch_50": {
        "lwlrap": 0.7745786435786436,
        "loss": 1.2879335338419133
    }
}