{
    "best": {
        "lwlrap": 0.9084545855379189,
        "loss": 0.080624227412045,
        "epoch": 48
    },
    "last": {
        "lwlrap": 0.8966203703703705,
        "loss": 0.08120680786669254,
        "epoch": 50
    },
    "epoch_1": {
        "lwlrap": 0.39557567659283344,
        "loss": 0.18461569771170616
    },
    "epoch_2": {
        "lwlrap": 0.5609023946278848,
        "loss": 0.1472825277596712
    },
    "epoch_3": {
        "lwlrap": 0.6075255531505531,
        "loss": 0.13474849704653025
    },
    "epoch_4": {
        "lwlrap": 0.7782407407407407,
        "loss": 0.10544534865766764
    },
    "epoch_5": {
        "lwlrap": 0.7821560846560847,
        "loss": 0.09860695712268353
    },
    "epoch_6": {
        "lwlrap": 0.8076984126984127,
        "loss": 0.1003167936578393
    },
    "epoch_7": {
        "lwlrap": 0.817985008818342,
        "loss": 0.09459430770948529
    },
    "epoch_8": {
        "lwlrap": 0.8551455026455027,
        "loss": 0.0861833207309246
    },
    "epoch_9": {
        "lwlrap": 0.8594664902998236,
        "loss": 0.08419634960591793
    },
    "epoch_10": {
        "lwlrap": 0.8590806878306878,
        "loss": 0.08354806434363127
    },
    "epoch_11": {
        "lwlrap": 0.8540873015873016,
        "loss": 0.08306559454649687
    },
    "epoch_12": {
        "lwlrap": 0.8531701940035272,
        "loss": 0.08482051780447364
    },
    "epoch_13": {
        "lwlrap": 0.8601984126984128,
        "loss": 0.08276560809463263
    },
    "epoch_14": {
        "lwlrap": 0.8123214285714286,
        "loss": 0.09379331395030022
    },
    "epoch_15": {
        "lwlrap": 0.8211507936507936,
        "loss": 0.0973936291411519
    },
    "epoch_16": {
        "lwlrap": 0.8000992063492063,
        "loss": 0.1028301427140832
    },
    "epoch_17": {
        "lwlrap": 0.8017129629629629,
        "loss": 0.09959201607853174
    },
    "epoch_18": {
        "lwlrap": 0.8285945767195767,
        "loss": 0.09504589345306158
    },
    "epoch_19": {
        "lwlrap": 0.7857071940405274,
        "loss": 0.10730299632996321
    },
    "epoch_20": {
        "lwlrap": 0.7336039963123295,
        "loss": 0.11794531997293234
    },
    "epoch_21": {
        "lwlrap": 0.7311027344115579,
        "loss": 0.11068460252135992
    },
    "epoch_22": {
        "lwlrap": 0.8439021164021163,
        "loss": 0.09231058694422245
    },
    "epoch_23": {
        "lwlrap": 0.8546576109076109,
        "loss": 0.08876115828752518
    },
    "epoch_24": {
        "lwlrap": 0.774918630751964,
        "loss": 0.11672846786677837
    },
    "epoch_25": {
        "lwlrap": 0.8904565496232163,
        "loss": 0.07859011786058545
    },
    "epoch_26": {
        "lwlrap": 0.897960758377425,
        "loss": 0.07669623615220189
    },
    "epoch_27": {
        "lwlrap": 0.90135582010582,
        "loss": 0.08002727013081312
    },
    "epoch_28": {
        "lwlrap": 0.9001962081128748,
        "loss": 0.07945863204076886
    },
    "epoch_29": {
        "lwlrap": 0.9063381834215167,
        "loss": 0.07593807624652982
    },
    "epoch_30": {
        "lwlrap": 0.9071097883597883,
        "loss": 0.0754205584526062
    },
    "epoch_31": {
        "lwlrap": 0.8988053150553149,
        "loss": 0.0758962957188487
    },
    "epoch_32": {
        "lwlrap": 0.9050132275132275,
        "loss": 0.07604276016354561
    },
    "epoch_33": {
        "lwlrap": 0.9003373015873015,
        "loss": 0.07605416607111692
    },
    "epoch_34": {
        "lwlrap": 0.8913271604938272,
        "loss": 0.08018588600680232
    },
    "epoch_35": {
        "lwlrap": 0.8728188478188479,
        "loss": 0.08393930736929178
    },
    "epoch_36": {
        "lwlrap": 0.8727557319223985,
        "loss": 0.08299207082018256
    },
    "epoch_37": {
        "lwlrap": 0.8605246913580247,
        "loss": 0.08893680619075894
    },
    "epoch_38": {
        "lwlrap": 0.8700194250194251,
        "loss": 0.09412785153836012
    },
    "epoch_39": {
        "lwlrap": 0.7741112128612129,
        "loss": 0.11487108934670687
    },
    "epoch_40": {
        "lwlrap": 0.8401234567901235,
        "loss": 0.0912083419971168
    },
    "epoch_41": {
        "lwlrap": 0.8669581807081808,
        "loss": 0.0869580889120698
    },
    "epoch_42": {
        "lwlrap": 0.8150424058512293,
        "loss": 0.10198216792196035
    },
    "epoch_43": {
        "lwlrap": 0.7349710468982914,
        "loss": 0.1210896447300911
    },
    "epoch_44": {
        "lwlrap": 0.8732631874298541,
        "loss": 0.08781238179653883
    },
    "epoch_45": {
        "lwlrap": 0.870459656084656,
        "loss": 0.08634663559496403
    },
    "epoch_46": {
        "lwlrap": 0.8632142857142857,
        "loss": 0.08916000463068485
    },
    "epoch_47": {
        "lwlrap": 0.8943231922398589,
        "loss": 0.08476514462381601
    },
    "epoch_48": {
        "lwlrap": 0.9084545855379189,
        "loss": 0.080624227412045
    },
    "epoch_49": {
        "lwlrap": 0.8992093554593553,
        "loss": 0.08291016705334187
    },
    "epoch_50": {
        "lwlrap": 0.8966203703703705,
        "loss": 0.08120680786669254
    }
}