{
  "best": {
    "epoch_lwlrap": 0.8597030823058219,
    "loss": 0.2548228966999272,
    "lwlrap": 0.8597030823058219
  },
  "last": {
    "epoch_lwlrap": 0.8486899325940421,
    "loss": 0.2698296854212948,
    "lwlrap": 0.8486899325940421
  },
  "train.52": {
    "epoch_lwlrap": 0.8597030823058219,
    "loss": 0.2548228966999272,
    "lwlrap": 0.8597030823058219
  },
  "epoch_0": [
    "out/078_ResNest_focal_strong_SAM_pitch_shift/fold4/checkpoints/train.1.pth",
    0.21030330206142045,
    {
      "epoch_lwlrap": 0.21030330206142045,
      "loss": 0.6304221398209872,
      "lwlrap": 0.21030330206142048
    }
  ],
  "epoch_1": [
    "out/078_ResNest_focal_strong_SAM_pitch_shift/fold4/checkpoints/train.2.pth",
    0.29301225042258416,
    {
      "epoch_lwlrap": 0.29301225042258416,
      "loss": 0.6030753995185574,
      "lwlrap": 0.2930122504225842
    }
  ],
  "epoch_2": [
    "out/078_ResNest_focal_strong_SAM_pitch_shift/fold4/checkpoints/train.3.pth",
    0.31841210978532875,
    {
      "epoch_lwlrap": 0.31841210978532875,
      "loss": 0.5799096705706697,
      "lwlrap": 0.31841210978532875
    }
  ],
  "epoch_3": [
    "out/078_ResNest_focal_strong_SAM_pitch_shift/fold4/checkpoints/train.4.pth",
    0.36124192010573963,
    {
      "epoch_lwlrap": 0.36124192010573963,
      "loss": 0.5592543066364445,
      "lwlrap": 0.36124192010573963
    }
  ],
  "epoch_4": [
    "out/078_ResNest_focal_strong_SAM_pitch_shift/fold4/checkpoints/train.5.pth",
    0.4066640143042874,
    {
      "epoch_lwlrap": 0.4066640143042874,
      "loss": 0.5228423903521882,
      "lwlrap": 0.40666401430428745
    }
  ],
  "epoch_5": [
    "out/078_ResNest_focal_strong_SAM_pitch_shift/fold4/checkpoints/train.6.pth",
    0.4887001226695077,
    {
      "epoch_lwlrap": 0.4887001226695077,
      "loss": 0.49679536443867095,
      "lwlrap": 0.4887001226695077
    }
  ],
  "epoch_6": [
    "out/078_ResNest_focal_strong_SAM_pitch_shift/fold4/checkpoints/train.7.pth",
    0.5215092745914663,
    {
      "epoch_lwlrap": 0.5215092745914663,
      "loss": 0.4637548370992757,
      "lwlrap": 0.5215092745914663
    }
  ],
  "epoch_7": [
    "out/078_ResNest_focal_strong_SAM_pitch_shift/fold4/checkpoints/train.8.pth",
    0.5408172791957783,
    {
      "epoch_lwlrap": 0.5408172791957783,
      "loss": 0.4491969568816494,
      "lwlrap": 0.5408172791957783
    }
  ],
  "epoch_8": [
    "out/078_ResNest_focal_strong_SAM_pitch_shift/fold4/checkpoints/train.9.pth",
    0.5708548025552194,
    {
      "epoch_lwlrap": 0.5708548025552194,
      "loss": 0.436101477576173,
      "lwlrap": 0.5708548025552194
    }
  ],
  "epoch_9": [
    "out/078_ResNest_focal_strong_SAM_pitch_shift/fold4/checkpoints/train.10.pth",
    0.5787902904564608,
    {
      "epoch_lwlrap": 0.5787902904564608,
      "loss": 0.4327635264287801,
      "lwlrap": 0.5787902904564608
    }
  ],
  "epoch_10": [
    "out/078_ResNest_focal_strong_SAM_pitch_shift/fold4/checkpoints/train.11.pth",
    0.5700841310653699,
    {
      "epoch_lwlrap": 0.5700841310653699,
      "loss": 0.43231364812480805,
      "lwlrap": 0.5700841310653699
    }
  ],
  "epoch_11": [
    "out/078_ResNest_focal_strong_SAM_pitch_shift/fold4/checkpoints/train.12.pth",
    0.5835847707221599,
    {
      "epoch_lwlrap": 0.5835847707221599,
      "loss": 0.42663982047882254,
      "lwlrap": 0.5835847707221599
    }
  ],
  "epoch_12": [
    "out/078_ResNest_focal_strong_SAM_pitch_shift/fold4/checkpoints/train.13.pth",
    0.6035435581668458,
    {
      "epoch_lwlrap": 0.6035435581668458,
      "loss": 0.41781732535253374,
      "lwlrap": 0.6035435581668459
    }
  ],
  "epoch_13": [
    "out/078_ResNest_focal_strong_SAM_pitch_shift/fold4/checkpoints/train.14.pth",
    0.5827390347736843,
    {
      "epoch_lwlrap": 0.5827390347736843,
      "loss": 0.4150851167500291,
      "lwlrap": 0.5827390347736842
    }
  ],
  "epoch_14": [
    "out/078_ResNest_focal_strong_SAM_pitch_shift/fold4/checkpoints/train.15.pth",
    0.6231333924827075,
    {
      "epoch_lwlrap": 0.6231333924827075,
      "loss": 0.3951354556159886,
      "lwlrap": 0.6231333924827075
    }
  ],
  "epoch_15": [
    "out/078_ResNest_focal_strong_SAM_pitch_shift/fold4/checkpoints/train.16.pth",
    0.6656183827215253,
    {
      "epoch_lwlrap": 0.6656183827215253,
      "loss": 0.39397559386410125,
      "lwlrap": 0.6656183827215253
    }
  ],
  "epoch_16": [
    "out/078_ResNest_focal_strong_SAM_pitch_shift/fold4/checkpoints/train.17.pth",
    0.627130678072263,
    {
      "epoch_lwlrap": 0.627130678072263,
      "loss": 0.46175453665593985,
      "lwlrap": 0.627130678072263
    }
  ],
  "epoch_17": [
    "out/078_ResNest_focal_strong_SAM_pitch_shift/fold4/checkpoints/train.18.pth",
    0.7066183011187039,
    {
      "epoch_lwlrap": 0.7066183011187039,
      "loss": 0.3490999203566547,
      "lwlrap": 0.706618301118704
    }
  ],
  "epoch_18": [
    "out/078_ResNest_focal_strong_SAM_pitch_shift/fold4/checkpoints/train.19.pth",
    0.7628516080570875,
    {
      "epoch_lwlrap": 0.7628516080570875,
      "loss": 0.31526977238861936,
      "lwlrap": 0.7628516080570875
    }
  ],
  "epoch_19": [
    "out/078_ResNest_focal_strong_SAM_pitch_shift/fold4/checkpoints/train.20.pth",
    0.7681436017052454,
    {
      "epoch_lwlrap": 0.7681436017052454,
      "loss": 0.32620025933061014,
      "lwlrap": 0.7681436017052455
    }
  ],
  "epoch_20": [
    "out/078_ResNest_focal_strong_SAM_pitch_shift/fold4/checkpoints/train.21.pth",
    0.7801040917479273,
    {
      "epoch_lwlrap": 0.7801040917479273,
      "loss": 0.31915593365011696,
      "lwlrap": 0.7801040917479274
    }
  ],
  "epoch_21": [
    "out/078_ResNest_focal_strong_SAM_pitch_shift/fold4/checkpoints/train.22.pth",
    0.7659464055235347,
    {
      "epoch_lwlrap": 0.7659464055235347,
      "loss": 0.33895705374952867,
      "lwlrap": 0.7659464055235348
    }
  ],
  "epoch_22": [
    "out/078_ResNest_focal_strong_SAM_pitch_shift/fold4/checkpoints/train.23.pth",
    0.7914890918315576,
    {
      "epoch_lwlrap": 0.7914890918315576,
      "loss": 0.2916032269120761,
      "lwlrap": 0.7914890918315576
    }
  ],
  "epoch_23": [
    "out/078_ResNest_focal_strong_SAM_pitch_shift/fold4/checkpoints/train.24.pth",
    0.8211445156449184,
    {
      "epoch_lwlrap": 0.8211445156449184,
      "loss": 0.26138387770141097,
      "lwlrap": 0.8211445156449186
    }
  ],
  "epoch_24": [
    "out/078_ResNest_focal_strong_SAM_pitch_shift/fold4/checkpoints/train.25.pth",
    0.8470121791838149,
    {
      "epoch_lwlrap": 0.8470121791838149,
      "loss": 0.270205014440567,
      "lwlrap": 0.8470121791838151
    }
  ],
  "epoch_25": [
    "out/078_ResNest_focal_strong_SAM_pitch_shift/fold4/checkpoints/train.26.pth",
    0.8408757338551858,
    {
      "epoch_lwlrap": 0.8408757338551858,
      "loss": 0.27913561932844655,
      "lwlrap": 0.840875733855186
    }
  ],
  "epoch_26": [
    "out/078_ResNest_focal_strong_SAM_pitch_shift/fold4/checkpoints/train.27.pth",
    0.8490565814195951,
    {
      "epoch_lwlrap": 0.8490565814195951,
      "loss": 0.2516811256675415,
      "lwlrap": 0.8490565814195951
    }
  ],
  "epoch_27": [
    "out/078_ResNest_focal_strong_SAM_pitch_shift/fold4/checkpoints/train.28.pth",
    0.8386299393148708,
    {
      "epoch_lwlrap": 0.8386299393148708,
      "loss": 0.2660665997223223,
      "lwlrap": 0.8386299393148708
    }
  ],
  "epoch_28": [
    "out/078_ResNest_focal_strong_SAM_pitch_shift/fold4/checkpoints/train.29.pth",
    0.8503625623488635,
    {
      "epoch_lwlrap": 0.8503625623488635,
      "loss": 0.24682901724832787,
      "lwlrap": 0.8503625623488636
    }
  ],
  "epoch_29": [
    "out/078_ResNest_focal_strong_SAM_pitch_shift/fold4/checkpoints/train.30.pth",
    0.848126733743172,
    {
      "epoch_lwlrap": 0.848126733743172,
      "loss": 0.252710825640317,
      "lwlrap": 0.8481267337431722
    }
  ],