{
  "best": {
    "epoch_lwlrap": 0.8849727705922397,
    "loss": 0.0751779328669067,
    "lwlrap": 0.8849727705922397
  },
  "last": {
    "epoch_lwlrap": 0.8410152409046214,
    "loss": 0.10195567287438738,
    "lwlrap": 0.8410152409046214
  },
  "train.51": {
    "epoch_lwlrap": 0.8849727705922397,
    "loss": 0.0751779328669067,
    "lwlrap": 0.8849727705922397
  },
  "epoch_0": [
    "out/088_087_dataset_change/fold0/checkpoints/train.1.pth",
    0.2470410837150188,
    {
      "epoch_lwlrap": 0.2470410837150188,
      "loss": 0.2726058806993265,
      "lwlrap": 0.24704108371501882
    }
  ],
  "epoch_1": [
    "out/088_087_dataset_change/fold0/checkpoints/train.2.pth",
    0.27113933573535054,
    {
      "epoch_lwlrap": 0.27113933573535054,
      "loss": 0.241706814122411,
      "lwlrap": 0.2711393357353506
    }
  ],
  "epoch_2": [
    "out/088_087_dataset_change/fold0/checkpoints/train.3.pth",
    0.3224423653652879,
    {
      "epoch_lwlrap": 0.3224423653652879,
      "loss": 0.23872839402308504,
      "lwlrap": 0.32244236536528786
    }
  ],
  "epoch_3": [
    "out/088_087_dataset_change/fold0/checkpoints/train.4.pth",
    0.3846298130037738,
    {
      "epoch_lwlrap": 0.3846298130037738,
      "loss": 0.22499562140587157,
      "lwlrap": 0.3846298130037738
    }
  ],
  "epoch_4": [
    "out/088_087_dataset_change/fold0/checkpoints/train.5.pth",
    0.3753557747394907,
    {
      "epoch_lwlrap": 0.3753557747394907,
      "loss": 0.2198696952741758,
      "lwlrap": 0.3753557747394907
    }
  ],
  "epoch_5": [
    "out/088_087_dataset_change/fold0/checkpoints/train.6.pth",
    0.4199323450509085,
    {
      "epoch_lwlrap": 0.4199323450509085,
      "loss": 0.2112092900592669,
      "lwlrap": 0.41993234505090843
    }
  ],
  "epoch_6": [
    "out/088_087_dataset_change/fold0/checkpoints/train.7.pth",
    0.4983660549641809,
    {
      "epoch_lwlrap": 0.4983660549641809,
      "loss": 0.19457681701246615,
      "lwlrap": 0.49836605496418096
    }
  ],
  "epoch_7": [
    "out/088_087_dataset_change/fold0/checkpoints/train.8.pth",
    0.48453336375899325,
    {
      "epoch_lwlrap": 0.48453336375899325,
      "loss": 0.19553432475149102,
      "lwlrap": 0.48453336375899325
    }
  ],
  "epoch_8": [
    "out/088_087_dataset_change/fold0/checkpoints/train.9.pth",
    0.5411816787649002,
    {
      "epoch_lwlrap": 0.5411816787649002,
      "loss": 0.1886062688004654,
      "lwlrap": 0.5411816787649002
    }
  ],
  "epoch_9": [
    "out/088_087_dataset_change/fold0/checkpoints/train.10.pth",
    0.5371617373002685,
    {
      "epoch_lwlrap": 0.5371617373002685,
      "loss": 0.18661412754944995,
      "lwlrap": 0.5371617373002684
    }
  ],
  "epoch_10": [
    "out/088_087_dataset_change/fold0/checkpoints/train.11.pth",
    0.54094983322856,
    {
      "epoch_lwlrap": 0.54094983322856,
      "loss": 0.18628322418812102,
      "lwlrap": 0.54094983322856
    }
  ],
  "epoch_11": [
    "out/088_087_dataset_change/fold0/checkpoints/train.12.pth",
    0.5505017225012978,
    {
      "epoch_lwlrap": 0.5505017225012978,
      "loss": 0.18464006773665945,
      "lwlrap": 0.5505017225012978
    }
  ],
  "epoch_12": [
    "out/088_087_dataset_change/fold0/checkpoints/train.13.pth",
    0.5590506895126541,
    {
      "epoch_lwlrap": 0.5590506895126541,
      "loss": 0.18154950110258256,
      "lwlrap": 0.5590506895126544
    }
  ],
  "epoch_13": [
    "out/088_087_dataset_change/fold0/checkpoints/train.14.pth",
    0.575603585133127,
    {
      "epoch_lwlrap": 0.575603585133127,
      "loss": 0.17808652688971663,
      "lwlrap": 0.575603585133127
    }
  ],
  "epoch_14": [
    "out/088_087_dataset_change/fold0/checkpoints/train.15.pth",
    0.6205356528918475,
    {
      "epoch_lwlrap": 0.6205356528918475,
      "loss": 0.1750134153176198,
      "lwlrap": 0.6205356528918476
    }
  ],
  "epoch_15": [
    "out/088_087_dataset_change/fold0/checkpoints/train.16.pth",
    0.6420797737169419,
    {
      "epoch_lwlrap": 0.6420797737169419,
      "loss": 0.16534916674141334,
      "lwlrap": 0.6420797737169419
    }
  ],
  "epoch_16": [
    "out/088_087_dataset_change/fold0/checkpoints/train.17.pth",
    0.5929900455817261,
    {
      "epoch_lwlrap": 0.5929900455817261,
      "loss": 0.17995897001397293,
      "lwlrap": 0.5929900455817262
    }
  ],
  "epoch_17": [
    "out/088_087_dataset_change/fold0/checkpoints/train.18.pth",
    0.7004045771803108,
    {
      "epoch_lwlrap": 0.7004045771803108,
      "loss": 0.1501215821610088,
      "lwlrap": 0.7004045771803108
    }
  ],
  "epoch_18": [
    "out/088_087_dataset_change/fold0/checkpoints/train.19.pth",
    0.7097398747646014,
    {
      "epoch_lwlrap": 0.7097398747646014,
      "loss": 0.15047659586488674,
      "lwlrap": 0.7097398747646015
    }
  ],
  "epoch_19": [
    "out/088_087_dataset_change/fold0/checkpoints/train.20.pth",
    0.7305353565172328,
    {
      "epoch_lwlrap": 0.7305353565172328,
      "loss": 0.14953958829947278,
      "lwlrap": 0.7305353565172328
    }
  ],
  "epoch_20": [
    "out/088_087_dataset_change/fold0/checkpoints/train.21.pth",
    0.7237713079332027,
    {
      "epoch_lwlrap": 0.7237713079332027,
      "loss": 0.14359611035448258,
      "lwlrap": 0.7237713079332029
    }
  ],
  "epoch_21": [
    "out/088_087_dataset_change/fold0/checkpoints/train.22.pth",
    0.7733012501264713,
    {
      "epoch_lwlrap": 0.7733012501264713,
      "loss": 0.13405380787047663,
      "lwlrap": 0.7733012501264714
    }
  ],
  "epoch_22": [
    "out/088_087_dataset_change/fold0/checkpoints/train.23.pth",
    0.7798935516302774,
    {
      "epoch_lwlrap": 0.7798935516302774,
      "loss": 0.12059968492362351,
      "lwlrap": 0.7798935516302773
    }
  ],
  "epoch_23": [
    "out/088_087_dataset_change/fold0/checkpoints/train.24.pth",
    0.7899794895370116,
    {
      "epoch_lwlrap": 0.7899794895370116,
      "loss": 0.11499123822535033,
      "lwlrap": 0.7899794895370117
    }
  ],
  "epoch_24": [
    "out/088_087_dataset_change/fold0/checkpoints/train.25.pth",
    0.8423744397195725,
    {
      "epoch_lwlrap": 0.8423744397195725,
      "loss": 0.10063395266775536,
      "lwlrap": 0.8423744397195725
    }
  ],
  "epoch_25": [
    "out/088_087_dataset_change/fold0/checkpoints/train.26.pth",
    0.8518236249984038,
    {
      "epoch_lwlrap": 0.8518236249984038,
      "loss": 0.09076091996600143,
      "lwlrap": 0.8518236249984037
    }
  ],
  "epoch_26": [
    "out/088_087_dataset_change/fold0/checkpoints/train.27.pth",
    0.842447308099963,
    {
      "epoch_lwlrap": 0.842447308099963,
      "loss": 0.09483676885081603,
      "lwlrap": 0.8424473080999629
    }
  ],
  "epoch_27": [
    "out/088_087_dataset_change/fold0/checkpoints/train.28.pth",
    0.8555769451787151,
    {
      "epoch_lwlrap": 0.8555769451787151,
      "loss": 0.08848417978898614,
      "lwlrap": 0.855576945178715
    }
  ],
  "epoch_28": [
    "out/088_087_dataset_change/fold0/checkpoints/train.29.pth",
    0.8606933749632866,
    {
      "epoch_lwlrap": 0.8606933749632866,
      "loss": 0.08704822952240969,
      "lwlrap": 0.8606933749632865
    }
  ],
  "epoch_29": [
    "out/088_087_dataset_change/fold0/checkpoints/train.30.pth",
    0.8661119730809996,
    {
      "epoch_lwlrap": 0.8661119730809996,
      "loss": 0.08507819664953029,
      "lwlrap": 0.8661119730809995
    }
  ],
  "epoch_30": [
    "out/088_087_dataset_change/fold0/checkpoints/train.31.pth",
    0.8653971765697429,
    {
      "epoch_lwlrap": 0.8653971765697429,
      "loss": 0.08515315707278463,
      "lwlrap": 0.8653971765697429
    }
  ],
  "epoch_31": [
    "out/088_087_dataset_change/fold0/checkpoints/train.32.pth",
    0.8666824694479561,
    {
      "epoch_lwlrap": 0.8666824694479561,
      "loss": 0.0843451321784374,
      "lwlrap": 0.8666824694479561
    }
  ],
  "epoch_32": [
    "out/088_087_dataset_change/fold0/checkpoints/train.33.pth",
    0.8595606826801517,
    {
      "epoch_lwlrap": 0.8595606826801517,