{
    "best": {
        "lwlrap": 0.8681584362139918,
        "loss": 0.20944361574947834,
        "epoch": 28
    },
    "last": {
        "lwlrap": 0.8604568014290236,
        "loss": 0.23484463850036263,
        "epoch": 50
    },
    "epoch_1": {
        "lwlrap": 0.2506244394290817,
        "loss": 0.5970343053340912
    },
    "epoch_2": {
        "lwlrap": 0.2889638399168198,
        "loss": 0.5508741289377213
    },
    "epoch_3": {
        "lwlrap": 0.3758416021439542,
        "loss": 0.5409129858016968
    },
    "epoch_4": {
        "lwlrap": 0.4758344528565116,
        "loss": 0.46588215604424477
    },
    "epoch_5": {
        "lwlrap": 0.5067168632323861,
        "loss": 0.47185302898287773
    },
    "epoch_6": {
        "lwlrap": 0.601629414147689,
        "loss": 0.43194014951586723
    },
    "epoch_7": {
        "lwlrap": 0.6454674569257902,
        "loss": 0.38650333508849144
    },
    "epoch_8": {
        "lwlrap": 0.6980443636489387,
        "loss": 0.35107332468032837
    },
    "epoch_9": {
        "lwlrap": 0.7251905309196975,
        "loss": 0.3276435285806656
    },
    "epoch_10": {
        "lwlrap": 0.7283193401248955,
        "loss": 0.3155851475894451
    },
    "epoch_11": {
        "lwlrap": 0.7363160799564308,
        "loss": 0.3139345496892929
    },
    "epoch_12": {
        "lwlrap": 0.7411981058889383,
        "loss": 0.3101310208439827
    },
    "epoch_13": {
        "lwlrap": 0.7429688317072218,
        "loss": 0.31496311724185944
    },
    "epoch_14": {
        "lwlrap": 0.7380637238276126,
        "loss": 0.3060823790729046
    },
    "epoch_15": {
        "lwlrap": 0.7223400801117303,
        "loss": 0.35220664367079735
    },
    "epoch_16": {
        "lwlrap": 0.7643081494024588,
        "loss": 0.3016248941421509
    },
    "epoch_17": {
        "lwlrap": 0.7158523356031525,
        "loss": 0.3413291350007057
    },
    "epoch_18": {
        "lwlrap": 0.7556663411078728,
        "loss": 0.3457138277590275
    },
    "epoch_19": {
        "lwlrap": 0.6451854170399922,
        "loss": 0.4228408560156822
    },
    "epoch_20": {
        "lwlrap": 0.7438153172323922,
        "loss": 0.3280982058495283
    },
    "epoch_21": {
        "lwlrap": 0.7804234988262766,
        "loss": 0.2874285727739334
    },
    "epoch_22": {
        "lwlrap": 0.7636170413948191,
        "loss": 0.2895993385463953
    },
    "epoch_23": {
        "lwlrap": 0.7930058193742835,
        "loss": 0.25668124854564667
    },
    "epoch_24": {
        "lwlrap": 0.8430252938933493,
        "loss": 0.2590747931972146
    },
    "epoch_25": {
        "lwlrap": 0.8029210758377424,
        "loss": 0.246579360216856
    },
    "epoch_26": {
        "lwlrap": 0.8484603488075709,
        "loss": 0.20729433838278055
    },
    "epoch_27": {
        "lwlrap": 0.8535269385963831,
        "loss": 0.21334070805460215
    },
    "epoch_28": {
        "lwlrap": 0.8681584362139918,
        "loss": 0.20944361574947834
    },
    "epoch_29": {
        "lwlrap": 0.8585255577214641,
        "loss": 0.21249575354158878
    },
    "epoch_30": {
        "lwlrap": 0.8590914013428632,
        "loss": 0.20996106276288629
    },
    "epoch_31": {
        "lwlrap": 0.8545389322070609,
        "loss": 0.21015285700559616
    },
    "epoch_32": {
        "lwlrap": 0.8540888293264024,
        "loss": 0.2105067130178213
    },
    "epoch_33": {
        "lwlrap": 0.8628336852934806,
        "loss": 0.2072709142230451
    },
    "epoch_34": {
        "lwlrap": 0.8624692006432202,
        "loss": 0.20417125010862947
    },
    "epoch_35": {
        "lwlrap": 0.8331250388768504,
        "loss": 0.24392711697146297
    },
    "epoch_36": {
        "lwlrap": 0.8156959809737587,
        "loss": 0.2554347272962332
    },
    "epoch_37": {
        "lwlrap": 0.8065439447383891,
        "loss": 0.3091953229159117
    },
    "epoch_38": {
        "lwlrap": 0.7990350955628733,
        "loss": 0.30204090289771557
    },
    "epoch_39": {
        "lwlrap": 0.807863940329218,
        "loss": 0.2606098148971796
    },
    "epoch_40": {
        "lwlrap": 0.7129135094208623,
        "loss": 0.3995979465544224
    },
    "epoch_41": {
        "lwlrap": 0.8062881881269561,
        "loss": 0.26975942170247436
    },
    "epoch_42": {
        "lwlrap": 0.7651676981333844,
        "loss": 0.3296918738633394
    },
    "epoch_43": {
        "lwlrap": 0.7958593403264297,
        "loss": 0.30478786770254374
    },
    "epoch_44": {
        "lwlrap": 0.7878270135214578,
        "loss": 0.3643637076020241
    },
    "epoch_45": {
        "lwlrap": 0.842443783068783,
        "loss": 0.22305933944880962
    },
    "epoch_46": {
        "lwlrap": 0.8323147981134091,
        "loss": 0.27563212625682354
    },
    "epoch_47": {
        "lwlrap": 0.8517817573373129,
        "loss": 0.24999458529055119
    },
    "epoch_48": {
        "lwlrap": 0.8665127544239386,
        "loss": 0.23215904226526618
    },
    "epoch_49": {
        "lwlrap": 0.8647835831863608,
        "loss": 0.23422709852457047
    },
    "epoch_50": {
        "lwlrap": 0.8604568014290236,
        "loss": 0.23484463850036263
    }
}