{
    "best": {
        "lwlrap": 0.8105187908496733,
        "loss": 1.0506748760618814,
        "epoch": 34
    },
    "last": {
        "lwlrap": 0.7812402738873326,
        "loss": 1.0705067864278468,
        "epoch": 50
    },
    "epoch_1": {
        "lwlrap": 0.20272406732382245,
        "loss": 0.5691675609204827
    },
    "epoch_2": {
        "lwlrap": 0.28002454432858337,
        "loss": 0.7463778664426106
    },
    "epoch_3": {
        "lwlrap": 0.30418446726276044,
        "loss": 0.7818298819588452
    },
    "epoch_4": {
        "lwlrap": 0.3189589963364787,
        "loss": 0.7653775942034837
    },
    "epoch_5": {
        "lwlrap": 0.30984157324191014,
        "loss": 0.7573733344310667
    },
    "epoch_6": {
        "lwlrap": 0.38589521330939114,
        "loss": 0.7196922912830259
    },
    "epoch_7": {
        "lwlrap": 0.37897244595250423,
        "loss": 0.7206995123770179
    },
    "epoch_8": {
        "lwlrap": 0.42873757375555777,
        "loss": 0.7312748490310297
    },
    "epoch_9": {
        "lwlrap": 0.4787260077484991,
        "loss": 0.708408377519468
    },
    "epoch_10": {
        "lwlrap": 0.4840706738955009,
        "loss": 0.6975913222243146
    },
    "epoch_11": {
        "lwlrap": 0.49105869060453833,
        "loss": 0.6950930226139906
    },
    "epoch_12": {
        "lwlrap": 0.4831138539536372,
        "loss": 0.7017623375101787
    },
    "epoch_13": {
        "lwlrap": 0.49189677981522645,
        "loss": 0.6923971321524643
    },
    "epoch_14": {
        "lwlrap": 0.4777727101717495,
        "loss": 0.7262875074293555
    },
    "epoch_15": {
        "lwlrap": 0.5217653890951055,
        "loss": 0.6977577238548093
    },
    "epoch_16": {
        "lwlrap": 0.47586233567740854,
        "loss": 0.6621954223004783
    },
    "epoch_17": {
        "lwlrap": 0.50278501153854,
        "loss": 0.6562662124633789
    },
    "epoch_18": {
        "lwlrap": 0.5263652580506295,
        "loss": 0.8945760050924813
    },
    "epoch_19": {
        "lwlrap": 0.5815751874359141,
        "loss": 0.6373570299730068
    },
    "epoch_20": {
        "lwlrap": 0.6528051197168845,
        "loss": 0.815455073263587
    },
    "epoch_21": {
        "lwlrap": 0.6865065618789103,
        "loss": 0.6812717965463313
    },
    "epoch_22": {
        "lwlrap": 0.6734865735542981,
        "loss": 0.893844930137076
    },
    "epoch_23": {
        "lwlrap": 0.7501752284624257,
        "loss": 0.8379810408848088
    },
    "epoch_24": {
        "lwlrap": 0.7393579978816047,
        "loss": 0.9545596125649243
    },
    "epoch_25": {
        "lwlrap": 0.7755526200379141,
        "loss": 0.8475273229726931
    },
    "epoch_26": {
        "lwlrap": 0.7749019431004724,
        "loss": 0.9702919096481509
    },
    "epoch_27": {
        "lwlrap": 0.7885365043453278,
        "loss": 1.076243329338911
    },
    "epoch_28": {
        "lwlrap": 0.7858271086212263,
        "loss": 0.9994565117649916
    },
    "epoch_29": {
        "lwlrap": 0.7931739148650914,
        "loss": 1.0091871909978913
    },
    "epoch_30": {
        "lwlrap": 0.7936493061276798,
        "loss": 0.9969911735232283
    },
    "epoch_31": {
        "lwlrap": 0.8013198334889511,
        "loss": 1.017825671812383
    },
    "epoch_32": {
        "lwlrap": 0.8014628073451602,
        "loss": 0.9968428858896581
    },
    "epoch_33": {
        "lwlrap": 0.7973238314933816,
        "loss": 1.00842240525455
    },
    "epoch_34": {
        "lwlrap": 0.8105187908496733,
        "loss": 1.0506748760618814
    },
    "epoch_35": {
        "lwlrap": 0.7856617647058823,
        "loss": 1.069083151293964
    },
    "epoch_36": {
        "lwlrap": 0.6950352771827686,
        "loss": 1.1216175061900442
    },
    "epoch_37": {
        "lwlrap": 0.7309685588664827,
        "loss": 1.0270080551868532
    },
    "epoch_38": {
        "lwlrap": 0.7193678641047062,
        "loss": 1.2268798307674686
    },
    "epoch_39": {
        "lwlrap": 0.7073273764929775,
        "loss": 0.9537100908232898
    },
    "epoch_40": {
        "lwlrap": 0.6449878751810322,
        "loss": 1.0824149498125402
    },
    "epoch_41": {
        "lwlrap": 0.7097609158270922,
        "loss": 1.0485199021130074
    },
    "epoch_42": {
        "lwlrap": 0.714682770932771,
        "loss": 1.1218377773354693
    },
    "epoch_43": {
        "lwlrap": 0.7487136496788654,
        "loss": 1.049173025823221
    },
    "epoch_44": {
        "lwlrap": 0.7325654281320372,
        "loss": 1.191067387418049
    },
    "epoch_45": {
        "lwlrap": 0.7732138003035836,
        "loss": 1.01706446743593
    },
    "epoch_46": {
        "lwlrap": 0.8044678768943474,
        "loss": 1.1162546182551034
    },
    "epoch_47": {
        "lwlrap": 0.7644489905519317,
        "loss": 1.1462628187202826
    },
    "epoch_48": {
        "lwlrap": 0.7766476034858388,
        "loss": 1.0245892870716933
    },
    "epoch_49": {
        "lwlrap": 0.7849109088079677,
        "loss": 1.0681116391972798
    },
    "epoch_50": {
        "lwlrap": 0.7812402738873326,
        "loss": 1.0705067864278468
    }
}