{
    "best": {
        "lwlrap": 0.796640839598586,
        "loss": 0.9332126600797787,
        "epoch": 48
    },
    "last": {
        "lwlrap": 0.7880413795906753,
        "loss": 0.8530380247637283,
        "epoch": 50
    },
    "epoch_1": {
        "lwlrap": 0.19964542229334376,
        "loss": 0.9675767449445503
    },
    "epoch_2": {
        "lwlrap": 0.24597536866962075,
        "loss": 0.6805168819981952
    },
    "epoch_3": {
        "lwlrap": 0.30969466301902093,
        "loss": 0.8226192940113156
    },
    "epoch_4": {
        "lwlrap": 0.3914363924328443,
        "loss": 0.6698176708332327
    },
    "epoch_5": {
        "lwlrap": 0.4422978139135698,
        "loss": 0.7594429878301399
    },
    "epoch_6": {
        "lwlrap": 0.4381569846124911,
        "loss": 0.7380131011785462
    },
    "epoch_7": {
        "lwlrap": 0.5134986422399757,
        "loss": 0.6515743219575216
    },
    "epoch_8": {
        "lwlrap": 0.5295849424812055,
        "loss": 0.7093670146409855
    },
    "epoch_9": {
        "lwlrap": 0.5421585888783813,
        "loss": 0.700949722944304
    },
    "epoch_10": {
        "lwlrap": 0.551729838328844,
        "loss": 0.6872242495071056
    },
    "epoch_11": {
        "lwlrap": 0.5434184053695239,
        "loss": 0.6819762185562489
    },
    "epoch_12": {
        "lwlrap": 0.5532424941807709,
        "loss": 0.6750462526498839
    },
    "epoch_13": {
        "lwlrap": 0.5589025932335792,
        "loss": 0.6936534948127214
    },
    "epoch_14": {
        "lwlrap": 0.5376777174312386,
        "loss": 0.705844775188801
    },
    "epoch_15": {
        "lwlrap": 0.5561675194366076,
        "loss": 0.720139040503391
    },
    "epoch_16": {
        "lwlrap": 0.5922532866194838,
        "loss": 0.701409917931224
    },
    "epoch_17": {
        "lwlrap": 0.5639338916581319,
        "loss": 0.5649239670398624
    },
    "epoch_18": {
        "lwlrap": 0.6221446241042077,
        "loss": 0.764172422331433
    },
    "epoch_19": {
        "lwlrap": 0.6648008527178282,
        "loss": 0.7927099618800851
    },
    "epoch_20": {
        "lwlrap": 0.6054090879331798,
        "loss": 0.8288507253624672
    },
    "epoch_21": {
        "lwlrap": 0.6210818695622253,
        "loss": 0.7459604414396508
    },
    "epoch_22": {
        "lwlrap": 0.6681896150647514,
        "loss": 0.7671873008095941
    },
    "epoch_23": {
        "lwlrap": 0.6876391344701204,
        "loss": 0.7867178944654243
    },
    "epoch_24": {
        "lwlrap": 0.6618766205475315,
        "loss": 0.8161465442457865
    },
    "epoch_25": {
        "lwlrap": 0.7251660311519466,
        "loss": 0.8169206006582393
    },
    "epoch_26": {
        "lwlrap": 0.7471002654101244,
        "loss": 0.7294727612373441
    },
    "epoch_27": {
        "lwlrap": 0.7480944590099519,
        "loss": 0.810199899728908
    },
    "epoch_28": {
        "lwlrap": 0.7552483249666349,
        "loss": 0.8238770920176839
    },
    "epoch_29": {
        "lwlrap": 0.7706015554607104,
        "loss": 0.8039731078369673
    },
    "epoch_30": {
        "lwlrap": 0.7643469076567668,
        "loss": 0.803395997646243
    },
    "epoch_31": {
        "lwlrap": 0.7739755028487423,
        "loss": 0.8031753093697304
    },
    "epoch_32": {
        "lwlrap": 0.7657628104811203,
        "loss": 0.8221652715705162
    },
    "epoch_33": {
        "lwlrap": 0.7672723207934475,
        "loss": 0.8349069315333699
    },
    "epoch_34": {
        "lwlrap": 0.7706663055254603,
        "loss": 0.8635174909303355
    },
    "epoch_35": {
        "lwlrap": 0.7457262091064908,
        "loss": 0.9174238207728364
    },
    "epoch_36": {
        "lwlrap": 0.7345979330823176,
        "loss": 0.9645084489223569
    },
    "epoch_37": {
        "lwlrap": 0.7339406811237796,
        "loss": 0.98794009727101
    },
    "epoch_38": {
        "lwlrap": 0.7020892337586621,
        "loss": 0.8398981066637261
    },
    "epoch_39": {
        "lwlrap": 0.7062235365052267,
        "loss": 0.8258041919663895
    },
    "epoch_40": {
        "lwlrap": 0.6307182139744006,
        "loss": 0.7341361780499303
    },
    "epoch_41": {
        "lwlrap": 0.6723788861112805,
        "loss": 0.8003735902697541
    },
    "epoch_42": {
        "lwlrap": 0.6647030674992565,
        "loss": 0.8491318849630134
    },
    "epoch_43": {
        "lwlrap": 0.7103809727049164,
        "loss": 0.807343662478203
    },
    "epoch_44": {
        "lwlrap": 0.7298947401060077,
        "loss": 0.7532105404277181
    },
    "epoch_45": {
        "lwlrap": 0.7851463826608813,
        "loss": 0.8197268400081369
    },
    "epoch_46": {
        "lwlrap": 0.7704413348779546,
        "loss": 0.790623644063639
    },
    "epoch_47": {
        "lwlrap": 0.7609676577986437,
        "loss": 0.8981897768586181
    },
    "epoch_48": {
        "lwlrap": 0.796640839598586,
        "loss": 0.9332126600797787
    },
    "epoch_49": {
        "lwlrap": 0.7875810418063939,
        "loss": 0.8916292148967122
    },
    "epoch_50": {
        "lwlrap": 0.7880413795906753,
        "loss": 0.8530380247637283
    }
}