{
    "best": {
        "lwlrap": 0.5575757575757575,
        "loss": 0.03492411634456489,
        "epoch": 16
    },
    "last": {
        "lwlrap": 0.4443648512225587,
        "loss": 0.025678500574733625,
        "epoch": 55
    },
    "epoch_1": {
        "lwlrap": 0.4034487734487734,
        "loss": 0.0429434935228669
    },
    "epoch_2": {
        "lwlrap": 0.39939393939393936,
        "loss": 0.028601925551031724
    },
    "epoch_3": {
        "lwlrap": 0.44696969696969696,
        "loss": 0.027279549664334417
    },
    "epoch_4": {
        "lwlrap": 0.45303030303030295,
        "loss": 0.0257030967330333
    },
    "epoch_5": {
        "lwlrap": 0.4818181818181818,
        "loss": 0.02835209542488672
    },
    "epoch_6": {
        "lwlrap": 0.4612121212121212,
        "loss": 0.025613444390192593
    },
    "epoch_7": {
        "lwlrap": 0.4793939393939393,
        "loss": 0.02450963501181442
    },
    "epoch_8": {
        "lwlrap": 0.49090909090909085,
        "loss": 0.02739380556168466
    },
    "epoch_9": {
        "lwlrap": 0.5157575757575757,
        "loss": 0.026499228886677884
    },
    "epoch_10": {
        "lwlrap": 0.5263636363636364,
        "loss": 0.02716581770790429
    },
    "epoch_11": {
        "lwlrap": 0.5090909090909091,
        "loss": 0.026696640389226495
    },
    "epoch_12": {
        "lwlrap": 0.5409090909090909,
        "loss": 0.026001260779107076
    },
    "epoch_13": {
        "lwlrap": 0.5478787878787879,
        "loss": 0.02811881557092225
    },
    "epoch_14": {
        "lwlrap": 0.5454545454545454,
        "loss": 0.027713785500030293
    },
    "epoch_15": {
        "lwlrap": 0.483030303030303,
        "loss": 0.028590918327568358
    },
    "epoch_16": {
        "lwlrap": 0.5575757575757575,
        "loss": 0.03492411634456489
    },
    "epoch_17": {
        "lwlrap": 0.5483766233766233,
        "loss": 0.03020497903918949
    },
    "epoch_18": {
        "lwlrap": 0.496060606060606,
        "loss": 0.02782444541390256
    },
    "epoch_19": {
        "lwlrap": 0.4319559228650137,
        "loss": 0.029276545042050777
    },
    "epoch_20": {
        "lwlrap": 0.5136580086580086,
        "loss": 0.023394527212271247
    },
    "epoch_21": {
        "lwlrap": 0.5057792207792207,
        "loss": 0.030636244291835726
    },
    "epoch_22": {
        "lwlrap": 0.5257142857142856,
        "loss": 0.024449487773535696
    },
    "epoch_23": {
        "lwlrap": 0.4314353323444232,
        "loss": 0.021255847062483162
    },
    "epoch_24": {
        "lwlrap": 0.5364470794905576,
        "loss": 0.027972020477203534
    },
    "epoch_25": {
        "lwlrap": 0.518208054571691,
        "loss": 0.0256639476098692
    },
    "epoch_26": {
        "lwlrap": 0.48721484520203295,
        "loss": 0.030274003705474888
    },
    "epoch_27": {
        "lwlrap": 0.47799592564298443,
        "loss": 0.028963665190545385
    },
    "epoch_28": {
        "lwlrap": 0.49185633265100703,
        "loss": 0.030349337184389417
    },
    "epoch_29": {
        "lwlrap": 0.4815047995482778,
        "loss": 0.026877104807693643
    },
    "epoch_30": {
        "lwlrap": 0.4802222259127629,
        "loss": 0.027101421836196744
    },
    "epoch_31": {
        "lwlrap": 0.4778972959407742,
        "loss": 0.02780042054576321
    },
    "epoch_32": {
        "lwlrap": 0.4835115208971045,
        "loss": 0.028295546178538546
    },
    "epoch_33": {
        "lwlrap": 0.4822371116118592,
        "loss": 0.028813479173456762
    },
    "epoch_34": {
        "lwlrap": 0.4774157734719231,
        "loss": 0.028068675001630287
    },
    "epoch_35": {
        "lwlrap": 0.46644755828966356,
        "loss": 0.026469838702610105
    },
    "epoch_36": {
        "lwlrap": 0.49021454036159917,
        "loss": 0.024514357960200073
    },
    "epoch_37": {
        "lwlrap": 0.47589513143860973,
        "loss": 0.029013428500984366
    },
    "epoch_38": {
        "lwlrap": 0.4049090303635758,
        "loss": 0.025112842737809973
    },
    "epoch_39": {
        "lwlrap": 0.4932569363004145,
        "loss": 0.02595329614306609
    },
    "epoch_40": {
        "lwlrap": 0.3901559445067686,
        "loss": 0.026724796944271084
    },
    "epoch_41": {
        "lwlrap": 0.42758770654027567,
        "loss": 0.017240336005540615
    },
    "epoch_42": {
        "lwlrap": 0.44030007870916965,
        "loss": 0.0217259140087955
    },
    "epoch_43": {
        "lwlrap": 0.4613962698380031,
        "loss": 0.016555504679672595
    },
    "epoch_44": {
        "lwlrap": 0.45009883893699154,
        "loss": 0.018211673003991433
    },
    "epoch_45": {
        "lwlrap": 0.45057061437796025,
        "loss": 0.026621563509120198
    },
    "epoch_46": {
        "lwlrap": 0.38505146787822786,
        "loss": 0.022323673906092672
    },
    "epoch_47": {
        "lwlrap": 0.39705783049956367,
        "loss": 0.024526886578444516
    },
    "epoch_48": {
        "lwlrap": 0.4332106678229672,
        "loss": 0.024891988515004675
    },
    "epoch_49": {
        "lwlrap": 0.42732219586806647,
        "loss": 0.025505791852635542
    },
    "epoch_50": {
        "lwlrap": 0.4183026728720508,
        "loss": 0.025498835823555055
    },
    "epoch_51": {
        "lwlrap": 0.4328851682492206,
        "loss": 0.025807937323017022
    },
    "epoch_52": {
        "lwlrap": 0.42511981823506684,
        "loss": 0.02511615717672352
    },
    "epoch_53": {
        "lwlrap": 0.4248743659202365,
        "loss": 0.026461052105917458
    },
    "epoch_54": {
        "lwlrap": 0.43363456320394117,
        "loss": 0.02720663172961427
    },
    "epoch_55": {
        "lwlrap": 0.4443648512225587,
        "loss": 0.025678500574733625
    }
}