{
    "best": {
        "lwlrap": 0.7960319911672765,
        "loss": 0.19288787618279457,
        "epoch": 28
    },
    "last": {
        "lwlrap": 0.7672054731913887,
        "loss": 0.24706704169511795,
        "epoch": 55
    },
    "epoch_1": {
        "lwlrap": 0.2984768785641934,
        "loss": 0.4047469049692154
    },
    "epoch_2": {
        "lwlrap": 0.4505096571169479,
        "loss": 0.27704955140749615
    },
    "epoch_3": {
        "lwlrap": 0.5455428630165908,
        "loss": 0.2531566321849823
    },
    "epoch_4": {
        "lwlrap": 0.648125203253801,
        "loss": 0.22346665958563486
    },
    "epoch_5": {
        "lwlrap": 0.6585432824869444,
        "loss": 0.21467126409212747
    },
    "epoch_6": {
        "lwlrap": 0.739852160098639,
        "loss": 0.20522064343094826
    },
    "epoch_7": {
        "lwlrap": 0.7389307655801354,
        "loss": 0.19472681730985641
    },
    "epoch_8": {
        "lwlrap": 0.7584749236157686,
        "loss": 0.18623609965046248
    },
    "epoch_9": {
        "lwlrap": 0.7547870230968823,
        "loss": 0.19163511569301286
    },
    "epoch_10": {
        "lwlrap": 0.7580852637190666,
        "loss": 0.18846332902709642
    },
    "epoch_11": {
        "lwlrap": 0.757223579758791,
        "loss": 0.18953785051902136
    },
    "epoch_12": {
        "lwlrap": 0.765857994379121,
        "loss": 0.1879479152460893
    },
    "epoch_13": {
        "lwlrap": 0.7625068593378452,
        "loss": 0.1871379315853119
    },
    "epoch_14": {
        "lwlrap": 0.7462333916352144,
        "loss": 0.19660354281465212
    },
    "epoch_15": {
        "lwlrap": 0.7574451109662378,
        "loss": 0.19846644749244055
    },
    "epoch_16": {
        "lwlrap": 0.7254811001082748,
        "loss": 0.2030442034204801
    },
    "epoch_17": {
        "lwlrap": 0.7144425475411391,
        "loss": 0.21384224792321524
    },
    "epoch_18": {
        "lwlrap": 0.7336751425657863,
        "loss": 0.21679219603538513
    },
    "epoch_19": {
        "lwlrap": 0.7037106626688234,
        "loss": 0.23321214690804482
    },
    "epoch_20": {
        "lwlrap": 0.6968392522969987,
        "loss": 0.2118438072502613
    },
    "epoch_21": {
        "lwlrap": 0.6797226638775934,
        "loss": 0.21529570842782655
    },
    "epoch_22": {
        "lwlrap": 0.7350139557886036,
        "loss": 0.2075012115140756
    },
    "epoch_23": {
        "lwlrap": 0.7370009918891444,
        "loss": 0.20460486163695654
    },
    "epoch_24": {
        "lwlrap": 0.7683281376943348,
        "loss": 0.19930410633484522
    },
    "epoch_25": {
        "lwlrap": 0.7685044580779605,
        "loss": 0.21635220758616924
    },
    "epoch_26": {
        "lwlrap": 0.7607480134118224,
        "loss": 0.21865501006444296
    },
    "epoch_27": {
        "lwlrap": 0.7846834196979184,
        "loss": 0.19936256979902586
    },
    "epoch_28": {
        "lwlrap": 0.7960319911672765,
        "loss": 0.19288787618279457
    },
    "epoch_29": {
        "lwlrap": 0.7772614318388966,
        "loss": 0.20524403204520544
    },
    "epoch_30": {
        "lwlrap": 0.7815334680419929,
        "loss": 0.2045341512809197
    },
    "epoch_31": {
        "lwlrap": 0.7856546687532604,
        "loss": 0.20146362173060575
    },
    "epoch_32": {
        "lwlrap": 0.788713585785491,
        "loss": 0.2025322491923968
    },
    "epoch_33": {
        "lwlrap": 0.7876073843064642,
        "loss": 0.20202095558245978
    },
    "epoch_34": {
        "lwlrap": 0.7829733451212324,
        "loss": 0.2065819799900055
    },
    "epoch_35": {
        "lwlrap": 0.7829986328225764,
        "loss": 0.21759127328793207
    },
    "epoch_36": {
        "lwlrap": 0.7816552513735613,
        "loss": 0.21869722505410513
    },
    "epoch_37": {
        "lwlrap": 0.7507371537323628,
        "loss": 0.23582063242793083
    },
    "epoch_38": {
        "lwlrap": 0.748149602706355,
        "loss": 0.21190324798226357
    },
    "epoch_39": {
        "lwlrap": 0.7334309079027389,
        "loss": 0.2046274859458208
    },
    "epoch_40": {
        "lwlrap": 0.732172183096615,
        "loss": 0.22993362819155058
    },
    "epoch_41": {
        "lwlrap": 0.7095124530632314,
        "loss": 0.2468247332920631
    },
    "epoch_42": {
        "lwlrap": 0.7417411700399099,
        "loss": 0.22123661761482558
    },
    "epoch_43": {
        "lwlrap": 0.7593558608291744,
        "loss": 0.22487469452122846
    },
    "epoch_44": {
        "lwlrap": 0.7542294364477462,
        "loss": 0.20214819783965746
    },
    "epoch_45": {
        "lwlrap": 0.7645555670203557,
        "loss": 0.2158405271669229
    },
    "epoch_46": {
        "lwlrap": 0.7865714488953925,
        "loss": 0.2241510053475698
    },
    "epoch_47": {
        "lwlrap": 0.7842540089018961,
        "loss": 0.22806131715575853
    },
    "epoch_48": {
        "lwlrap": 0.7851139685439603,
        "loss": 0.212072112907966
    },
    "epoch_49": {
        "lwlrap": 0.7866062732259915,
        "loss": 0.21652123518288136
    },
    "epoch_50": {
        "lwlrap": 0.791801807998991,
        "loss": 0.21787314924101034
    },
    "epoch_51": {
        "lwlrap": 0.7873941655631796,
        "loss": 0.21674213061730066
    },
    "epoch_52": {
        "lwlrap": 0.789607445241248,
        "loss": 0.21595770493149757
    },
    "epoch_53": {
        "lwlrap": 0.7918789348366814,
        "loss": 0.22174939637382826
    },
    "epoch_54": {
        "lwlrap": 0.7791284745510099,
        "loss": 0.24372000868121782
    },
    "epoch_55": {
        "lwlrap": 0.7672054731913887,
        "loss": 0.24706704169511795
    }
}