{
    "best": {
        "lwlrap": 0.956140350877193,
        "loss": 0.02799054904971854,
        "epoch": 26
    },
    "last": {
        "lwlrap": 0.9429824561403509,
        "loss": 0.03207984982509515,
        "epoch": 50
    },
    "epoch_1": {
        "lwlrap": 0.4600877192982456,
        "loss": 0.10110720928059891
    },
    "epoch_2": {
        "lwlrap": 0.6418859649122807,
        "loss": 0.07484612410189584
    },
    "epoch_3": {
        "lwlrap": 0.5149122807017544,
        "loss": 0.08719807380111888
    },
    "epoch_4": {
        "lwlrap": 0.8078947368421052,
        "loss": 0.05167301122492063
    },
    "epoch_5": {
        "lwlrap": 0.8074561403508773,
        "loss": 0.04653683316428214
    },
    "epoch_6": {
        "lwlrap": 0.8765350877192982,
        "loss": 0.03576777693524491
    },
    "epoch_7": {
        "lwlrap": 0.9478070175438597,
        "loss": 0.031474467446969356
    },
    "epoch_8": {
        "lwlrap": 0.9028508771929824,
        "loss": 0.03284126366634155
    },
    "epoch_9": {
        "lwlrap": 0.9510964912280702,
        "loss": 0.03060459087282652
    },
    "epoch_10": {
        "lwlrap": 0.9379385964912281,
        "loss": 0.030859541140671354
    },
    "epoch_11": {
        "lwlrap": 0.9357456140350877,
        "loss": 0.031362160323624266
    },
    "epoch_12": {
        "lwlrap": 0.9456140350877192,
        "loss": 0.030613538874604274
    },
    "epoch_13": {
        "lwlrap": 0.9521929824561403,
        "loss": 0.03159844926267397
    },
    "epoch_14": {
        "lwlrap": 0.9510964912280702,
        "loss": 0.029429176393023226
    },
    "epoch_15": {
        "lwlrap": 0.9379385964912281,
        "loss": 0.030292155397546594
    },
    "epoch_16": {
        "lwlrap": 0.9111842105263157,
        "loss": 0.03446462086139945
    },
    "epoch_17": {
        "lwlrap": 0.7918859649122807,
        "loss": 0.04920356757793343
    },
    "epoch_18": {
        "lwlrap": 0.9342105263157896,
        "loss": 0.03417989460285753
    },
    "epoch_19": {
        "lwlrap": 0.8585526315789473,
        "loss": 0.04646319275525457
    },
    "epoch_20": {
        "lwlrap": 0.8991228070175439,
        "loss": 0.04135637736180797
    },
    "epoch_21": {
        "lwlrap": 0.9276315789473684,
        "loss": 0.0359247264559599
    },
    "epoch_22": {
        "lwlrap": 0.9100877192982456,
        "loss": 0.06529740050336841
    },
    "epoch_23": {
        "lwlrap": 0.8337719298245614,
        "loss": 0.052181548497173935
    },
    "epoch_24": {
        "lwlrap": 0.9287280701754386,
        "loss": 0.03175372810801491
    },
    "epoch_25": {
        "lwlrap": 0.9138157894736842,
        "loss": 0.04232188322203001
    },
    "epoch_26": {
        "lwlrap": 0.956140350877193,
        "loss": 0.02799054904971854
    },
    "epoch_27": {
        "lwlrap": 0.9429824561403508,
        "loss": 0.03179179648304853
    },
    "epoch_28": {
        "lwlrap": 0.8934210526315789,
        "loss": 0.03333190918783657
    },
    "epoch_29": {
        "lwlrap": 0.956140350877193,
        "loss": 0.027236354297201615
    },
    "epoch_30": {
        "lwlrap": 0.9429824561403508,
        "loss": 0.028470452149576886
    },
    "epoch_31": {
        "lwlrap": 0.956140350877193,
        "loss": 0.02783002888008923
    },
    "epoch_32": {
        "lwlrap": 0.9364035087719298,
        "loss": 0.028306084105679474
    },
    "epoch_33": {
        "lwlrap": 0.9495614035087718,
        "loss": 0.026648743164969346
    },
    "epoch_34": {
        "lwlrap": 0.956140350877193,
        "loss": 0.027059941111474473
    },
    "epoch_35": {
        "lwlrap": 0.924342105263158,
        "loss": 0.0323847157748105
    },
    "epoch_36": {
        "lwlrap": 0.9116228070175438,
        "loss": 0.034108312873286195
    },
    "epoch_37": {
        "lwlrap": 0.9418859649122807,
        "loss": 0.03189650396234356
    },
    "epoch_38": {
        "lwlrap": 0.9385964912280702,
        "loss": 0.028306276159128174
    },
    "epoch_39": {
        "lwlrap": 0.9349937343358397,
        "loss": 0.03328052682672933
    },
    "epoch_40": {
        "lwlrap": 0.8594298245614035,
        "loss": 0.043553210445679724
    },
    "epoch_41": {
        "lwlrap": 0.8037280701754386,
        "loss": 0.05072169558843598
    },
    "epoch_42": {
        "lwlrap": 0.9210526315789473,
        "loss": 0.03243193251546472
    },
    "epoch_43": {
        "lwlrap": 0.9390350877192983,
        "loss": 0.028667010844401375
    },
    "epoch_44": {
        "lwlrap": 0.9473684210526316,
        "loss": 0.030187161781213945
    },
    "epoch_45": {
        "lwlrap": 0.8973684210526316,
        "loss": 0.03589669964958375
    },
    "epoch_46": {
        "lwlrap": 0.9456140350877194,
        "loss": 0.03807821088776109
    },
    "epoch_47": {
        "lwlrap": 0.9276315789473684,
        "loss": 0.03741700809132453
    },
    "epoch_48": {
        "lwlrap": 0.9353070175438597,
        "loss": 0.03339531644678573
    },
    "epoch_49": {
        "lwlrap": 0.9539473684210527,
        "loss": 0.03145990397888454
    },
    "epoch_50": {
        "lwlrap": 0.9429824561403509,
        "loss": 0.03207984982509515
    }
}