{
  "best": {
    "epoch_lwlrap": 0.8698430027032646,
    "loss": 0.01813885538528363,
    "lwlrap": 0.8698483245149912
  },
  "last": {
    "epoch_lwlrap": 0.840249343087771,
    "loss": 0.021121931965980265,
    "lwlrap": 0.840969926017545
  },
  "train.44": {
    "epoch_lwlrap": 0.8698430027032646,
    "loss": 0.01813885538528363,
    "lwlrap": 0.8698483245149912
  },
  "epoch_0": [
    "out/125_124_effnetb3/fold4/checkpoints/train.1.pth",
    0.25102315057923197,
    {
      "epoch_lwlrap": 0.25102315057923197,
      "loss": 0.05109054926368925,
      "lwlrap": 0.25010015149744586
    }
  ],
  "epoch_1": [
    "out/125_124_effnetb3/fold4/checkpoints/train.2.pth",
    0.372706525954596,
    {
      "epoch_lwlrap": 0.372706525954596,
      "loss": 0.04315725192427636,
      "lwlrap": 0.37271788281828083
    }
  ],
  "epoch_2": [
    "out/125_124_effnetb3/fold4/checkpoints/train.3.pth",
    0.4375261275588448,
    {
      "epoch_lwlrap": 0.4375261275588448,
      "loss": 0.04070860536562072,
      "lwlrap": 0.43682668584093715
    }
  ],
  "epoch_3": [
    "out/125_124_effnetb3/fold4/checkpoints/train.4.pth",
    0.5333999190807618,
    {
      "epoch_lwlrap": 0.5333999190807618,
      "loss": 0.03719092905521393,
      "lwlrap": 0.5330278424121055
    }
  ],
  "epoch_4": [
    "out/125_124_effnetb3/fold4/checkpoints/train.5.pth",
    0.5899205389302324,
    {
      "epoch_lwlrap": 0.5899205389302324,
      "loss": 0.03504757343067064,
      "lwlrap": 0.5899785841462091
    }
  ],
  "epoch_5": [
    "out/125_124_effnetb3/fold4/checkpoints/train.6.pth",
    0.6331465659522428,
    {
      "epoch_lwlrap": 0.6331465659522428,
      "loss": 0.03178682285878393,
      "lwlrap": 0.6324866623676146
    }
  ],
  "epoch_6": [
    "out/125_124_effnetb3/fold4/checkpoints/train.7.pth",
    0.6824351789635295,
    {
      "epoch_lwlrap": 0.6824351789635295,
      "loss": 0.027835102213753595,
      "lwlrap": 0.6818877596877253
    }
  ],
  "epoch_7": [
    "out/125_124_effnetb3/fold4/checkpoints/train.8.pth",
    0.6828712204315515,
    {
      "epoch_lwlrap": 0.6828712204315515,
      "loss": 0.02637438393301434,
      "lwlrap": 0.6828384946221203
    }
  ],
  "epoch_8": [
    "out/125_124_effnetb3/fold4/checkpoints/train.9.pth",
    0.7182375545366811,
    {
      "epoch_lwlrap": 0.7182375545366811,
      "loss": 0.025653652143147257,
      "lwlrap": 0.7182155108266219
    }
  ],
  "epoch_9": [
    "out/125_124_effnetb3/fold4/checkpoints/train.10.pth",
    0.7213479933458099,
    {
      "epoch_lwlrap": 0.7213479933458099,
      "loss": 0.025417695773972404,
      "lwlrap": 0.7212042915931806
    }
  ],
  "epoch_10": [
    "out/125_124_effnetb3/fold4/checkpoints/train.11.pth",
    0.7156540853104861,
    {
      "epoch_lwlrap": 0.7156540853104861,
      "loss": 0.025558448789848223,
      "lwlrap": 0.7157485310877124
    }
  ],
  "epoch_11": [
    "out/125_124_effnetb3/fold4/checkpoints/train.12.pth",
    0.7087693761332006,
    {
      "epoch_lwlrap": 0.7087693761332006,
      "loss": 0.02560387961566448,
      "lwlrap": 0.7087333722312836
    }
  ],
  "epoch_12": [
    "out/125_124_effnetb3/fold4/checkpoints/train.13.pth",
    0.7282241086883697,
    {
      "epoch_lwlrap": 0.7282241086883697,
      "loss": 0.02464273137350877,
      "lwlrap": 0.7283666701502959
    }
  ],
  "epoch_13": [
    "out/125_124_effnetb3/fold4/checkpoints/train.14.pth",
    0.7484429144363642,
    {
      "epoch_lwlrap": 0.7484429144363642,
      "loss": 0.02405470460653305,
      "lwlrap": 0.7486647423710916
    }
  ],
  "epoch_14": [
    "out/125_124_effnetb3/fold4/checkpoints/train.15.pth",
    0.725917550426284,
    {
      "epoch_lwlrap": 0.725917550426284,
      "loss": 0.024166687246825958,
      "lwlrap": 0.7258749055177627
    }
  ],
  "epoch_15": [
    "out/125_124_effnetb3/fold4/checkpoints/train.16.pth",
    0.74949660359049,
    {
      "epoch_lwlrap": 0.74949660359049,
      "loss": 0.023523921685086355,
      "lwlrap": 0.7493007054673722
    }
  ],
  "epoch_16": [
    "out/125_124_effnetb3/fold4/checkpoints/train.17.pth",
    0.737948839319214,
    {
      "epoch_lwlrap": 0.737948839319214,
      "loss": 0.0258488012270795,
      "lwlrap": 0.7372629928164598
    }
  ],
  "epoch_17": [
    "out/125_124_effnetb3/fold4/checkpoints/train.18.pth",
    0.7389763474531006,
    {
      "epoch_lwlrap": 0.7389763474531006,
      "loss": 0.024007450044155124,
      "lwlrap": 0.7390853823010686
    }
  ],
  "epoch_18": [
    "out/125_124_effnetb3/fold4/checkpoints/train.19.pth",
    0.7975225685981834,
    {
      "epoch_lwlrap": 0.7975225685981834,
      "loss": 0.022615801667173703,
      "lwlrap": 0.797706555426689
    }
  ],
  "epoch_19": [
    "out/125_124_effnetb3/fold4/checkpoints/train.20.pth",
    0.7530980906526759,
    {
      "epoch_lwlrap": 0.7530980906526759,
      "loss": 0.023984355872703922,
      "lwlrap": 0.7528409985076651
    }
  ],
  "epoch_20": [
    "out/125_124_effnetb3/fold4/checkpoints/train.21.pth",
    0.7907063154354838,
    {
      "epoch_lwlrap": 0.7907063154354838,
      "loss": 0.021014448545045323,
      "lwlrap": 0.7909731931419912
    }
  ],
  "epoch_21": [
    "out/125_124_effnetb3/fold4/checkpoints/train.22.pth",
    0.813007195376191,
    {
      "epoch_lwlrap": 0.813007195376191,
      "loss": 0.021323416092329555,
      "lwlrap": 0.8124264879741069
    }
  ],
  "epoch_22": [
    "out/125_124_effnetb3/fold4/checkpoints/train.23.pth",
    0.8533443145888561,
    {
      "epoch_lwlrap": 0.8533443145888561,
      "loss": 0.019461796908742852,
      "lwlrap": 0.8529769613102947
    }
  ],
  "epoch_23": [
    "out/125_124_effnetb3/fold4/checkpoints/train.24.pth",
    0.8504697631335185,
    {
      "epoch_lwlrap": 0.8504697631335185,
      "loss": 0.019595725047919486,
      "lwlrap": 0.8504357864357865
    }
  ],
  "epoch_24": [
    "out/125_124_effnetb3/fold4/checkpoints/train.25.pth",
    0.836148167698386,
    {
      "epoch_lwlrap": 0.836148167698386,
      "loss": 0.019612560897237723,
      "lwlrap": 0.8363497683973875
    }
  ],
  "epoch_25": [
    "out/125_124_effnetb3/fold4/checkpoints/train.26.pth",
    0.8488355167394468,
    {
      "epoch_lwlrap": 0.8488355167394468,
      "loss": 0.01772190079920822,
      "lwlrap": 0.8487795414462082
    }
  ],
  "epoch_26": [
    "out/125_124_effnetb3/fold4/checkpoints/train.27.pth",
    0.8486535662299854,
    {
      "epoch_lwlrap": 0.8486535662299854,
      "loss": 0.01657931846049097,
      "lwlrap": 0.8489118165784832
    }
  ],
  "epoch_27": [
    "out/125_124_effnetb3/fold4/checkpoints/train.28.pth",
    0.8679011308923973,
    {
      "epoch_lwlrap": 0.8679011308923973,
      "loss": 0.016619780742459827,
      "lwlrap": 0.8678614841948176
    }
  ],
  "epoch_28": [
    "out/125_124_effnetb3/fold4/checkpoints/train.29.pth",
    0.8511644832605532,
    {
      "epoch_lwlrap": 0.8511644832605532,
      "loss": 0.016832620309044918,
      "lwlrap": 0.851400352733686
    }
  ],
  "epoch_29": [
    "out/125_124_effnetb3/fold4/checkpoints/train.30.pth",
    0.8608546475358703,
    {
      "epoch_lwlrap": 0.8608546475358703,
      "loss": 0.016290593250758118,
      "lwlrap": 0.8607649281934996
    }
  ],
  "epoch_30": [
    "out/125_124_effnetb3/fold4/checkpoints/train.31.pth",
    0.8633523681558616,
    {
      "epoch_lwlrap": 0.8633523681558616,
      "loss": 0.01635320784731044,
      "lwlrap": 0.8634082214082213
    }
  ],
  "epoch_31": [
    "out/125_124_effnetb3/fold4/checkpoints/train.32.pth",
    0.8691411935953421,
    {
      "epoch_lwlrap": 0.8691411935953421,
      "loss": 0.01610310641634795,
      "lwlrap": 0.8693474426807759
    }
  ],
  "epoch_32": [
    "out/125_124_effnetb3/fold4/checkpoints/train.33.pth",
    0.8638386358910376,
    {
      "epoch_lwlrap": 0.8638386358910376,
      "loss": 0.016610749541885322,
      "lwlrap": 0.864013605442177
    }
  ],