{
  "best": {
    "epoch_lwlrap": 0.8812828392981065,
    "loss": 0.08546144759748131,
    "lwlrap": 0.8804841982909819
  },
  "last": {
    "epoch_lwlrap": 0.8746020201172873,
    "loss": 0.099383600987494,
    "lwlrap": 0.8740828852895355
  },
  "train.35": {
    "epoch_lwlrap": 0.8812828392981065,
    "loss": 0.08546144759748131,
    "lwlrap": 0.8804841982909819
  },
  "epoch_0": [
    "out/084_ResNest_bce_weak_SAM_pitch_shift/fold2/checkpoints/train.1.pth",
    0.3223195576859884,
    {
      "epoch_lwlrap": 0.3223195576859884,
      "loss": 0.2468267329968512,
      "lwlrap": 0.32032279867973074
    }
  ],
  "epoch_1": [
    "out/084_ResNest_bce_weak_SAM_pitch_shift/fold2/checkpoints/train.2.pth",
    0.41896179854697335,
    {
      "epoch_lwlrap": 0.41896179854697335,
      "loss": 0.22423962550237775,
      "lwlrap": 0.418073028373757
    }
  ],
  "epoch_2": [
    "out/084_ResNest_bce_weak_SAM_pitch_shift/fold2/checkpoints/train.3.pth",
    0.5147348387261357,
    {
      "epoch_lwlrap": 0.5147348387261357,
      "loss": 0.2102100234478712,
      "lwlrap": 0.5163783505899462
    }
  ],
  "epoch_3": [
    "out/084_ResNest_bce_weak_SAM_pitch_shift/fold2/checkpoints/train.4.pth",
    0.5822561678373992,
    {
      "epoch_lwlrap": 0.5822561678373992,
      "loss": 0.18353348644450307,
      "lwlrap": 0.5815794634935708
    }
  ],
  "epoch_4": [
    "out/084_ResNest_bce_weak_SAM_pitch_shift/fold2/checkpoints/train.5.pth",
    0.6659618159618159,
    {
      "epoch_lwlrap": 0.6659618159618159,
      "loss": 0.15965667786076665,
      "lwlrap": 0.6649372752666072
    }
  ],
  "epoch_5": [
    "out/084_ResNest_bce_weak_SAM_pitch_shift/fold2/checkpoints/train.6.pth",
    0.717981580041819,
    {
      "epoch_lwlrap": 0.717981580041819,
      "loss": 0.13932119449600577,
      "lwlrap": 0.716852865339556
    }
  ],
  "epoch_6": [
    "out/084_ResNest_bce_weak_SAM_pitch_shift/fold2/checkpoints/train.7.pth",
    0.7583074897960393,
    {
      "epoch_lwlrap": 0.7583074897960393,
      "loss": 0.1260180538520217,
      "lwlrap": 0.7580711647522813
    }
  ],
  "epoch_7": [
    "out/084_ResNest_bce_weak_SAM_pitch_shift/fold2/checkpoints/train.8.pth",
    0.7966797621377774,
    {
      "epoch_lwlrap": 0.7966797621377774,
      "loss": 0.11441877321340144,
      "lwlrap": 0.7969988450743024
    }
  ],
  "epoch_8": [
    "out/084_ResNest_bce_weak_SAM_pitch_shift/fold2/checkpoints/train.9.pth",
    0.8228760637157584,
    {
      "epoch_lwlrap": 0.8228760637157584,
      "loss": 0.10752104711718857,
      "lwlrap": 0.8225125590026504
    }
  ],
  "epoch_9": [
    "out/084_ResNest_bce_weak_SAM_pitch_shift/fold2/checkpoints/train.10.pth",
    0.8168520410886824,
    {
      "epoch_lwlrap": 0.8168520410886824,
      "loss": 0.1058913937304169,
      "lwlrap": 0.8167786666000271
    }
  ],
  "epoch_10": [
    "out/084_ResNest_bce_weak_SAM_pitch_shift/fold2/checkpoints/train.11.pth",
    0.8229529906056623,
    {
      "epoch_lwlrap": 0.8229529906056623,
      "loss": 0.1064737574197352,
      "lwlrap": 0.8229256566075355
    }
  ],
  "epoch_11": [
    "out/084_ResNest_bce_weak_SAM_pitch_shift/fold2/checkpoints/train.12.pth",
    0.8225235324471966,
    {
      "epoch_lwlrap": 0.8225235324471966,
      "loss": 0.10591719695366918,
      "lwlrap": 0.822426120239573
    }
  ],
  "epoch_12": [
    "out/084_ResNest_bce_weak_SAM_pitch_shift/fold2/checkpoints/train.13.pth",
    0.8268576313423641,
    {
      "epoch_lwlrap": 0.8268576313423641,
      "loss": 0.1043504229746759,
      "lwlrap": 0.8268700919782284
    }
  ],
  "epoch_13": [
    "out/084_ResNest_bce_weak_SAM_pitch_shift/fold2/checkpoints/train.14.pth",
    0.7948821640615533,
    {
      "epoch_lwlrap": 0.7948821640615533,
      "loss": 0.11755886999890208,
      "lwlrap": 0.7938100001814751
    }
  ],
  "epoch_14": [
    "out/084_ResNest_bce_weak_SAM_pitch_shift/fold2/checkpoints/train.15.pth",
    0.7952843594064969,
    {
      "epoch_lwlrap": 0.7952843594064969,
      "loss": 0.11116712423972784,
      "lwlrap": 0.7947883407701434
    }
  ],
  "epoch_15": [
    "out/084_ResNest_bce_weak_SAM_pitch_shift/fold2/checkpoints/train.16.pth",
    0.7795992844707187,
    {
      "epoch_lwlrap": 0.7795992844707187,
      "loss": 0.11658651288598776,
      "lwlrap": 0.7788339206597541
    }
  ],
  "epoch_16": [
    "out/084_ResNest_bce_weak_SAM_pitch_shift/fold2/checkpoints/train.17.pth",
    0.8099026252752648,
    {
      "epoch_lwlrap": 0.8099026252752648,
      "loss": 0.1144055793993175,
      "lwlrap": 0.8096401256395791
    }
  ],
  "epoch_17": [
    "out/084_ResNest_bce_weak_SAM_pitch_shift/fold2/checkpoints/train.18.pth",
    0.7823589910045313,
    {
      "epoch_lwlrap": 0.7823589910045313,
      "loss": 0.12563039129599932,
      "lwlrap": 0.7826177273590824
    }
  ],
  "epoch_18": [
    "out/084_ResNest_bce_weak_SAM_pitch_shift/fold2/checkpoints/train.19.pth",
    0.7766261198513107,
    {
      "epoch_lwlrap": 0.7766261198513107,
      "loss": 0.12006267393007874,
      "lwlrap": 0.7769218170323353
    }
  ],
  "epoch_19": [
    "out/084_ResNest_bce_weak_SAM_pitch_shift/fold2/checkpoints/train.20.pth",
    0.7827754022460731,
    {
      "epoch_lwlrap": 0.7827754022460731,
      "loss": 0.12951308418996632,
      "lwlrap": 0.7816823728793953
    }
  ],
  "epoch_20": [
    "out/084_ResNest_bce_weak_SAM_pitch_shift/fold2/checkpoints/train.21.pth",
    0.7901175864747936,
    {
      "epoch_lwlrap": 0.7901175864747936,
      "loss": 0.10948209185153247,
      "lwlrap": 0.7890322408180753
    }
  ],
  "epoch_21": [
    "out/084_ResNest_bce_weak_SAM_pitch_shift/fold2/checkpoints/train.22.pth",
    0.81991183646718,
    {
      "epoch_lwlrap": 0.81991183646718,
      "loss": 0.11915576644241808,
      "lwlrap": 0.8184951874059628
    }
  ],
  "epoch_22": [
    "out/084_ResNest_bce_weak_SAM_pitch_shift/fold2/checkpoints/train.23.pth",
    0.8390494646051448,
    {
      "epoch_lwlrap": 0.8390494646051448,
      "loss": 0.09371051075868309,
      "lwlrap": 0.8384261533503261
    }
  ],
  "epoch_23": [
    "out/084_ResNest_bce_weak_SAM_pitch_shift/fold2/checkpoints/train.24.pth",
    0.8286292587819306,
    {
      "epoch_lwlrap": 0.8286292587819306,
      "loss": 0.0960496055195108,
      "lwlrap": 0.8276027529028673
    }
  ],
  "epoch_24": [
    "out/084_ResNest_bce_weak_SAM_pitch_shift/fold2/checkpoints/train.25.pth",
    0.8672947599474317,
    {
      "epoch_lwlrap": 0.8672947599474317,
      "loss": 0.08042568527162075,
      "lwlrap": 0.8666125527906205
    }
  ],
  "epoch_25": [
    "out/084_ResNest_bce_weak_SAM_pitch_shift/fold2/checkpoints/train.26.pth",
    0.8556956115779646,
    {
      "epoch_lwlrap": 0.8556956115779646,
      "loss": 0.08983307739254087,
      "lwlrap": 0.8549441166625865
    }
  ],
  "epoch_26": [
    "out/084_ResNest_bce_weak_SAM_pitch_shift/fold2/checkpoints/train.27.pth",
    0.8668620501635769,
    {
      "epoch_lwlrap": 0.8668620501635769,
      "loss": 0.07875937107019125,
      "lwlrap": 0.8663018388461414
    }
  ],
  "epoch_27": [
    "out/084_ResNest_bce_weak_SAM_pitch_shift/fold2/checkpoints/train.28.pth",
    0.8635268993093421,
    {
      "epoch_lwlrap": 0.8635268993093421,
      "loss": 0.08295285759959371,
      "lwlrap": 0.8632161584357659
    }
  ],
  "epoch_28": [
    "out/084_ResNest_bce_weak_SAM_pitch_shift/fold2/checkpoints/train.29.pth",
    0.8705722639933167,
    {
      "epoch_lwlrap": 0.8705722639933167,
      "loss": 0.08033233589958398,
      "lwlrap": 0.870054398201211
    }
  ],
  "epoch_29": [
    "out/084_ResNest_bce_weak_SAM_pitch_shift/fold2/checkpoints/train.30.pth",
    0.8755018234076088,
    {
      "epoch_lwlrap": 0.8755018234076088,
      "loss": 0.07855905930045992,
      "lwlrap": 0.8750975398178091
    }
  ],
  "epoch_30": [
    "out/084_ResNest_bce_weak_SAM_pitch_shift/fold2/checkpoints/train.31.pth",
    0.8711710893008603,
    {
      "epoch_lwlrap": 0.8711710893008603,
      "loss": 0.07985312014352529,