{
  "best": {
    "epoch_lwlrap": 0.8663359788359788,
    "loss": 0.018870937191889064,
    "lwlrap": 0.8663932239562492
  },
  "last": {
    "epoch_lwlrap": 0.8620417429792431,
    "loss": 0.021835991549266486,
    "lwlrap": 0.8619841526354132
  },
  "train.36": {
    "epoch_lwlrap": 0.8663359788359788,
    "loss": 0.018870937191889064,
    "lwlrap": 0.8663932239562492
  },
  "epoch_0": [
    "out/127_117_30s/fold0/checkpoints/train.1.pth",
    0.3062799078797194,
    {
      "epoch_lwlrap": 0.3062799078797194,
      "loss": 0.05888635427260599,
      "lwlrap": 0.30609367299725504
    }
  ],
  "epoch_1": [
    "out/127_117_30s/fold0/checkpoints/train.2.pth",
    0.33772678661229866,
    {
      "epoch_lwlrap": 0.33772678661229866,
      "loss": 0.04637891004065506,
      "lwlrap": 0.337135551085227
    }
  ],
  "epoch_2": [
    "out/127_117_30s/fold0/checkpoints/train.3.pth",
    0.44372340579383923,
    {
      "epoch_lwlrap": 0.44372340579383923,
      "loss": 0.044208066678848586,
      "lwlrap": 0.44353291278761153
    }
  ],
  "epoch_3": [
    "out/127_117_30s/fold0/checkpoints/train.4.pth",
    0.4870044341551695,
    {
      "epoch_lwlrap": 0.4870044341551695,
      "loss": 0.04267646510060094,
      "lwlrap": 0.4871337935643069
    }
  ],
  "epoch_4": [
    "out/127_117_30s/fold0/checkpoints/train.5.pth",
    0.5371726340108692,
    {
      "epoch_lwlrap": 0.5371726340108692,
      "loss": 0.04001337064414465,
      "lwlrap": 0.5364495083061922
    }
  ],
  "epoch_5": [
    "out/127_117_30s/fold0/checkpoints/train.6.pth",
    0.5510447518463822,
    {
      "epoch_lwlrap": 0.5510447518463822,
      "loss": 0.037975424102374485,
      "lwlrap": 0.5509856591919852
    }
  ],
  "epoch_6": [
    "out/127_117_30s/fold0/checkpoints/train.7.pth",
    0.5597005711679626,
    {
      "epoch_lwlrap": 0.5597005711679626,
      "loss": 0.03831096422396788,
      "lwlrap": 0.5595854947837046
    }
  ],
  "epoch_7": [
    "out/127_117_30s/fold0/checkpoints/train.8.pth",
    0.6035809866876043,
    {
      "epoch_lwlrap": 0.6035809866876043,
      "loss": 0.035001510926404925,
      "lwlrap": 0.6033387478580262
    }
  ],
  "epoch_8": [
    "out/127_117_30s/fold0/checkpoints/train.9.pth",
    0.5931326655747422,
    {
      "epoch_lwlrap": 0.5931326655747422,
      "loss": 0.0354900226122191,
      "lwlrap": 0.5928630467212033
    }
  ],
  "epoch_9": [
    "out/127_117_30s/fold0/checkpoints/train.10.pth",
    0.6080194418102027,
    {
      "epoch_lwlrap": 0.6080194418102027,
      "loss": 0.035010767145818016,
      "lwlrap": 0.6074583267071131
    }
  ],
  "epoch_10": [
    "out/127_117_30s/fold0/checkpoints/train.11.pth",
    0.6158314502843965,
    {
      "epoch_lwlrap": 0.6158314502843965,
      "loss": 0.034620669615619326,
      "lwlrap": 0.61552582015124
    }
  ],
  "epoch_11": [
    "out/127_117_30s/fold0/checkpoints/train.12.pth",
    0.6153209885239348,
    {
      "epoch_lwlrap": 0.6153209885239348,
      "loss": 0.03491785947014304,
      "lwlrap": 0.6148812549658585
    }
  ],
  "epoch_12": [
    "out/127_117_30s/fold0/checkpoints/train.13.pth",
    0.624198357499988,
    {
      "epoch_lwlrap": 0.624198357499988,
      "loss": 0.03381355798670224,
      "lwlrap": 0.6239582737012144
    }
  ],
  "epoch_13": [
    "out/127_117_30s/fold0/checkpoints/train.14.pth",
    0.6242926171051171,
    {
      "epoch_lwlrap": 0.6242926171051171,
      "loss": 0.03348281977995604,
      "lwlrap": 0.6241975100618559
    }
  ],
  "epoch_14": [
    "out/127_117_30s/fold0/checkpoints/train.15.pth",
    0.647910438124254,
    {
      "epoch_lwlrap": 0.647910438124254,
      "loss": 0.03402036584976341,
      "lwlrap": 0.6474229411109427
    }
  ],
  "epoch_15": [
    "out/127_117_30s/fold0/checkpoints/train.16.pth",
    0.646216285416653,
    {
      "epoch_lwlrap": 0.646216285416653,
      "loss": 0.035271809569426944,
      "lwlrap": 0.6462417468309531
    }
  ],
  "epoch_16": [
    "out/127_117_30s/fold0/checkpoints/train.17.pth",
    0.6861311489436489,
    {
      "epoch_lwlrap": 0.6861311489436489,
      "loss": 0.029041313214086685,
      "lwlrap": 0.685897505855489
    }
  ],
  "epoch_17": [
    "out/127_117_30s/fold0/checkpoints/train.18.pth",
    0.6585996873496873,
    {
      "epoch_lwlrap": 0.6585996873496873,
      "loss": 0.03404414400207896,
      "lwlrap": 0.658312762334371
    }
  ],
  "epoch_18": [
    "out/127_117_30s/fold0/checkpoints/train.19.pth",
    0.7290975401912902,
    {
      "epoch_lwlrap": 0.7290975401912902,
      "loss": 0.0339088614466561,
      "lwlrap": 0.7293187146653534
    }
  ],
  "epoch_19": [
    "out/127_117_30s/fold0/checkpoints/train.20.pth",
    0.7355970418470417,
    {
      "epoch_lwlrap": 0.7355970418470417,
      "loss": 0.03533428995048299,
      "lwlrap": 0.7352851385864592
    }
  ],
  "epoch_20": [
    "out/127_117_30s/fold0/checkpoints/train.21.pth",
    0.7772988527676028,
    {
      "epoch_lwlrap": 0.7772988527676028,
      "loss": 0.027793807548885587,
      "lwlrap": 0.7773781948676907
    }
  ],
  "epoch_21": [
    "out/127_117_30s/fold0/checkpoints/train.22.pth",
    0.7870153342028342,
    {
      "epoch_lwlrap": 0.7870153342028342,
      "loss": 0.025068126791039435,
      "lwlrap": 0.7866841391901417
    }
  ],
  "epoch_22": [
    "out/127_117_30s/fold0/checkpoints/train.23.pth",
    0.7835133038258038,
    {
      "epoch_lwlrap": 0.7835133038258038,
      "loss": 0.025625790007600263,
      "lwlrap": 0.7832380388052657
    }
  ],
  "epoch_23": [
    "out/127_117_30s/fold0/checkpoints/train.24.pth",
    0.8135217213342214,
    {
      "epoch_lwlrap": 0.8135217213342214,
      "loss": 0.021987858705786095,
      "lwlrap": 0.8132366183236531
    }
  ],
  "epoch_24": [
    "out/127_117_30s/fold0/checkpoints/train.25.pth",
    0.8310636123136123,
    {
      "epoch_lwlrap": 0.8310636123136123,
      "loss": 0.02033024130999541,
      "lwlrap": 0.8309159161500098
    }
  ],
  "epoch_25": [
    "out/127_117_30s/fold0/checkpoints/train.26.pth",
    0.8105507455507455,
    {
      "epoch_lwlrap": 0.8105507455507455,
      "loss": 0.021018518377565035,
      "lwlrap": 0.8104009785732476
    }
  ],
  "epoch_26": [
    "out/127_117_30s/fold0/checkpoints/train.27.pth",
    0.8151058201058201,
    {
      "epoch_lwlrap": 0.8151058201058201,
      "loss": 0.020475588284996377,
      "lwlrap": 0.8149609843937574
    }
  ],
  "epoch_27": [
    "out/127_117_30s/fold0/checkpoints/train.28.pth",
    0.8285003306878307,
    {
      "epoch_lwlrap": 0.8285003306878307,
      "loss": 0.020251328062986126,
      "lwlrap": 0.82859477124183
    }
  ],
  "epoch_28": [
    "out/127_117_30s/fold0/checkpoints/train.29.pth",
    0.8321825396825396,
    {
      "epoch_lwlrap": 0.8321825396825396,
      "loss": 0.01972132025897002,
      "lwlrap": 0.8322340047129964
    }
  ],
  "epoch_29": [
    "out/127_117_30s/fold0/checkpoints/train.30.pth",
    0.8356316137566138,
    {
      "epoch_lwlrap": 0.8356316137566138,
      "loss": 0.019963876618181955,
      "lwlrap": 0.8356453692588146
    }
  ],
  "epoch_30": [
    "out/127_117_30s/fold0/checkpoints/train.31.pth",
    0.8391269841269842,
    {
      "epoch_lwlrap": 0.8391269841269842,
      "loss": 0.020030916339772588,
      "lwlrap": 0.8390339469120982
    }
  ],
  "epoch_31": [
    "out/127_117_30s/fold0/checkpoints/train.32.pth",
    0.8337748015873016,
    {
      "epoch_lwlrap": 0.8337748015873016,
      "loss": 0.019988644296819923,
      "lwlrap": 0.8338635454181672
    }
  ],
  "epoch_32": [
    "out/127_117_30s/fold0/checkpoints/train.33.pth",
    0.8349950396825396,
    {
      "epoch_lwlrap": 0.8349950396825396,
      "loss": 0.01925920987767833,
      "lwlrap": 0.8348339335734294
    }
  ],
  "epoch_33": [
    "out/127_117_30s/fold0/checkpoints/train.34.pth",
    0.8416187169312169,
    {
      "epoch_lwlrap": 0.8416187169312169,
      "loss": 0.02039892244457948,
      "lwlrap": 0.8417567026810724
    }
  ],