{
    "best": {
        "lwlrap": 0.8866923532898636,
        "loss": 0.22656713612377644,
        "epoch": 34
    },
    "last": {
        "lwlrap": 0.8677385892116183,
        "loss": 0.2759696710854769,
        "epoch": 70
    },
    "epoch_1": {
        "lwlrap": 0.1819432312567394,
        "loss": 0.8200927227735519
    },
    "epoch_2": {
        "lwlrap": 0.21971265798263728,
        "loss": 0.6381006240844727
    },
    "epoch_3": {
        "lwlrap": 0.28293554432156853,
        "loss": 0.5975141078233719
    },
    "epoch_4": {
        "lwlrap": 0.31094917445494746,
        "loss": 0.6029736176133156
    },
    "epoch_5": {
        "lwlrap": 0.3995002594474902,
        "loss": 0.529028058052063
    },
    "epoch_6": {
        "lwlrap": 0.3945323975965431,
        "loss": 0.5318380817770958
    },
    "epoch_7": {
        "lwlrap": 0.44617765045105834,
        "loss": 0.4981127120554447
    },
    "epoch_8": {
        "lwlrap": 0.5212707088561372,
        "loss": 0.48245908692479134
    },
    "epoch_9": {
        "lwlrap": 0.5233286324908244,
        "loss": 0.4637993834912777
    },
    "epoch_10": {
        "lwlrap": 0.5546402208563546,
        "loss": 0.45165271684527397
    },
    "epoch_11": {
        "lwlrap": 0.55302341733877,
        "loss": 0.4502558782696724
    },
    "epoch_12": {
        "lwlrap": 0.5531806367905953,
        "loss": 0.44795767217874527
    },
    "epoch_13": {
        "lwlrap": 0.5710602329896934,
        "loss": 0.46142033860087395
    },
    "epoch_14": {
        "lwlrap": 0.5704025129671944,
        "loss": 0.46965736523270607
    },
    "epoch_15": {
        "lwlrap": 0.5232658917360817,
        "loss": 0.47553684934973717
    },
    "epoch_16": {
        "lwlrap": 0.5341079580523076,
        "loss": 0.4368802383542061
    },
    "epoch_17": {
        "lwlrap": 0.46796170227949585,
        "loss": 0.5235600098967552
    },
    "epoch_18": {
        "lwlrap": 0.5702664457149447,
        "loss": 0.49347202107310295
    },
    "epoch_19": {
        "lwlrap": 0.597531639933333,
        "loss": 0.5649610534310341
    },
    "epoch_20": {
        "lwlrap": 0.5274999884721361,
        "loss": 0.5942195765674114
    },
    "epoch_21": {
        "lwlrap": 0.7023992144324095,
        "loss": 0.3354231156408787
    },
    "epoch_22": {
        "lwlrap": 0.6316056983588103,
        "loss": 0.3742382638156414
    },
    "epoch_23": {
        "lwlrap": 0.7811954009568118,
        "loss": 0.3246367834508419
    },
    "epoch_24": {
        "lwlrap": 0.8052430930878576,
        "loss": 0.2642307337373495
    },
    "epoch_25": {
        "lwlrap": 0.8031342620035566,
        "loss": 0.2836695443838835
    },
    "epoch_26": {
        "lwlrap": 0.8210235131396957,
        "loss": 0.25818440318107605
    },
    "epoch_27": {
        "lwlrap": 0.8592093130474872,
        "loss": 0.23854816891252995
    },
    "epoch_28": {
        "lwlrap": 0.8740565105710333,
        "loss": 0.22403353452682495
    },
    "epoch_29": {
        "lwlrap": 0.879428036774876,
        "loss": 0.2157079130411148
    },
    "epoch_30": {
        "lwlrap": 0.8846147587665772,
        "loss": 0.2165161743760109
    },
    "epoch_31": {
        "lwlrap": 0.87303084191051,
        "loss": 0.2174658551812172
    },
    "epoch_32": {
        "lwlrap": 0.8738811499703615,
        "loss": 0.21713268011808395
    },
    "epoch_33": {
        "lwlrap": 0.8794893960350392,
        "loss": 0.21753640100359917
    },
    "epoch_34": {
        "lwlrap": 0.8866923532898636,
        "loss": 0.22656713612377644
    },
    "epoch_35": {
        "lwlrap": 0.8527860106698281,
        "loss": 0.24492859281599522
    },
    "epoch_36": {
        "lwlrap": 0.8202924783837647,
        "loss": 0.27283946238458157
    },
    "epoch_37": {
        "lwlrap": 0.8370638196181277,
        "loss": 0.2659251019358635
    },
    "epoch_38": {
        "lwlrap": 0.7534531743037967,
        "loss": 0.37170472368597984
    },
    "epoch_39": {
        "lwlrap": 0.7186941343580348,
        "loss": 0.36600774712860584
    },
    "epoch_40": {
        "lwlrap": 0.6108514813909005,
        "loss": 0.4390351250767708
    },
    "epoch_41": {
        "lwlrap": 0.7730898287488154,
        "loss": 0.3566201701760292
    },
    "epoch_42": {
        "lwlrap": 0.8115705064875189,
        "loss": 0.2795450147241354
    },
    "epoch_43": {
        "lwlrap": 0.8573355068168347,
        "loss": 0.24525857344269753
    },
    "epoch_44": {
        "lwlrap": 0.840073208439664,
        "loss": 0.2711172476410866
    },
    "epoch_45": {
        "lwlrap": 0.8734569027100149,
        "loss": 0.23730705492198467
    },
    "epoch_46": {
        "lwlrap": 0.8633965619442798,
        "loss": 0.24318457022309303
    },
    "epoch_47": {
        "lwlrap": 0.871003754198775,
        "loss": 0.2317218128591776
    },
    "epoch_48": {
        "lwlrap": 0.8849140486069947,
        "loss": 0.23717109486460686
    },
    "epoch_49": {
        "lwlrap": 0.8651155898043865,
        "loss": 0.2339436076581478
    },
    "epoch_50": {
        "lwlrap": 0.8718468023447277,
        "loss": 0.23790186643600464
    },
    "epoch_51": {
        "lwlrap": 0.8704521504314034,
        "loss": 0.238999767228961
    },
    "epoch_52": {
        "lwlrap": 0.8731722979648291,
        "loss": 0.23763757571578026
    },
    "epoch_53": {
        "lwlrap": 0.871985114931173,
        "loss": 0.24592074938118458
    },
    "epoch_54": {
        "lwlrap": 0.8675360600671804,
        "loss": 0.2649057563394308
    },
    "epoch_55": {
        "lwlrap": 0.8572916191692125,
        "loss": 0.24542309157550335
    },
    "epoch_56": {
        "lwlrap": 0.8467941118356055,
        "loss": 0.31121659465134144
    },
    "epoch_57": {
        "lwlrap": 0.8587834401167007,
        "loss": 0.25443268939852715
    },
    "epoch_58": {
        "lwlrap": 0.8054946321543831,
        "loss": 0.2956528477370739
    },
    "epoch_59": {
        "lwlrap": 0.8334068631470761,
        "loss": 0.2817813418805599
    },
    "epoch_60": {
        "lwlrap": 0.843015214384509,
        "loss": 0.2732378765940666
    },
    "epoch_61": {
        "lwlrap": 0.817130719184756,
        "loss": 0.32303127460181713
    },
    "epoch_62": {
        "lwlrap": 0.845751827702035,
        "loss": 0.26637357100844383
    },
    "epoch_63": {
        "lwlrap": 0.8581898696860863,
        "loss": 0.26837988942861557
    },
    "epoch_64": {
        "lwlrap": 0.8654773304150898,
        "loss": 0.2573874704539776
    },
    "epoch_65": {
        "lwlrap": 0.8420093046649063,
        "loss": 0.2687067314982414
    },
    "epoch_66": {
        "lwlrap": 0.8635211952639339,
        "loss": 0.2681160308420658
    },
    "epoch_67": {
        "lwlrap": 0.8639267601923204,
        "loss": 0.26766750030219555
    },
    "epoch_68": {
        "lwlrap": 0.8679248022609019,
        "loss": 0.2689864579588175
    },
    "epoch_69": {
        "lwlrap": 0.8656329148030394,
        "loss": 0.2754747439175844
    },
    "epoch_70": {
        "lwlrap": 0.8677385892116183,
        "loss": 0.2759696710854769
    }
}