{
    "best": {
        "lwlrap": 0.7947155103521447,
        "loss": 0.7193517535924911,
        "epoch": 49
    },
    "last": {
        "lwlrap": 0.7938609913293457,
        "loss": 0.713809260353446,
        "epoch": 50
    },
    "epoch_1": {
        "lwlrap": 0.32179751246280425,
        "loss": 0.46189848333597183
    },
    "epoch_2": {
        "lwlrap": 0.4718480472948083,
        "loss": 0.49374962970614433
    },
    "epoch_3": {
        "lwlrap": 0.5136198648381702,
        "loss": 0.5352450281381607
    },
    "epoch_4": {
        "lwlrap": 0.5464853799505698,
        "loss": 0.4625535376369953
    },
    "epoch_5": {
        "lwlrap": 0.5953596333343169,
        "loss": 0.4805813290178776
    },
    "epoch_6": {
        "lwlrap": 0.6720240378468227,
        "loss": 0.5792868658900261
    },
    "epoch_7": {
        "lwlrap": 0.6707939677597161,
        "loss": 0.5505559377372264
    },
    "epoch_8": {
        "lwlrap": 0.6978086698814547,
        "loss": 0.54226887896657
    },
    "epoch_9": {
        "lwlrap": 0.7192701660431507,
        "loss": 0.5337819285690785
    },
    "epoch_10": {
        "lwlrap": 0.7082573918974652,
        "loss": 0.538383886963129
    },
    "epoch_11": {
        "lwlrap": 0.7097299113354587,
        "loss": 0.5371861167252063
    },
    "epoch_12": {
        "lwlrap": 0.7009789108848069,
        "loss": 0.5430230848491192
    },
    "epoch_13": {
        "lwlrap": 0.7133654583812812,
        "loss": 0.5388272166252136
    },
    "epoch_14": {
        "lwlrap": 0.7140178673573077,
        "loss": 0.6220656182616949
    },
    "epoch_15": {
        "lwlrap": 0.6786480510884829,
        "loss": 0.6696478120982647
    },
    "epoch_16": {
        "lwlrap": 0.722498515797101,
        "loss": 0.6933237008750439
    },
    "epoch_17": {
        "lwlrap": 0.6498091922142555,
        "loss": 0.5877135872840882
    },
    "epoch_18": {
        "lwlrap": 0.6175458647210322,
        "loss": 0.5932581581175327
    },
    "epoch_19": {
        "lwlrap": 0.6420774600595895,
        "loss": 0.5337589297443628
    },
    "epoch_20": {
        "lwlrap": 0.6687594754050451,
        "loss": 0.650860483199358
    },
    "epoch_21": {
        "lwlrap": 0.698893428900875,
        "loss": 0.6589706629514694
    },
    "epoch_22": {
        "lwlrap": 0.6695643341724876,
        "loss": 0.7293983675539494
    },
    "epoch_23": {
        "lwlrap": 0.7273464515719679,
        "loss": 0.7118327111005783
    },
    "epoch_24": {
        "lwlrap": 0.763030528667163,
        "loss": 0.5576449178159237
    },
    "epoch_25": {
        "lwlrap": 0.7381701982967807,
        "loss": 0.5673487663269043
    },
    "epoch_26": {
        "lwlrap": 0.7691786764571574,
        "loss": 0.6267761543393136
    },
    "epoch_27": {
        "lwlrap": 0.7500904159132007,
        "loss": 0.6090760458260774
    },
    "epoch_28": {
        "lwlrap": 0.7780921785668621,
        "loss": 0.6156541645526886
    },
    "epoch_29": {
        "lwlrap": 0.7656700367143405,
        "loss": 0.6212975520640611
    },
    "epoch_30": {
        "lwlrap": 0.7711248140045608,
        "loss": 0.6299349166452884
    },
    "epoch_31": {
        "lwlrap": 0.7673954737245876,
        "loss": 0.6331865314394236
    },
    "epoch_32": {
        "lwlrap": 0.7770319870003415,
        "loss": 0.6309423901140689
    },
    "epoch_33": {
        "lwlrap": 0.7858305021279706,
        "loss": 0.6265084337443113
    },
    "epoch_34": {
        "lwlrap": 0.7706977094635322,
        "loss": 0.6384866502135992
    },
    "epoch_35": {
        "lwlrap": 0.7575120554550935,
        "loss": 0.7165717396885156
    },
    "epoch_36": {
        "lwlrap": 0.7635055345498384,
        "loss": 0.7138033255934715
    },
    "epoch_37": {
        "lwlrap": 0.6524015277970974,
        "loss": 0.6622654445469379
    },
    "epoch_38": {
        "lwlrap": 0.6984115970899292,
        "loss": 0.6057022996246815
    },
    "epoch_39": {
        "lwlrap": 0.6936182702637419,
        "loss": 0.5635497611016035
    },
    "epoch_40": {
        "lwlrap": 0.7513809678366641,
        "loss": 0.6467669986188411
    },
    "epoch_41": {
        "lwlrap": 0.713107409468169,
        "loss": 0.5731375116854907
    },
    "epoch_42": {
        "lwlrap": 0.712497102054064,
        "loss": 0.6732480302453041
    },
    "epoch_43": {
        "lwlrap": 0.7654005277422999,
        "loss": 0.7378572791814804
    },
    "epoch_44": {
        "lwlrap": 0.7409404414151249,
        "loss": 0.7558901444077492
    },
    "epoch_45": {
        "lwlrap": 0.7781987878506866,
        "loss": 0.640527406707406
    },
    "epoch_46": {
        "lwlrap": 0.7818986920252743,
        "loss": 0.6199680484831334
    },
    "epoch_47": {
        "lwlrap": 0.7522018593221125,
        "loss": 0.7976470239460468
    },
    "epoch_48": {
        "lwlrap": 0.7836038082873525,
        "loss": 0.6664200156927109
    },
    "epoch_49": {
        "lwlrap": 0.7947155103521447,
        "loss": 0.7193517535924911
    },
    "epoch_50": {
        "lwlrap": 0.7938609913293457,
        "loss": 0.713809260353446
    }
}