{
  "best": {
    "epoch_lwlrap": 0.8438136132315521,
    "loss": 0.10184278711676596,
    "lwlrap": 0.8431191285266647
  },
  "last": {
    "epoch_lwlrap": 0.8360115605344614,
    "loss": 0.11444889823906124,
    "lwlrap": 0.8344881893209829
  },
  "train.32": {
    "epoch_lwlrap": 0.8438136132315521,
    "loss": 0.10184278711676596,
    "lwlrap": 0.8431191285266647
  },
  "epoch_0": [
    "out/091_086_plus_additional_label/fold2/checkpoints/train.1.pth",
    0.2154852181858285,
    {
      "epoch_lwlrap": 0.2154852181858285,
      "loss": 0.26345654018223286,
      "lwlrap": 0.21403051869276832
    }
  ],
  "epoch_1": [
    "out/091_086_plus_additional_label/fold2/checkpoints/train.2.pth",
    0.2564622497883514,
    {
      "epoch_lwlrap": 0.2564622497883514,
      "loss": 0.2468440909869969,
      "lwlrap": 0.25576819115141336
    }
  ],
  "epoch_2": [
    "out/091_086_plus_additional_label/fold2/checkpoints/train.3.pth",
    0.2563186404271257,
    {
      "epoch_lwlrap": 0.2563186404271257,
      "loss": 0.2490088869817555,
      "lwlrap": 0.2559920946311752
    }
  ],
  "epoch_3": [
    "out/091_086_plus_additional_label/fold2/checkpoints/train.4.pth",
    0.35031353255362424,
    {
      "epoch_lwlrap": 0.35031353255362424,
      "loss": 0.2279673363082111,
      "lwlrap": 0.34926322637775986
    }
  ],
  "epoch_4": [
    "out/091_086_plus_additional_label/fold2/checkpoints/train.5.pth",
    0.4186517045295671,
    {
      "epoch_lwlrap": 0.4186517045295671,
      "loss": 0.2103689187206328,
      "lwlrap": 0.41831802167445903
    }
  ],
  "epoch_5": [
    "out/091_086_plus_additional_label/fold2/checkpoints/train.6.pth",
    0.51983923625145,
    {
      "epoch_lwlrap": 0.51983923625145,
      "loss": 0.19343323027715087,
      "lwlrap": 0.5180036500134633
    }
  ],
  "epoch_6": [
    "out/091_086_plus_additional_label/fold2/checkpoints/train.7.pth",
    0.513934827886625,
    {
      "epoch_lwlrap": 0.513934827886625,
      "loss": 0.18736010836437345,
      "lwlrap": 0.5122370156404953
    }
  ],
  "epoch_7": [
    "out/091_086_plus_additional_label/fold2/checkpoints/train.8.pth",
    0.5725484879007117,
    {
      "epoch_lwlrap": 0.5725484879007117,
      "loss": 0.17168153170496225,
      "lwlrap": 0.571957882608731
    }
  ],
  "epoch_8": [
    "out/091_086_plus_additional_label/fold2/checkpoints/train.9.pth",
    0.6410273568670515,
    {
      "epoch_lwlrap": 0.6410273568670515,
      "loss": 0.16210979502648112,
      "lwlrap": 0.6396989075985837
    }
  ],
  "epoch_9": [
    "out/091_086_plus_additional_label/fold2/checkpoints/train.10.pth",
    0.6309141219174458,
    {
      "epoch_lwlrap": 0.6309141219174458,
      "loss": 0.16220759879797697,
      "lwlrap": 0.6301988884189088
    }
  ],
  "epoch_10": [
    "out/091_086_plus_additional_label/fold2/checkpoints/train.11.pth",
    0.6320182801949313,
    {
      "epoch_lwlrap": 0.6320182801949313,
      "loss": 0.16140198847278953,
      "lwlrap": 0.6310983228729327
    }
  ],
  "epoch_11": [
    "out/091_086_plus_additional_label/fold2/checkpoints/train.12.pth",
    0.6477188502679756,
    {
      "epoch_lwlrap": 0.6477188502679756,
      "loss": 0.16042879316955805,
      "lwlrap": 0.6468254405732811
    }
  ],
  "epoch_12": [
    "out/091_086_plus_additional_label/fold2/checkpoints/train.13.pth",
    0.6388253180237913,
    {
      "epoch_lwlrap": 0.6388253180237913,
      "loss": 0.1559477299451828,
      "lwlrap": 0.637740060212907
    }
  ],
  "epoch_13": [
    "out/091_086_plus_additional_label/fold2/checkpoints/train.14.pth",
    0.6544030466159574,
    {
      "epoch_lwlrap": 0.6544030466159574,
      "loss": 0.15488726692274213,
      "lwlrap": 0.6531711615878255
    }
  ],
  "epoch_14": [
    "out/091_086_plus_additional_label/fold2/checkpoints/train.15.pth",
    0.6378356902635467,
    {
      "epoch_lwlrap": 0.6378356902635467,
      "loss": 0.16174556966871023,
      "lwlrap": 0.6371228312978124
    }
  ],
  "epoch_15": [
    "out/091_086_plus_additional_label/fold2/checkpoints/train.16.pth",
    0.6432436573180849,
    {
      "epoch_lwlrap": 0.6432436573180849,
      "loss": 0.15685919905081394,
      "lwlrap": 0.6420199904050895
    }
  ],
  "epoch_16": [
    "out/091_086_plus_additional_label/fold2/checkpoints/train.17.pth",
    0.7004831645472203,
    {
      "epoch_lwlrap": 0.7004831645472203,
      "loss": 0.14560335222631693,
      "lwlrap": 0.7002360090385342
    }
  ],
  "epoch_17": [
    "out/091_086_plus_additional_label/fold2/checkpoints/train.18.pth",
    0.7305301529638613,
    {
      "epoch_lwlrap": 0.7305301529638613,
      "loss": 0.13878614641726017,
      "lwlrap": 0.7294531187020306
    }
  ],
  "epoch_18": [
    "out/091_086_plus_additional_label/fold2/checkpoints/train.19.pth",
    0.7142206288198655,
    {
      "epoch_lwlrap": 0.7142206288198655,
      "loss": 0.1431587664410472,
      "lwlrap": 0.7148603151485202
    }
  ],
  "epoch_19": [
    "out/091_086_plus_additional_label/fold2/checkpoints/train.20.pth",
    0.7226879619532292,
    {
      "epoch_lwlrap": 0.7226879619532292,
      "loss": 0.13890866283327338,
      "lwlrap": 0.7220981197674701
    }
  ],
  "epoch_20": [
    "out/091_086_plus_additional_label/fold2/checkpoints/train.21.pth",
    0.7571632597059179,
    {
      "epoch_lwlrap": 0.7571632597059179,
      "loss": 0.12723762425594032,
      "lwlrap": 0.7558065693248845
    }
  ],
  "epoch_21": [
    "out/091_086_plus_additional_label/fold2/checkpoints/train.22.pth",
    0.7619841951049263,
    {
      "epoch_lwlrap": 0.7619841951049263,
      "loss": 0.13422474241815507,
      "lwlrap": 0.7605151012525501
    }
  ],
  "epoch_22": [
    "out/091_086_plus_additional_label/fold2/checkpoints/train.23.pth",
    0.7988667605503422,
    {
      "epoch_lwlrap": 0.7988667605503422,
      "loss": 0.11435646750032903,
      "lwlrap": 0.7981644473048957
    }
  ],
  "epoch_23": [
    "out/091_086_plus_additional_label/fold2/checkpoints/train.24.pth",
    0.8075080414875513,
    {
      "epoch_lwlrap": 0.8075080414875513,
      "loss": 0.10838384227827191,
      "lwlrap": 0.8062844759186474
    }
  ],
  "epoch_24": [
    "out/091_086_plus_additional_label/fold2/checkpoints/train.25.pth",
    0.8009128056601647,
    {
      "epoch_lwlrap": 0.8009128056601647,
      "loss": 0.11292283260263503,
      "lwlrap": 0.8003873337195806
    }
  ],
  "epoch_25": [
    "out/091_086_plus_additional_label/fold2/checkpoints/train.26.pth",
    0.82943011187286,
    {
      "epoch_lwlrap": 0.82943011187286,
      "loss": 0.10551002016291022,
      "lwlrap": 0.8291381422209039
    }
  ],
  "epoch_26": [
    "out/091_086_plus_additional_label/fold2/checkpoints/train.27.pth",
    0.8245834847934085,
    {
      "epoch_lwlrap": 0.8245834847934085,
      "loss": 0.10962377628311515,
      "lwlrap": 0.8243910378556911
    }
  ],
  "epoch_27": [
    "out/091_086_plus_additional_label/fold2/checkpoints/train.28.pth",
    0.8171839028232157,
    {
      "epoch_lwlrap": 0.8171839028232157,
      "loss": 0.10543359443545341,
      "lwlrap": 0.8166381095544585
    }
  ],
  "epoch_28": [
    "out/091_086_plus_additional_label/fold2/checkpoints/train.29.pth",
    0.8213041109342187,
    {
      "epoch_lwlrap": 0.8213041109342187,
      "loss": 0.10241646924987435,
      "lwlrap": 0.820293840211582
    }
  ],
  "epoch_29": [
    "out/091_086_plus_additional_label/fold2/checkpoints/train.30.pth",
    0.8376629572717359,
    {
      "epoch_lwlrap": 0.8376629572717359,
      "loss": 0.10281814029440284,
      "lwlrap": 0.8368434356036777
    }
  ],
  "epoch_30": [
    "out/091_086_plus_additional_label/fold2/checkpoints/train.31.pth",
    0.8343155519205138,
    {
      "epoch_lwlrap": 0.8343155519205138,
      "loss": 0.10189106944017112,
      "lwlrap": 0.8334167467341216
    }
  ],
  "epoch_31": [
    "out/091_086_plus_additional_label/fold2/checkpoints/train.32.pth",
    0.8438136132315521,
    {
      "epoch_lwlrap": 0.8438136132315521,