{
    "best": {
        "lwlrap": 0.8000670194003527,
        "loss": 1.0872537583112716,
        "epoch": 48
    },
    "last": {
        "lwlrap": 0.7914951013898383,
        "loss": 1.1094719782471656,
        "epoch": 50
    },
    "epoch_1": {
        "lwlrap": 0.21230662810049897,
        "loss": 0.9572099685668946
    },
    "epoch_2": {
        "lwlrap": 0.21621972255570315,
        "loss": 1.0480470567941667
    },
    "epoch_3": {
        "lwlrap": 0.3186367185732511,
        "loss": 0.87965407371521
    },
    "epoch_4": {
        "lwlrap": 0.4022040291627495,
        "loss": 0.9876954585313797
    },
    "epoch_5": {
        "lwlrap": 0.4053158011321739,
        "loss": 0.9181805223226547
    },
    "epoch_6": {
        "lwlrap": 0.47745249376621923,
        "loss": 0.9037653386592865
    },
    "epoch_7": {
        "lwlrap": 0.4599201121089666,
        "loss": 0.8346395343542099
    },
    "epoch_8": {
        "lwlrap": 0.5221521372599803,
        "loss": 0.820888751745224
    },
    "epoch_9": {
        "lwlrap": 0.576564727211786,
        "loss": 0.8050545483827591
    },
    "epoch_10": {
        "lwlrap": 0.5813208021959313,
        "loss": 0.7904401063919068
    },
    "epoch_11": {
        "lwlrap": 0.5789623092956426,
        "loss": 0.7823991864919663
    },
    "epoch_12": {
        "lwlrap": 0.5822613762417683,
        "loss": 0.7922884583473205
    },
    "epoch_13": {
        "lwlrap": 0.5925403256873845,
        "loss": 0.7804484158754349
    },
    "epoch_14": {
        "lwlrap": 0.5900802835824148,
        "loss": 0.9063459992408752
    },
    "epoch_15": {
        "lwlrap": 0.5499570941041529,
        "loss": 0.8134837955236435
    },
    "epoch_16": {
        "lwlrap": 0.514956902210974,
        "loss": 0.9629825383424759
    },
    "epoch_17": {
        "lwlrap": 0.5126690408357075,
        "loss": 0.8951462566852569
    },
    "epoch_18": {
        "lwlrap": 0.6091814890762259,
        "loss": 0.8937336772680282
    },
    "epoch_19": {
        "lwlrap": 0.6906624152898663,
        "loss": 0.8590676963329316
    },
    "epoch_20": {
        "lwlrap": 0.6876603661407583,
        "loss": 1.0371153682470322
    },
    "epoch_21": {
        "lwlrap": 0.674540636229042,
        "loss": 0.8521712690591812
    },
    "epoch_22": {
        "lwlrap": 0.6545796055796056,
        "loss": 0.8825623899698257
    },
    "epoch_23": {
        "lwlrap": 0.7210136918274173,
        "loss": 1.01261225938797
    },
    "epoch_24": {
        "lwlrap": 0.7453735911873167,
        "loss": 0.9509515255689621
    },
    "epoch_25": {
        "lwlrap": 0.7712670847670847,
        "loss": 0.8166529819369316
    },
    "epoch_26": {
        "lwlrap": 0.7621172839506173,
        "loss": 0.9430821090936661
    },
    "epoch_27": {
        "lwlrap": 0.7808924162257496,
        "loss": 0.9536976367235184
    },
    "epoch_28": {
        "lwlrap": 0.7830314746981415,
        "loss": 1.0079029262065888
    },
    "epoch_29": {
        "lwlrap": 0.7805513067179735,
        "loss": 1.0043004974722862
    },
    "epoch_30": {
        "lwlrap": 0.7737528150861485,
        "loss": 1.0126924902200698
    },
    "epoch_31": {
        "lwlrap": 0.7765044091710758,
        "loss": 1.0185349345207215
    },
    "epoch_32": {
        "lwlrap": 0.776289241622575,
        "loss": 1.0066827595233918
    },
    "epoch_33": {
        "lwlrap": 0.7732667289137878,
        "loss": 1.0444569766521454
    },
    "epoch_34": {
        "lwlrap": 0.7792804232804234,
        "loss": 1.0370546355843544
    },
    "epoch_35": {
        "lwlrap": 0.7680726719674088,
        "loss": 1.1057764619588852
    },
    "epoch_36": {
        "lwlrap": 0.7588156573770608,
        "loss": 1.0155733332037926
    },
    "epoch_37": {
        "lwlrap": 0.7383429225095892,
        "loss": 1.1060716956853867
    },
    "epoch_38": {
        "lwlrap": 0.6678596685898701,
        "loss": 0.9576414078474045
    },
    "epoch_39": {
        "lwlrap": 0.6932156485489819,
        "loss": 1.0738270908594132
    },
    "epoch_40": {
        "lwlrap": 0.6948935262268596,
        "loss": 0.951194030046463
    },
    "epoch_41": {
        "lwlrap": 0.7242282488753078,
        "loss": 0.8587173581123352
    },
    "epoch_42": {
        "lwlrap": 0.6430936840936841,
        "loss": 1.0348127007484436
    },
    "epoch_43": {
        "lwlrap": 0.7194001462360595,
        "loss": 0.9759710103273391
    },
    "epoch_44": {
        "lwlrap": 0.7843116798730834,
        "loss": 1.0252483308315277
    },
    "epoch_45": {
        "lwlrap": 0.7780869950673872,
        "loss": 1.1686595678329468
    },
    "epoch_46": {
        "lwlrap": 0.7746984126984127,
        "loss": 1.0780140906572342
    },
    "epoch_47": {
        "lwlrap": 0.7737354497354498,
        "loss": 1.0621262669563294
    },
    "epoch_48": {
        "lwlrap": 0.8000670194003527,
        "loss": 1.0872537583112716
    },
    "epoch_49": {
        "lwlrap": 0.7881358024691358,
        "loss": 1.1354146912693976
    },
    "epoch_50": {
        "lwlrap": 0.7914951013898383,
        "loss": 1.1094719782471656
    }
}