{
  "best": {
    "epoch_lwlrap": 0.8698644211783074,
    "loss": 0.09663204334933183,
    "lwlrap": 0.8707648663784566
  },
  "last": {
    "epoch_lwlrap": 0.8664793078185073,
    "loss": 0.09918692091415669,
    "lwlrap": 0.8673990581952042
  },
  "train.52": {
    "epoch_lwlrap": 0.8698644211783074,
    "loss": 0.09663204334933183,
    "lwlrap": 0.8707648663784566
  },
  "epoch_0": [
    "out/088_087_dataset_change/fold3/checkpoints/train.1.pth",
    0.22613318228173696,
    {
      "epoch_lwlrap": 0.22613318228173696,
      "loss": 0.2801264390863221,
      "lwlrap": 0.22578884934792717
    }
  ],
  "epoch_1": [
    "out/088_087_dataset_change/fold3/checkpoints/train.2.pth",
    0.3020310367262263,
    {
      "epoch_lwlrap": 0.3020310367262263,
      "loss": 0.25673827323420295,
      "lwlrap": 0.3023004027630297
    }
  ],
  "epoch_2": [
    "out/088_087_dataset_change/fold3/checkpoints/train.3.pth",
    0.29733980743601324,
    {
      "epoch_lwlrap": 0.29733980743601324,
      "loss": 0.24997010570147943,
      "lwlrap": 0.29827058759645225
    }
  ],
  "epoch_3": [
    "out/088_087_dataset_change/fold3/checkpoints/train.4.pth",
    0.31972714407851044,
    {
      "epoch_lwlrap": 0.31972714407851044,
      "loss": 0.2458506021006354,
      "lwlrap": 0.3179729904542193
    }
  ],
  "epoch_4": [
    "out/088_087_dataset_change/fold3/checkpoints/train.5.pth",
    0.34697389280587,
    {
      "epoch_lwlrap": 0.34697389280587,
      "loss": 0.2408661205193092,
      "lwlrap": 0.3456390907193308
    }
  ],
  "epoch_5": [
    "out/088_087_dataset_change/fold3/checkpoints/train.6.pth",
    0.3550172595397583,
    {
      "epoch_lwlrap": 0.3550172595397583,
      "loss": 0.23955516876845526,
      "lwlrap": 0.35530579174943344
    }
  ],
  "epoch_6": [
    "out/088_087_dataset_change/fold3/checkpoints/train.7.pth",
    0.3922755918164915,
    {
      "epoch_lwlrap": 0.3922755918164915,
      "loss": 0.2350610638486928,
      "lwlrap": 0.39232901692187594
    }
  ],
  "epoch_7": [
    "out/088_087_dataset_change/fold3/checkpoints/train.8.pth",
    0.38730502299783987,
    {
      "epoch_lwlrap": 0.38730502299783987,
      "loss": 0.23331254926221123,
      "lwlrap": 0.3878586687486799
    }
  ],
  "epoch_8": [
    "out/088_087_dataset_change/fold3/checkpoints/train.9.pth",
    0.4175060360985686,
    {
      "epoch_lwlrap": 0.4175060360985686,
      "loss": 0.22998421356595797,
      "lwlrap": 0.41781638242520264
    }
  ],
  "epoch_9": [
    "out/088_087_dataset_change/fold3/checkpoints/train.10.pth",
    0.4157069753952484,
    {
      "epoch_lwlrap": 0.4157069753952484,
      "loss": 0.22982048885575657,
      "lwlrap": 0.41537729909471155
    }
  ],
  "epoch_10": [
    "out/088_087_dataset_change/fold3/checkpoints/train.11.pth",
    0.4180177435540156,
    {
      "epoch_lwlrap": 0.4180177435540156,
      "loss": 0.23013655121984153,
      "lwlrap": 0.4178336650162014
    }
  ],
  "epoch_11": [
    "out/088_087_dataset_change/fold3/checkpoints/train.12.pth",
    0.4195837471745921,
    {
      "epoch_lwlrap": 0.4195837471745921,
      "loss": 0.22855892006693215,
      "lwlrap": 0.4194730646578927
    }
  ],
  "epoch_12": [
    "out/088_087_dataset_change/fold3/checkpoints/train.13.pth",
    0.43383698095004747,
    {
      "epoch_lwlrap": 0.43383698095004747,
      "loss": 0.22663342541661755,
      "lwlrap": 0.4341009714802335
    }
  ],
  "epoch_13": [
    "out/088_087_dataset_change/fold3/checkpoints/train.14.pth",
    0.43253519715606703,
    {
      "epoch_lwlrap": 0.43253519715606703,
      "loss": 0.22757971903373456,
      "lwlrap": 0.4319373660688646
    }
  ],
  "epoch_14": [
    "out/088_087_dataset_change/fold3/checkpoints/train.15.pth",
    0.43356405254440944,
    {
      "epoch_lwlrap": 0.43356405254440944,
      "loss": 0.2221411574503471,
      "lwlrap": 0.43346165783829116
    }
  ],
  "epoch_15": [
    "out/088_087_dataset_change/fold3/checkpoints/train.16.pth",
    0.4804743692424185,
    {
      "epoch_lwlrap": 0.4804743692424185,
      "loss": 0.21952451919687205,
      "lwlrap": 0.4798834086263905
    }
  ],
  "epoch_16": [
    "out/088_087_dataset_change/fold3/checkpoints/train.17.pth",
    0.5068035334428778,
    {
      "epoch_lwlrap": 0.5068035334428778,
      "loss": 0.2150550756988854,
      "lwlrap": 0.5048031970296487
    }
  ],
  "epoch_17": [
    "out/088_087_dataset_change/fold3/checkpoints/train.18.pth",
    0.4774711355346284,
    {
      "epoch_lwlrap": 0.4774711355346284,
      "loss": 0.21398702315215407,
      "lwlrap": 0.47873586647730626
    }
  ],
  "epoch_18": [
    "out/088_087_dataset_change/fold3/checkpoints/train.19.pth",
    0.5804786629581711,
    {
      "epoch_lwlrap": 0.5804786629581711,
      "loss": 0.18271734180121588,
      "lwlrap": 0.5793211871978292
    }
  ],
  "epoch_19": [
    "out/088_087_dataset_change/fold3/checkpoints/train.20.pth",
    0.5917475313495548,
    {
      "epoch_lwlrap": 0.5917475313495548,
      "loss": 0.192152411773287,
      "lwlrap": 0.591694601370732
    }
  ],
  "epoch_20": [
    "out/088_087_dataset_change/fold3/checkpoints/train.21.pth",
    0.6206381614476815,
    {
      "epoch_lwlrap": 0.6206381614476815,
      "loss": 0.18234285917775384,
      "lwlrap": 0.6199902365705587
    }
  ],
  "epoch_21": [
    "out/088_087_dataset_change/fold3/checkpoints/train.22.pth",
    0.6477524069737185,
    {
      "epoch_lwlrap": 0.6477524069737185,
      "loss": 0.16184038026579495,
      "lwlrap": 0.6478332468480251
    }
  ],
  "epoch_22": [
    "out/088_087_dataset_change/fold3/checkpoints/train.23.pth",
    0.672606793252285,
    {
      "epoch_lwlrap": 0.672606793252285,
      "loss": 0.15751115669464244,
      "lwlrap": 0.6732946757372045
    }
  ],
  "epoch_23": [
    "out/088_087_dataset_change/fold3/checkpoints/train.24.pth",
    0.626463661678794,
    {
      "epoch_lwlrap": 0.626463661678794,
      "loss": 0.17408604765760488,
      "lwlrap": 0.6261296752319524
    }
  ],
  "epoch_24": [
    "out/088_087_dataset_change/fold3/checkpoints/train.25.pth",
    0.7215262992926927,
    {
      "epoch_lwlrap": 0.7215262992926927,
      "loss": 0.14445765624786244,
      "lwlrap": 0.7204648081803254
    }
  ],
  "epoch_25": [
    "out/088_087_dataset_change/fold3/checkpoints/train.26.pth",
    0.7489480578619923,
    {
      "epoch_lwlrap": 0.7489480578619923,
      "loss": 0.1364546793288198,
      "lwlrap": 0.7480883811996665
    }
  ],
  "epoch_26": [
    "out/088_087_dataset_change/fold3/checkpoints/train.27.pth",
    0.7609193515955811,
    {
      "epoch_lwlrap": 0.7609193515955811,
      "loss": 0.13240595829897914,
      "lwlrap": 0.7608122974604913
    }
  ],
  "epoch_27": [
    "out/088_087_dataset_change/fold3/checkpoints/train.28.pth",
    0.7826291308873277,
    {
      "epoch_lwlrap": 0.7826291308873277,
      "loss": 0.12525153468395103,
      "lwlrap": 0.7820423895495734
    }
  ],
  "epoch_28": [
    "out/088_087_dataset_change/fold3/checkpoints/train.29.pth",
    0.7917740046838407,
    {
      "epoch_lwlrap": 0.7917740046838407,
      "loss": 0.12240869885888593,
      "lwlrap": 0.7910333493666826
    }
  ],
  "epoch_29": [
    "out/088_087_dataset_change/fold3/checkpoints/train.30.pth",
    0.784709211553474,
    {
      "epoch_lwlrap": 0.784709211553474,
      "loss": 0.1227151607644969,
      "lwlrap": 0.783616730681591
    }
  ],
  "epoch_30": [
    "out/088_087_dataset_change/fold3/checkpoints/train.31.pth",
    0.7839708561020036,
    {
      "epoch_lwlrap": 0.7839708561020036,
      "loss": 0.12170454885425239,
      "lwlrap": 0.7834824020168848
    }
  ],
  "epoch_31": [
    "out/088_087_dataset_change/fold3/checkpoints/train.32.pth",
    0.7949502341920375,
    {
      "epoch_lwlrap": 0.7949502341920375,
      "loss": 0.11932554070291848,
      "lwlrap": 0.794210544138705
    }
  ],
  "epoch_32": [
    "out/088_087_dataset_change/fold3/checkpoints/train.33.pth",
    0.7778428311215196,
    {
      "epoch_lwlrap": 0.7778428311215196,