{
    "best": {
        "lwlrap": 0.8646357972970875,
        "loss": 0.46202374063432217,
        "epoch": 48
    },
    "last": {
        "lwlrap": 0.8634408602150538,
        "loss": 0.47089352644979954,
        "epoch": 50
    },
    "epoch_1": {
        "lwlrap": 0.2700076928704712,
        "loss": 1.0271122977137566
    },
    "epoch_2": {
        "lwlrap": 0.3733744545713985,
        "loss": 0.8746214136481285
    },
    "epoch_3": {
        "lwlrap": 0.4902987842503972,
        "loss": 0.7734768912196159
    },
    "epoch_4": {
        "lwlrap": 0.46988093298577166,
        "loss": 0.8029695898294449
    },
    "epoch_5": {
        "lwlrap": 0.5885748980269854,
        "loss": 0.7192500233650208
    },
    "epoch_6": {
        "lwlrap": 0.6586633647117518,
        "loss": 0.6211564913392067
    },
    "epoch_7": {
        "lwlrap": 0.7173952466291176,
        "loss": 0.5862683020532131
    },
    "epoch_8": {
        "lwlrap": 0.7601688133709006,
        "loss": 0.5101306140422821
    },
    "epoch_9": {
        "lwlrap": 0.7813603756914952,
        "loss": 0.48076049983501434
    },
    "epoch_10": {
        "lwlrap": 0.7838992048432276,
        "loss": 0.46846553310751915
    },
    "epoch_11": {
        "lwlrap": 0.7919532475746898,
        "loss": 0.46560681238770485
    },
    "epoch_12": {
        "lwlrap": 0.7906601708783871,
        "loss": 0.4565882012248039
    },
    "epoch_13": {
        "lwlrap": 0.792407676658151,
        "loss": 0.48665737360715866
    },
    "epoch_14": {
        "lwlrap": 0.7709944103089265,
        "loss": 0.5328121669590473
    },
    "epoch_15": {
        "lwlrap": 0.7611089776412356,
        "loss": 0.49519990012049675
    },
    "epoch_16": {
        "lwlrap": 0.6988339244387631,
        "loss": 0.5599511116743088
    },
    "epoch_17": {
        "lwlrap": 0.6972223959889994,
        "loss": 0.594483595341444
    },
    "epoch_18": {
        "lwlrap": 0.6829269073220686,
        "loss": 0.9719259738922119
    },
    "epoch_19": {
        "lwlrap": 0.7941952163726358,
        "loss": 0.5175703503191471
    },
    "epoch_20": {
        "lwlrap": 0.7416519263293456,
        "loss": 0.689814105629921
    },
    "epoch_21": {
        "lwlrap": 0.8087716271184013,
        "loss": 0.5084431208670139
    },
    "epoch_22": {
        "lwlrap": 0.8036411766250475,
        "loss": 0.4779977388679981
    },
    "epoch_23": {
        "lwlrap": 0.7827919339778923,
        "loss": 0.6261610575020313
    },
    "epoch_24": {
        "lwlrap": 0.7987711213517665,
        "loss": 0.4850083142518997
    },
    "epoch_25": {
        "lwlrap": 0.8480987501148791,
        "loss": 0.4890117309987545
    },
    "epoch_26": {
        "lwlrap": 0.8420658194851742,
        "loss": 0.4229418933391571
    },
    "epoch_27": {
        "lwlrap": 0.8616781515975064,
        "loss": 0.4408356361091137
    },
    "epoch_28": {
        "lwlrap": 0.8506829043119366,
        "loss": 0.43170250207185745
    },
    "epoch_29": {
        "lwlrap": 0.8516644944064299,
        "loss": 0.42972753569483757
    },
    "epoch_30": {
        "lwlrap": 0.8460274790919952,
        "loss": 0.4389596953988075
    },
    "epoch_31": {
        "lwlrap": 0.8505593570109699,
        "loss": 0.43597979471087456
    },
    "epoch_32": {
        "lwlrap": 0.851787519529455,
        "loss": 0.4444583635777235
    },
    "epoch_33": {
        "lwlrap": 0.8595905289453676,
        "loss": 0.4654826484620571
    },
    "epoch_34": {
        "lwlrap": 0.8582613772129901,
        "loss": 0.45352580957114697
    },
    "epoch_35": {
        "lwlrap": 0.8635304659498207,
        "loss": 0.5102363117039204
    },
    "epoch_36": {
        "lwlrap": 0.8337346196217164,
        "loss": 0.5740685388445854
    },
    "epoch_37": {
        "lwlrap": 0.813390158930956,
        "loss": 0.6068990863859653
    },
    "epoch_38": {
        "lwlrap": 0.7983578100513584,
        "loss": 0.5958285667002201
    },
    "epoch_39": {
        "lwlrap": 0.8289225235052724,
        "loss": 0.5262576378881931
    },
    "epoch_40": {
        "lwlrap": 0.7452372395683591,
        "loss": 0.6253447569906712
    },
    "epoch_41": {
        "lwlrap": 0.7514071496431929,
        "loss": 0.8468906879425049
    },
    "epoch_42": {
        "lwlrap": 0.7586376287989192,
        "loss": 0.580105185508728
    },
    "epoch_43": {
        "lwlrap": 0.8276870578016587,
        "loss": 0.5351777151226997
    },
    "epoch_44": {
        "lwlrap": 0.8315259956151797,
        "loss": 0.5690975561738014
    },
    "epoch_45": {
        "lwlrap": 0.8339487766432738,
        "loss": 0.5741837285459042
    },
    "epoch_46": {
        "lwlrap": 0.8538594470046083,
        "loss": 0.4813358969986439
    },
    "epoch_47": {
        "lwlrap": 0.8626998897160187,
        "loss": 0.46126295253634453
    },
    "epoch_48": {
        "lwlrap": 0.8646357972970875,
        "loss": 0.46202374063432217
    },
    "epoch_49": {
        "lwlrap": 0.8636416003351488,
        "loss": 0.4734553322196007
    },
    "epoch_50": {
        "lwlrap": 0.8634408602150538,
        "loss": 0.47089352644979954
    }
}