{
  "best": {
    "epoch_lwlrap": 0.8682061889884529,
    "loss": 0.03140325787302838,
    "lwlrap": 0.8682061889884528
  },
  "last": {
    "epoch_lwlrap": 0.8523677656157829,
    "loss": 0.04200801993273709,
    "lwlrap": 0.8523677656157829
  },
  "train.30": {
    "epoch_lwlrap": 0.8682061889884529,
    "loss": 0.03140325787302838,
    "lwlrap": 0.8682061889884528
  },
  "epoch_0": [
    "out/109_103_EffnetB0/fold4/checkpoints/train.1.pth",
    0.3099161606234959,
    {
      "epoch_lwlrap": 0.3099161606234959,
      "loss": 0.08051613531156218,
      "lwlrap": 0.30991616062349603
    }
  ],
  "epoch_1": [
    "out/109_103_EffnetB0/fold4/checkpoints/train.2.pth",
    0.4593887504443508,
    {
      "epoch_lwlrap": 0.4593887504443508,
      "loss": 0.06094594743766197,
      "lwlrap": 0.45938875044435074
    }
  ],
  "epoch_2": [
    "out/109_103_EffnetB0/fold4/checkpoints/train.3.pth",
    0.5036943030321672,
    {
      "epoch_lwlrap": 0.5036943030321672,
      "loss": 0.05616799685848902,
      "lwlrap": 0.5036943030321673
    }
  ],
  "epoch_3": [
    "out/109_103_EffnetB0/fold4/checkpoints/train.4.pth",
    0.5835265991718768,
    {
      "epoch_lwlrap": 0.5835265991718768,
      "loss": 0.0517278565391558,
      "lwlrap": 0.5835265991718768
    }
  ],
  "epoch_4": [
    "out/109_103_EffnetB0/fold4/checkpoints/train.5.pth",
    0.6518279768910626,
    {
      "epoch_lwlrap": 0.6518279768910626,
      "loss": 0.04668844191859302,
      "lwlrap": 0.6518279768910628
    }
  ],
  "epoch_5": [
    "out/109_103_EffnetB0/fold4/checkpoints/train.6.pth",
    0.7179514169240195,
    {
      "epoch_lwlrap": 0.7179514169240195,
      "loss": 0.04143637068331514,
      "lwlrap": 0.7179514169240196
    }
  ],
  "epoch_6": [
    "out/109_103_EffnetB0/fold4/checkpoints/train.7.pth",
    0.7282514624778926,
    {
      "epoch_lwlrap": 0.7282514624778926,
      "loss": 0.03892755661516974,
      "lwlrap": 0.7282514624778929
    }
  ],
  "epoch_7": [
    "out/109_103_EffnetB0/fold4/checkpoints/train.8.pth",
    0.7368029756526936,
    {
      "epoch_lwlrap": 0.7368029756526936,
      "loss": 0.03804283458144153,
      "lwlrap": 0.7368029756526936
    }
  ],
  "epoch_8": [
    "out/109_103_EffnetB0/fold4/checkpoints/train.9.pth",
    0.7551884777710725,
    {
      "epoch_lwlrap": 0.7551884777710725,
      "loss": 0.03685981919776359,
      "lwlrap": 0.7551884777710725
    }
  ],
  "epoch_9": [
    "out/109_103_EffnetB0/fold4/checkpoints/train.10.pth",
    0.7603695051243717,
    {
      "epoch_lwlrap": 0.7603695051243717,
      "loss": 0.03659299300073488,
      "lwlrap": 0.7603695051243717
    }
  ],
  "epoch_10": [
    "out/109_103_EffnetB0/fold4/checkpoints/train.11.pth",
    0.7607342175835325,
    {
      "epoch_lwlrap": 0.7607342175835325,
      "loss": 0.03625292638869591,
      "lwlrap": 0.7607342175835327
    }
  ],
  "epoch_11": [
    "out/109_103_EffnetB0/fold4/checkpoints/train.12.pth",
    0.7570631296658693,
    {
      "epoch_lwlrap": 0.7570631296658693,
      "loss": 0.03605663417477041,
      "lwlrap": 0.7570631296658693
    }
  ],
  "epoch_12": [
    "out/109_103_EffnetB0/fold4/checkpoints/train.13.pth",
    0.7580118701694043,
    {
      "epoch_lwlrap": 0.7580118701694043,
      "loss": 0.035561387737592064,
      "lwlrap": 0.7580118701694044
    }
  ],
  "epoch_13": [
    "out/109_103_EffnetB0/fold4/checkpoints/train.14.pth",
    0.7752138145973761,
    {
      "epoch_lwlrap": 0.7752138145973761,
      "loss": 0.03397971469925963,
      "lwlrap": 0.7752138145973763
    }
  ],
  "epoch_14": [
    "out/109_103_EffnetB0/fold4/checkpoints/train.15.pth",
    0.7791686433809721,
    {
      "epoch_lwlrap": 0.7791686433809721,
      "loss": 0.03291230247309219,
      "lwlrap": 0.7791686433809721
    }
  ],
  "epoch_15": [
    "out/109_103_EffnetB0/fold4/checkpoints/train.16.pth",
    0.7807514886912867,
    {
      "epoch_lwlrap": 0.7807514886912867,
      "loss": 0.03318800731268648,
      "lwlrap": 0.7807514886912869
    }
  ],
  "epoch_16": [
    "out/109_103_EffnetB0/fold4/checkpoints/train.17.pth",
    0.7788617498152466,
    {
      "epoch_lwlrap": 0.7788617498152466,
      "loss": 0.03427149612269445,
      "lwlrap": 0.7788617498152466
    }
  ],
  "epoch_17": [
    "out/109_103_EffnetB0/fold4/checkpoints/train.18.pth",
    0.8220479925959376,
    {
      "epoch_lwlrap": 0.8220479925959376,
      "loss": 0.031974176735910645,
      "lwlrap": 0.8220479925959379
    }
  ],
  "epoch_18": [
    "out/109_103_EffnetB0/fold4/checkpoints/train.19.pth",
    0.8017594404580706,
    {
      "epoch_lwlrap": 0.8017594404580706,
      "loss": 0.03157422318204081,
      "lwlrap": 0.8017594404580706
    }
  ],
  "epoch_19": [
    "out/109_103_EffnetB0/fold4/checkpoints/train.20.pth",
    0.804317967674132,
    {
      "epoch_lwlrap": 0.804317967674132,
      "loss": 0.028675775252044473,
      "lwlrap": 0.8043179676741321
    }
  ],
  "epoch_20": [
    "out/109_103_EffnetB0/fold4/checkpoints/train.21.pth",
    0.835518590998043,
    {
      "epoch_lwlrap": 0.835518590998043,
      "loss": 0.02958377634417521,
      "lwlrap": 0.8355185909980432
    }
  ],
  "epoch_21": [
    "out/109_103_EffnetB0/fold4/checkpoints/train.22.pth",
    0.8331694665822122,
    {
      "epoch_lwlrap": 0.8331694665822122,
      "loss": 0.02910432779149378,
      "lwlrap": 0.8331694665822122
    }
  ],
  "epoch_22": [
    "out/109_103_EffnetB0/fold4/checkpoints/train.23.pth",
    0.8377147205914328,
    {
      "epoch_lwlrap": 0.8377147205914328,
      "loss": 0.029072264149853082,
      "lwlrap": 0.837714720591433
    }
  ],
  "epoch_23": [
    "out/109_103_EffnetB0/fold4/checkpoints/train.24.pth",
    0.8522631731535839,
    {
      "epoch_lwlrap": 0.8522631731535839,
      "loss": 0.03138632045795112,
      "lwlrap": 0.8522631731535841
    }
  ],
  "epoch_24": [
    "out/109_103_EffnetB0/fold4/checkpoints/train.25.pth",
    0.831868968170338,
    {
      "epoch_lwlrap": 0.831868968170338,
      "loss": 0.03416960745981839,
      "lwlrap": 0.8318689681703381
    }
  ],
  "epoch_25": [
    "out/109_103_EffnetB0/fold4/checkpoints/train.26.pth",
    0.8555483076031021,
    {
      "epoch_lwlrap": 0.8555483076031021,
      "loss": 0.030369927077532905,
      "lwlrap": 0.8555483076031022
    }
  ],
  "epoch_26": [
    "out/109_103_EffnetB0/fold4/checkpoints/train.27.pth",
    0.8645477849875831,
    {
      "epoch_lwlrap": 0.8645477849875831,
      "loss": 0.0307736358430968,
      "lwlrap": 0.8645477849875831
    }
  ],
  "epoch_27": [
    "out/109_103_EffnetB0/fold4/checkpoints/train.28.pth",
    0.8505653402913677,
    {
      "epoch_lwlrap": 0.8505653402913677,
      "loss": 0.031819467130861326,
      "lwlrap": 0.8505653402913677
    }
  ],
  "epoch_28": [
    "out/109_103_EffnetB0/fold4/checkpoints/train.29.pth",
    0.8608719286801478,
    {
      "epoch_lwlrap": 0.8608719286801478,
      "loss": 0.03239075268818636,
      "lwlrap": 0.8608719286801478
    }
  ],
  "epoch_29": [
    "out/109_103_EffnetB0/fold4/checkpoints/train.30.pth",
    0.8682061889884529,
    {
      "epoch_lwlrap": 0.8682061889884529,
      "loss": 0.03140325787302838,
      "lwlrap": 0.8682061889884528
    }
  ],
  "epoch_30": [
    "out/109_103_EffnetB0/fold4/checkpoints/train.31.pth",
    0.8639737735628146,
    {
      "epoch_lwlrap": 0.8639737735628146,
      "loss": 0.031948036918221,
      "lwlrap": 0.8639737735628147
    }
  ],
  "epoch_31": [
    "out/109_103_EffnetB0/fold4/checkpoints/train.32.pth",
    0.8637312459230266,
    {
      "epoch_lwlrap": 0.8637312459230266,
      "loss": 0.031015004061128452,
      "lwlrap": 0.8637312459230266
    }
  ],
  "epoch_32": [
    "out/109_103_EffnetB0/fold4/checkpoints/train.33.pth",
    0.8669602087410306,
    {
      "epoch_lwlrap": 0.8669602087410306,
      "loss": 0.032806719478951196,
      "lwlrap": 0.8669602087410307
    }
  ],