{
    "best": {
        "lwlrap": 0.8965437788018433,
        "loss": 0.08304859232157469,
        "epoch": 48
    },
    "last": {
        "lwlrap": 0.8871181088923025,
        "loss": 0.08593646017834544,
        "epoch": 50
    },
    "epoch_1": {
        "lwlrap": 0.20320164679559966,
        "loss": 0.197495112195611
    },
    "epoch_2": {
        "lwlrap": 0.4516791377678474,
        "loss": 0.15871267020702362
    },
    "epoch_3": {
        "lwlrap": 0.5246314915669754,
        "loss": 0.1581830084323883
    },
    "epoch_4": {
        "lwlrap": 0.6697111878563491,
        "loss": 0.12597733829170465
    },
    "epoch_5": {
        "lwlrap": 0.7237073112073111,
        "loss": 0.11146568693220615
    },
    "epoch_6": {
        "lwlrap": 0.7755621693121694,
        "loss": 0.10047642979770899
    },
    "epoch_7": {
        "lwlrap": 0.7927931387608806,
        "loss": 0.10235599335283041
    },
    "epoch_8": {
        "lwlrap": 0.820231694828469,
        "loss": 0.09548887610435486
    },
    "epoch_9": {
        "lwlrap": 0.830310206519884,
        "loss": 0.09053635783493519
    },
    "epoch_10": {
        "lwlrap": 0.8277927120669057,
        "loss": 0.08938982896506786
    },
    "epoch_11": {
        "lwlrap": 0.830726233145588,
        "loss": 0.09000854287296534
    },
    "epoch_12": {
        "lwlrap": 0.8359166371263146,
        "loss": 0.08893014676868916
    },
    "epoch_13": {
        "lwlrap": 0.8357630272952854,
        "loss": 0.09203483536839485
    },
    "epoch_14": {
        "lwlrap": 0.8434609148318826,
        "loss": 0.09244566783308983
    },
    "epoch_15": {
        "lwlrap": 0.7861131103066586,
        "loss": 0.1042587785050273
    },
    "epoch_16": {
        "lwlrap": 0.7736260454002389,
        "loss": 0.14393346291035414
    },
    "epoch_17": {
        "lwlrap": 0.7840805497826371,
        "loss": 0.10974846221506596
    },
    "epoch_18": {
        "lwlrap": 0.8227613336484303,
        "loss": 0.09161203727126122
    },
    "epoch_19": {
        "lwlrap": 0.8219502048131081,
        "loss": 0.09904248733073473
    },
    "epoch_20": {
        "lwlrap": 0.8500064004096262,
        "loss": 0.09444648120552301
    },
    "epoch_21": {
        "lwlrap": 0.8411194316436252,
        "loss": 0.10088282078504562
    },
    "epoch_22": {
        "lwlrap": 0.8063656176559402,
        "loss": 0.09643987007439137
    },
    "epoch_23": {
        "lwlrap": 0.824163873760648,
        "loss": 0.09988512098789215
    },
    "epoch_24": {
        "lwlrap": 0.8603857313534733,
        "loss": 0.08601340744644403
    },
    "epoch_25": {
        "lwlrap": 0.8811507936507936,
        "loss": 0.08322430402040482
    },
    "epoch_26": {
        "lwlrap": 0.874989332650623,
        "loss": 0.08073293510824442
    },
    "epoch_27": {
        "lwlrap": 0.8871732508829282,
        "loss": 0.08310907054692507
    },
    "epoch_28": {
        "lwlrap": 0.8914447857996244,
        "loss": 0.08209786377847195
    },
    "epoch_29": {
        "lwlrap": 0.8814665471923536,
        "loss": 0.08391524665057659
    },
    "epoch_30": {
        "lwlrap": 0.879563492063492,
        "loss": 0.08428633026778698
    },
    "epoch_31": {
        "lwlrap": 0.8802590032428742,
        "loss": 0.08398930635303259
    },
    "epoch_32": {
        "lwlrap": 0.8797853729305343,
        "loss": 0.08482007309794426
    },
    "epoch_33": {
        "lwlrap": 0.8776307623081816,
        "loss": 0.0864077527076006
    },
    "epoch_34": {
        "lwlrap": 0.8899022870797064,
        "loss": 0.08214343199506402
    },
    "epoch_35": {
        "lwlrap": 0.8726074599801255,
        "loss": 0.08844198286533356
    },
    "epoch_36": {
        "lwlrap": 0.8680656832129483,
        "loss": 0.08748725894838572
    },
    "epoch_37": {
        "lwlrap": 0.8326830129249485,
        "loss": 0.10265986155718565
    },
    "epoch_38": {
        "lwlrap": 0.8452446895995283,
        "loss": 0.09078980516642332
    },
    "epoch_39": {
        "lwlrap": 0.7499692981310628,
        "loss": 0.11436825059354305
    },
    "epoch_40": {
        "lwlrap": 0.8240191652967545,
        "loss": 0.10141237732023001
    },
    "epoch_41": {
        "lwlrap": 0.8328395364974442,
        "loss": 0.10161928460001945
    },
    "epoch_42": {
        "lwlrap": 0.838979233132459,
        "loss": 0.09254218637943268
    },
    "epoch_43": {
        "lwlrap": 0.8610338009000997,
        "loss": 0.08817805349826813
    },
    "epoch_44": {
        "lwlrap": 0.869354050253419,
        "loss": 0.09436124935746193
    },
    "epoch_45": {
        "lwlrap": 0.8460934823838049,
        "loss": 0.09571290761232376
    },
    "epoch_46": {
        "lwlrap": 0.8831034205797015,
        "loss": 0.084477121476084
    },
    "epoch_47": {
        "lwlrap": 0.8800648574842123,
        "loss": 0.08864442445337772
    },
    "epoch_48": {
        "lwlrap": 0.8965437788018433,
        "loss": 0.08304859232157469
    },
    "epoch_49": {
        "lwlrap": 0.8851507214410441,
        "loss": 0.08507336676120758
    },
    "epoch_50": {
        "lwlrap": 0.8871181088923025,
        "loss": 0.08593646017834544
    }
}