{
    "blend_score": 0.9023725478354521,
    "blend_weight": {
        "s0": [
            0.2636297922308096,
            0.3179847206103456,
            0.19268474468462485,
            0.22570074247421984
        ],
        "s1": [
            0.2636297922308096,
            0.3179847206103456,
            0.19268474468462485,
            0.22570074247421984
        ],
        "s2": [
            0.2636297922308096,
            0.3179847206103456,
            0.19268474468462485,
            0.22570074247421984
        ],
        "s3": [
            0.2636297922308096,
            0.3179847206103456,
            0.19268474468462485,
            0.22570074247421984
        ],
        "s4": [
            0.2636297922308096,
            0.3179847206103456,
            0.19268474468462485,
            0.22570074247421984
        ],
        "s5": [
            0.2636297922308096,
            0.3179847206103456,
            0.19268474468462485,
            0.22570074247421984
        ],
        "s6": [
            0.2636297922308096,
            0.3179847206103456,
            0.19268474468462485,
            0.22570074247421984
        ],
        "s7": [
            0.2636297922308096,
            0.3179847206103456,
            0.19268474468462485,
            0.22570074247421984
        ],
        "s8": [
            0.2636297922308096,
            0.3179847206103456,
            0.19268474468462485,
            0.22570074247421984
        ],
        "s9": [
            0.2636297922308096,
            0.3179847206103456,
            0.19268474468462485,
            0.22570074247421984
        ],
        "s10": [
            0.2636297922308096,
            0.3179847206103456,
            0.19268474468462485,
            0.22570074247421984
        ],
        "s11": [
            0.2636297922308096,
            0.3179847206103456,
            0.19268474468462485,
            0.22570074247421984
        ],
        "s12": [
            0.2636297922308096,
            0.3179847206103456,
            0.19268474468462485,
            0.22570074247421984
        ],
        "s13": [
            0.2636297922308096,
            0.3179847206103456,
            0.19268474468462485,
            0.22570074247421984
        ],
        "s14": [
            0.2636297922308096,
            0.3179847206103456,
            0.19268474468462485,
            0.22570074247421984
        ],
        "s15": [
            0.2636297922308096,
            0.3179847206103456,
            0.19268474468462485,
            0.22570074247421984
        ],
        "s16": [
            0.2636297922308096,
            0.3179847206103456,
            0.19268474468462485,
            0.22570074247421984
        ],
        "s17": [
            0.2636297922308096,
            0.3179847206103456,
            0.19268474468462485,
            0.22570074247421984
        ],
        "s18": [
            0.2636297922308096,
            0.3179847206103456,
            0.19268474468462485,
            0.22570074247421984
        ],
        "s19": [
            0.2636297922308096,
            0.3179847206103456,
            0.19268474468462485,
            0.22570074247421984
        ],
        "s20": [
            0.2636297922308096,
            0.3179847206103456,
            0.19268474468462485,
            0.22570074247421984
        ],
        "s21": [
            0.2636297922308096,
            0.3179847206103456,
            0.19268474468462485,
            0.22570074247421984
        ],
        "s22": [
            0.2636297922308096,
            0.3179847206103456,
            0.19268474468462485,
            0.22570074247421984
        ],
        "s23": [
            0.2636297922308096,
            0.3179847206103456,
            0.19268474468462485,
            0.22570074247421984
        ]
    },
    "blend": [
        0.9328571428571428,
        0.880219298245614,
        0.9789473684210527,
        0.5885744234800839,
        0.9058333333333333,
        0.9166666666666667,
        0.99,
        0.8207547169811321,
        0.8928104575163399,
        0.9130630630630631,
        0.9540000000000001,
        0.8995238095238096,
        0.905,
        0.9466666666666665,
        0.9052287581699346,
        0.9509803921568627,
        0.9366666666666668,
        0.9441090990386763,
        0.78,
        0.9888888888888889,
        0.8904761904761905,
        0.7532679738562091,
        0.9888888888888889,
        0.9654539385847797
    ],
    "078_ResNest_focal_strong_SAM_pitch_shift_score": 0.8786133946374911,
    "078_ResNest_focal_strong_SAM_pitch_shift": [
        0.8944444444444444,
        0.8307808857808857,
        0.9780701754385966,
        0.5658355795148248,
        0.8941904761904762,
        0.9044871794871795,
        0.99,
        0.7437106918238995,
        0.8104575163398693,
        0.8382473382473382,
        0.9390000000000001,
        0.8815238095238095,
        0.8441666666666667,
        0.9133333333333333,
        0.9052287581699346,
        0.9346405228758169,
        0.9255555555555556,
        0.9287726358148892,
        0.7826753246753246,
        0.974074074074074,
        0.8960714285714285,
        0.7441176470588236,
        0.9777777777777777,
        0.9507788161993771
    ],
    "083_ResNest_LogmelMixup_score": 0.8881613611734093,
    "083_ResNest_LogmelMixup": [
        0.945,
        0.867111111111111,
        0.9539473684210527,
        0.5343148465789974,
        0.9136363636363636,
        0.8692307692307695,
        0.9722222222222223,
        0.789937106918239,
        0.866013071895425,
        0.8603603603603603,
        0.9525,
        0.91,
        0.8956666666666666,
        0.94,
        0.869281045751634,
        0.9313725490196079,
        0.9533333333333333,
        0.9414486921529177,
        0.7366601731601731,
        0.974074074074074,
        0.8598214285714285,
        0.7532679738562092,
        0.9888888888888889,
        0.9719626168224299
    ],
    "084_ResNest_bce_weak_SAM_pitch_shift_score": 0.8829088640985887,
    "084_ResNest_bce_weak_SAM_pitch_shift": [
        0.9125,
        0.8702857142857142,
        0.9490131578947368,
        0.5153938304881701,
        0.8643030303030302,
        0.9375,
        0.99,
        0.7679245283018868,
        0.8856209150326798,
        0.8326898326898327,
        0.9573333333333331,
        0.8890757575757577,
        0.8765238095238095,
        0.935,
        0.880718954248366,
        0.869934640522876,
        0.937536231884058,
        0.8996414383738326,
        0.8110952380952381,
        0.9777777777777777,
        0.9350657894736842,
        0.6826797385620914,
        0.9777777777777777,
        0.9799732977303072
    ],
    "087_086_plus_mixup_score": 0.8893749893674481,
    "087_086_plus_mixup": [
        0.904,
        0.8543888888888889,
        0.9366028708133972,
        0.4765580331618067,
        0.8929385964912281,
        0.935897435897436,
        0.975,
        0.8207547169811321,
        0.8734015345268542,
        0.9864864864864865,
        0.98,
        0.8891666666666665,
        0.8985238095238094,
        0.94,
        0.877217553688142,
        0.8790849673202613,
        0.9283333333333332,
        0.9569640062597811,
        0.7320336134453781,
        0.9777777777777777,
        0.9054945054945055,
        0.7653594771241831,
        0.9666666666666667,
        0.9647196261682243
    ]
}