{
  "best": {
    "epoch_lwlrap": 0.8765666443568578,
    "loss": 0.08292984824001262,
    "lwlrap": 0.8765666443568578
  },
  "last": {
    "epoch_lwlrap": 0.8598416210141875,
    "loss": 0.09849640038029284,
    "lwlrap": 0.8598416210141874
  },
  "train.28": {
    "epoch_lwlrap": 0.8765666443568578,
    "loss": 0.08292984824001262,
    "lwlrap": 0.8765666443568578
  },
  "epoch_0": [
    "out/100_096_CropChanged/fold0/checkpoints/train.1.pth",
    0.2810951894728163,
    {
      "epoch_lwlrap": 0.2810951894728163,
      "loss": 0.24488634873280482,
      "lwlrap": 0.28109518947281625
    }
  ],
  "epoch_1": [
    "out/100_096_CropChanged/fold0/checkpoints/train.2.pth",
    0.3220979659969427,
    {
      "epoch_lwlrap": 0.3220979659969427,
      "loss": 0.23364089693115875,
      "lwlrap": 0.3220979659969427
    }
  ],
  "epoch_2": [
    "out/100_096_CropChanged/fold0/checkpoints/train.3.pth",
    0.33855929772119253,
    {
      "epoch_lwlrap": 0.33855929772119253,
      "loss": 0.2215691691478797,
      "lwlrap": 0.33855929772119253
    }
  ],
  "epoch_3": [
    "out/100_096_CropChanged/fold0/checkpoints/train.4.pth",
    0.45744439446869656,
    {
      "epoch_lwlrap": 0.45744439446869656,
      "loss": 0.2105146051771873,
      "lwlrap": 0.45744439446869645
    }
  ],
  "epoch_4": [
    "out/100_096_CropChanged/fold0/checkpoints/train.5.pth",
    0.5562507257971516,
    {
      "epoch_lwlrap": 0.5562507257971516,
      "loss": 0.1877079976607213,
      "lwlrap": 0.5562507257971516
    }
  ],
  "epoch_5": [
    "out/100_096_CropChanged/fold0/checkpoints/train.6.pth",
    0.665758508036788,
    {
      "epoch_lwlrap": 0.665758508036788,
      "loss": 0.16322422080335364,
      "lwlrap": 0.665758508036788
    }
  ],
  "epoch_6": [
    "out/100_096_CropChanged/fold0/checkpoints/train.7.pth",
    0.7173340873366901,
    {
      "epoch_lwlrap": 0.7173340873366901,
      "loss": 0.1466935217644261,
      "lwlrap": 0.7173340873366901
    }
  ],
  "epoch_7": [
    "out/100_096_CropChanged/fold0/checkpoints/train.8.pth",
    0.7373406338008108,
    {
      "epoch_lwlrap": 0.7373406338008108,
      "loss": 0.13184576844219612,
      "lwlrap": 0.7373406338008108
    }
  ],
  "epoch_8": [
    "out/100_096_CropChanged/fold0/checkpoints/train.9.pth",
    0.773558742142813,
    {
      "epoch_lwlrap": 0.773558742142813,
      "loss": 0.1229759094725668,
      "lwlrap": 0.773558742142813
    }
  ],
  "epoch_9": [
    "out/100_096_CropChanged/fold0/checkpoints/train.10.pth",
    0.7751719519418634,
    {
      "epoch_lwlrap": 0.7751719519418634,
      "loss": 0.11991255433686011,
      "lwlrap": 0.7751719519418635
    }
  ],
  "epoch_10": [
    "out/100_096_CropChanged/fold0/checkpoints/train.11.pth",
    0.7764379650104929,
    {
      "epoch_lwlrap": 0.7764379650104929,
      "loss": 0.11980068723184872,
      "lwlrap": 0.7764379650104929
    }
  ],
  "epoch_11": [
    "out/100_096_CropChanged/fold0/checkpoints/train.12.pth",
    0.7892114317109507,
    {
      "epoch_lwlrap": 0.7892114317109507,
      "loss": 0.11730826652682988,
      "lwlrap": 0.7892114317109508
    }
  ],
  "epoch_12": [
    "out/100_096_CropChanged/fold0/checkpoints/train.13.pth",
    0.7893434367991891,
    {
      "epoch_lwlrap": 0.7893434367991891,
      "loss": 0.11472537797109215,
      "lwlrap": 0.7893434367991891
    }
  ],
  "epoch_13": [
    "out/100_096_CropChanged/fold0/checkpoints/train.14.pth",
    0.8042816366989632,
    {
      "epoch_lwlrap": 0.8042816366989632,
      "loss": 0.11067647078132208,
      "lwlrap": 0.8042816366989631
    }
  ],
  "epoch_14": [
    "out/100_096_CropChanged/fold0/checkpoints/train.15.pth",
    0.7897779948664905,
    {
      "epoch_lwlrap": 0.7897779948664905,
      "loss": 0.11853024290989986,
      "lwlrap": 0.7897779948664905
    }
  ],
  "epoch_15": [
    "out/100_096_CropChanged/fold0/checkpoints/train.16.pth",
    0.7764755831680611,
    {
      "epoch_lwlrap": 0.7764755831680611,
      "loss": 0.11697407053635184,
      "lwlrap": 0.776475583168061
    }
  ],
  "epoch_16": [
    "out/100_096_CropChanged/fold0/checkpoints/train.17.pth",
    0.7891302895727674,
    {
      "epoch_lwlrap": 0.7891302895727674,
      "loss": 0.12116562858619521,
      "lwlrap": 0.7891302895727674
    }
  ],
  "epoch_17": [
    "out/100_096_CropChanged/fold0/checkpoints/train.18.pth",
    0.739094523044798,
    {
      "epoch_lwlrap": 0.739094523044798,
      "loss": 0.1370951768043822,
      "lwlrap": 0.7390945230447981
    }
  ],
  "epoch_18": [
    "out/100_096_CropChanged/fold0/checkpoints/train.19.pth",
    0.7397530484030099,
    {
      "epoch_lwlrap": 0.7397530484030099,
      "loss": 0.13249473418809674,
      "lwlrap": 0.73975304840301
    }
  ],
  "epoch_19": [
    "out/100_096_CropChanged/fold0/checkpoints/train.20.pth",
    0.7800645212702735,
    {
      "epoch_lwlrap": 0.7800645212702735,
      "loss": 0.1149894166572959,
      "lwlrap": 0.7800645212702735
    }
  ],
  "epoch_20": [
    "out/100_096_CropChanged/fold0/checkpoints/train.21.pth",
    0.7938012577393108,
    {
      "epoch_lwlrap": 0.7938012577393108,
      "loss": 0.1201626910308821,
      "lwlrap": 0.7938012577393109
    }
  ],
  "epoch_21": [
    "out/100_096_CropChanged/fold0/checkpoints/train.22.pth",
    0.802252917277644,
    {
      "epoch_lwlrap": 0.802252917277644,
      "loss": 0.11363704357526999,
      "lwlrap": 0.802252917277644
    }
  ],
  "epoch_22": [
    "out/100_096_CropChanged/fold0/checkpoints/train.23.pth",
    0.8233853692845721,
    {
      "epoch_lwlrap": 0.8233853692845721,
      "loss": 0.11783948085740603,
      "lwlrap": 0.823385369284572
    }
  ],
  "epoch_23": [
    "out/100_096_CropChanged/fold0/checkpoints/train.24.pth",
    0.8248260588968555,
    {
      "epoch_lwlrap": 0.8248260588968555,
      "loss": 0.09717248835131131,
      "lwlrap": 0.8248260588968553
    }
  ],
  "epoch_24": [
    "out/100_096_CropChanged/fold0/checkpoints/train.25.pth",
    0.862480685489535,
    {
      "epoch_lwlrap": 0.862480685489535,
      "loss": 0.09070753533623914,
      "lwlrap": 0.862480685489535
    }
  ],
  "epoch_25": [
    "out/100_096_CropChanged/fold0/checkpoints/train.26.pth",
    0.8522861356932154,
    {
      "epoch_lwlrap": 0.8522861356932154,
      "loss": 0.08876481573138616,
      "lwlrap": 0.8522861356932153
    }
  ],
  "epoch_26": [
    "out/100_096_CropChanged/fold0/checkpoints/train.27.pth",
    0.8590885147301077,
    {
      "epoch_lwlrap": 0.8590885147301077,
      "loss": 0.08670373333502661,
      "lwlrap": 0.8590885147301077
    }
  ],
  "epoch_27": [
    "out/100_096_CropChanged/fold0/checkpoints/train.28.pth",
    0.8765666443568578,
    {
      "epoch_lwlrap": 0.8765666443568578,
      "loss": 0.08292984824001262,
      "lwlrap": 0.8765666443568578
    }
  ],
  "epoch_28": [
    "out/100_096_CropChanged/fold0/checkpoints/train.29.pth",
    0.8685823149318723,
    {
      "epoch_lwlrap": 0.8685823149318723,
      "loss": 0.08435588590471091,
      "lwlrap": 0.8685823149318724
    }
  ],
  "epoch_29": [
    "out/100_096_CropChanged/fold0/checkpoints/train.30.pth",
    0.8726559207753898,
    {
      "epoch_lwlrap": 0.8726559207753898,
      "loss": 0.084118599220451,
      "lwlrap": 0.8726559207753898
    }
  ],
  "epoch_30": [
    "out/100_096_CropChanged/fold0/checkpoints/train.31.pth",
    0.8681237641414633,
    {
      "epoch_lwlrap": 0.8681237641414633,
      "loss": 0.0856800813854268,
      "lwlrap": 0.8681237641414633
    }
  ],
  "epoch_31": [
    "out/100_096_CropChanged/fold0/checkpoints/train.32.pth",
    0.8692797124213054,
    {
      "epoch_lwlrap": 0.8692797124213054,
      "loss": 0.08572699343868061,
      "lwlrap": 0.8692797124213054
    }
  ],
  "epoch_32": [
    "out/100_096_CropChanged/fold0/checkpoints/train.33.pth",
    0.8629038488551762,
    {
      "epoch_lwlrap": 0.8629038488551762,
      "loss": 0.08809657183896123,
      "lwlrap": 0.8629038488551762
    }
  ],