{
    "best": {
        "lwlrap": 0.9758454106280193,
        "loss": 0.060157344210892916,
        "epoch": 48
    },
    "last": {
        "lwlrap": 0.9557971014492753,
        "loss": 0.06401995477166825,
        "epoch": 55
    },
    "epoch_1": {
        "lwlrap": 0.43840579710144933,
        "loss": 0.07130405772477388
    },
    "epoch_2": {
        "lwlrap": 0.557487922705314,
        "loss": 0.06762726199147957
    },
    "epoch_3": {
        "lwlrap": 0.4946859903381643,
        "loss": 0.06359043996781111
    },
    "epoch_4": {
        "lwlrap": 0.6202898550724638,
        "loss": 0.056568786435361416
    },
    "epoch_5": {
        "lwlrap": 0.7594202898550724,
        "loss": 0.05280347913503647
    },
    "epoch_6": {
        "lwlrap": 0.8917874396135266,
        "loss": 0.04854341696149537
    },
    "epoch_7": {
        "lwlrap": 0.8937198067632851,
        "loss": 0.04247090975487871
    },
    "epoch_8": {
        "lwlrap": 0.8857487922705314,
        "loss": 0.04450783913489431
    },
    "epoch_9": {
        "lwlrap": 0.9468599033816425,
        "loss": 0.042765685091061253
    },
    "epoch_10": {
        "lwlrap": 0.9263285024154588,
        "loss": 0.04268318890327854
    },
    "epoch_11": {
        "lwlrap": 0.9275362318840579,
        "loss": 0.042144962619724016
    },
    "epoch_12": {
        "lwlrap": 0.9202898550724639,
        "loss": 0.04279183632960277
    },
    "epoch_13": {
        "lwlrap": 0.9135265700483092,
        "loss": 0.04166144651493856
    },
    "epoch_14": {
        "lwlrap": 0.8942028985507247,
        "loss": 0.04677391976916364
    },
    "epoch_15": {
        "lwlrap": 0.8990338164251208,
        "loss": 0.054899941730712144
    },
    "epoch_16": {
        "lwlrap": 0.8553140096618357,
        "loss": 0.06296317678477083
    },
    "epoch_17": {
        "lwlrap": 0.7123188405797101,
        "loss": 0.06510531316910471
    },
    "epoch_18": {
        "lwlrap": 0.8065217391304348,
        "loss": 0.05232366480465446
    },
    "epoch_19": {
        "lwlrap": 0.7973429951690821,
        "loss": 0.05326988188815968
    },
    "epoch_20": {
        "lwlrap": 0.9033816425120773,
        "loss": 0.044851698846157105
    },
    "epoch_21": {
        "lwlrap": 0.8367149758454105,
        "loss": 0.05604379624128342
    },
    "epoch_22": {
        "lwlrap": 0.932367149758454,
        "loss": 0.047801670319001587
    },
    "epoch_23": {
        "lwlrap": 0.8021739130434783,
        "loss": 0.06497619733480471
    },
    "epoch_24": {
        "lwlrap": 0.9432367149758455,
        "loss": 0.050060746792171686
    },
    "epoch_25": {
        "lwlrap": 0.9408212560386473,
        "loss": 0.04207231686450541
    },
    "epoch_26": {
        "lwlrap": 0.8942028985507247,
        "loss": 0.04541442243914519
    },
    "epoch_27": {
        "lwlrap": 0.9400966183574879,
        "loss": 0.054977116374565024
    },
    "epoch_28": {
        "lwlrap": 0.9183574879227054,
        "loss": 0.07014724685411368
    },
    "epoch_29": {
        "lwlrap": 0.9384057971014492,
        "loss": 0.06448820978403091
    },
    "epoch_30": {
        "lwlrap": 0.9311594202898552,
        "loss": 0.056542039050587585
    },
    "epoch_31": {
        "lwlrap": 0.9384057971014492,
        "loss": 0.05651358488414969
    },
    "epoch_32": {
        "lwlrap": 0.9384057971014492,
        "loss": 0.07224058452993631
    },
    "epoch_33": {
        "lwlrap": 0.9359903381642514,
        "loss": 0.06069134461826512
    },
    "epoch_34": {
        "lwlrap": 0.9376811594202898,
        "loss": 0.05384165760395782
    },
    "epoch_35": {
        "lwlrap": 0.9183574879227053,
        "loss": 0.0739027424050229
    },
    "epoch_36": {
        "lwlrap": 0.8934782608695653,
        "loss": 0.07058963937950986
    },
    "epoch_37": {
        "lwlrap": 0.9384057971014493,
        "loss": 0.044129183781998496
    },
    "epoch_38": {
        "lwlrap": 0.9528985507246377,
        "loss": 0.08485289689685617
    },
    "epoch_39": {
        "lwlrap": 0.9364734299516908,
        "loss": 0.044139403583748
    },
    "epoch_40": {
        "lwlrap": 0.8681159420289855,
        "loss": 0.044324404426983426
    },
    "epoch_41": {
        "lwlrap": 0.8874396135265701,
        "loss": 0.05743533432749765
    },
    "epoch_42": {
        "lwlrap": 0.9057971014492754,
        "loss": 0.07260552730544337
    },
    "epoch_43": {
        "lwlrap": 0.9497584541062801,
        "loss": 0.038653219172764305
    },
    "epoch_44": {
        "lwlrap": 0.8973429951690821,
        "loss": 0.0664273179801447
    },
    "epoch_45": {
        "lwlrap": 0.9376811594202897,
        "loss": 0.03770782151592097
    },
    "epoch_46": {
        "lwlrap": 0.967391304347826,
        "loss": 0.04292746653248157
    },
    "epoch_47": {
        "lwlrap": 0.9613526570048309,
        "loss": 0.06302787920659673
    },
    "epoch_48": {
        "lwlrap": 0.9758454106280193,
        "loss": 0.060157344210892916
    },
    "epoch_49": {
        "lwlrap": 0.9589371980676329,
        "loss": 0.05863747922038393
    },
    "epoch_50": {
        "lwlrap": 0.9589371980676329,
        "loss": 0.05936011948090579
    },
    "epoch_51": {
        "lwlrap": 0.9685990338164251,
        "loss": 0.059601559004347236
    },
    "epoch_52": {
        "lwlrap": 0.9685990338164251,
        "loss": 0.059457415282460194
    },
    "epoch_53": {
        "lwlrap": 0.9613526570048309,
        "loss": 0.060982361768505404
    },
    "epoch_54": {
        "lwlrap": 0.9601449275362318,
        "loss": 0.06444163168115276
    },
    "epoch_55": {
        "lwlrap": 0.9557971014492753,
        "loss": 0.06401995477166825
    }
}