{
  "best": {
    "epoch_lwlrap": 0.869524851841925,
    "lwlrap": 0.8694402634671334,
    "loss": 0.07184151017371519
  },
  "last": {
    "epoch_lwlrap": 0.838208054366591,
    "lwlrap": 0.8383514505881972,
    "loss": 0.0830278242382493
  },
  "train.28": {
    "epoch_lwlrap": 0.869524851841925,
    "lwlrap": 0.8694402634671334,
    "loss": 0.07184151017371519
  },
  "epoch_0": [
    "out/029_EfficientNetB2_5fold/fold2/checkpoints/train.1.pth",
    0.18876060040479553,
    {
      "epoch_lwlrap": 0.18876060040479553,
      "lwlrap": 0.18861262315346522,
      "loss": 0.43345913131541186
    }
  ],
  "epoch_1": [
    "out/029_EfficientNetB2_5fold/fold2/checkpoints/train.2.pth",
    0.2708462710810752,
    {
      "epoch_lwlrap": 0.2708462710810752,
      "lwlrap": 0.27083926132043235,
      "loss": 0.21083490501460717
    }
  ],
  "epoch_2": [
    "out/029_EfficientNetB2_5fold/fold2/checkpoints/train.3.pth",
    0.3394971581311822,
    {
      "epoch_lwlrap": 0.3394971581311822,
      "lwlrap": 0.3398403746889729,
      "loss": 0.17113059642628875
    }
  ],
  "epoch_3": [
    "out/029_EfficientNetB2_5fold/fold2/checkpoints/train.4.pth",
    0.43977747718355964,
    {
      "epoch_lwlrap": 0.43977747718355964,
      "lwlrap": 0.43935382281599583,
      "loss": 0.15102223322224714
    }
  ],
  "epoch_4": [
    "out/029_EfficientNetB2_5fold/fold2/checkpoints/train.5.pth",
    0.5653234750795727,
    {
      "epoch_lwlrap": 0.5653234750795727,
      "lwlrap": 0.5654974296707533,
      "loss": 0.11201409879044741
    }
  ],
  "epoch_5": [
    "out/029_EfficientNetB2_5fold/fold2/checkpoints/train.6.pth",
    0.6217267939828914,
    {
      "epoch_lwlrap": 0.6217267939828914,
      "lwlrap": 0.6221726416352414,
      "loss": 0.1138267802235521
    }
  ],
  "epoch_6": [
    "out/029_EfficientNetB2_5fold/fold2/checkpoints/train.7.pth",
    0.7099277602147043,
    {
      "epoch_lwlrap": 0.7099277602147043,
      "lwlrap": 0.7100796061035712,
      "loss": 0.10002907466741255
    }
  ],
  "epoch_7": [
    "out/029_EfficientNetB2_5fold/fold2/checkpoints/train.8.pth",
    0.7573012353500158,
    {
      "epoch_lwlrap": 0.7573012353500158,
      "lwlrap": 0.7574642910253923,
      "loss": 0.08905008125574991
    }
  ],
  "epoch_8": [
    "out/029_EfficientNetB2_5fold/fold2/checkpoints/train.9.pth",
    0.7983629852532291,
    {
      "epoch_lwlrap": 0.7983629852532291,
      "lwlrap": 0.7984443284733771,
      "loss": 0.08127190332108565
    }
  ],
  "epoch_9": [
    "out/029_EfficientNetB2_5fold/fold2/checkpoints/train.10.pth",
    0.8232902485951266,
    {
      "epoch_lwlrap": 0.8232902485951266,
      "lwlrap": 0.8236359514500401,
      "loss": 0.07772018432371901
    }
  ],
  "epoch_10": [
    "out/029_EfficientNetB2_5fold/fold2/checkpoints/train.11.pth",
    0.8382935492691591,
    {
      "epoch_lwlrap": 0.8382935492691591,
      "lwlrap": 0.8385595697505647,
      "loss": 0.07528172277006104
    }
  ],
  "epoch_11": [
    "out/029_EfficientNetB2_5fold/fold2/checkpoints/train.12.pth",
    0.8480253035131085,
    {
      "epoch_lwlrap": 0.8480253035131085,
      "lwlrap": 0.8482371282661768,
      "loss": 0.07338045325912075
    }
  ],
  "epoch_12": [
    "out/029_EfficientNetB2_5fold/fold2/checkpoints/train.13.pth",
    0.8568590961883644,
    {
      "epoch_lwlrap": 0.8568590961883644,
      "lwlrap": 0.8569541858394436,
      "loss": 0.07343332190449835
    }
  ],
  "epoch_13": [
    "out/029_EfficientNetB2_5fold/fold2/checkpoints/train.14.pth",
    0.8399325719447671,
    {
      "epoch_lwlrap": 0.8399325719447671,
      "lwlrap": 0.839997539107924,
      "loss": 0.07857194742180192
    }
  ],
  "epoch_14": [
    "out/029_EfficientNetB2_5fold/fold2/checkpoints/train.15.pth",
    0.8297861014324429,
    {
      "epoch_lwlrap": 0.8297861014324429,
      "lwlrap": 0.8306148684688989,
      "loss": 0.07687016364968854
    }
  ],
  "epoch_15": [
    "out/029_EfficientNetB2_5fold/fold2/checkpoints/train.16.pth",
    0.835048409133775,
    {
      "epoch_lwlrap": 0.835048409133775,
      "lwlrap": 0.835562748126292,
      "loss": 0.07499875888657669
    }
  ],
  "epoch_16": [
    "out/029_EfficientNetB2_5fold/fold2/checkpoints/train.17.pth",
    0.831673075118197,
    {
      "epoch_lwlrap": 0.831673075118197,
      "lwlrap": 0.8318770187960456,
      "loss": 0.0792443345419664
    }
  ],
  "epoch_17": [
    "out/029_EfficientNetB2_5fold/fold2/checkpoints/train.18.pth",
    0.7525298094277932,
    {
      "epoch_lwlrap": 0.7525298094277932,
      "lwlrap": 0.7528833469186575,
      "loss": 0.1012502603324843
    }
  ],
  "epoch_18": [
    "out/029_EfficientNetB2_5fold/fold2/checkpoints/train.19.pth",
    0.8386409922032516,
    {
      "epoch_lwlrap": 0.8386409922032516,
      "lwlrap": 0.838761949049378,
      "loss": 0.08098776325767422
    }
  ],
  "epoch_19": [
    "out/029_EfficientNetB2_5fold/fold2/checkpoints/train.20.pth",
    0.8279993606213119,
    {
      "epoch_lwlrap": 0.8279993606213119,
      "lwlrap": 0.8285861607393923,
      "loss": 0.07776927478887417
    }
  ],
  "epoch_20": [
    "out/029_EfficientNetB2_5fold/fold2/checkpoints/train.21.pth",
    0.8336567920230044,
    {
      "epoch_lwlrap": 0.8336567920230044,
      "lwlrap": 0.8338503332784378,
      "loss": 0.08184595792381852
    }
  ],
  "epoch_21": [
    "out/029_EfficientNetB2_5fold/fold2/checkpoints/train.22.pth",
    0.8193062752513973,
    {
      "epoch_lwlrap": 0.8193062752513973,
      "lwlrap": 0.8201461674773222,
      "loss": 0.08198895710118023
    }
  ],
  "epoch_22": [
    "out/029_EfficientNetB2_5fold/fold2/checkpoints/train.23.pth",
    0.846162408052652,
    {
      "epoch_lwlrap": 0.846162408052652,
      "lwlrap": 0.8468216242726047,
      "loss": 0.07471220155434354
    }
  ],
  "epoch_23": [
    "out/029_EfficientNetB2_5fold/fold2/checkpoints/train.24.pth",
    0.8294513845017557,
    {
      "epoch_lwlrap": 0.8294513845017557,
      "lwlrap": 0.8296689700758091,
      "loss": 0.08188779787026317
    }
  ],
  "epoch_24": [
    "out/029_EfficientNetB2_5fold/fold2/checkpoints/train.25.pth",
    0.8499197538473005,
    {
      "epoch_lwlrap": 0.8499197538473005,
      "lwlrap": 0.8497711394236236,
      "loss": 0.07837992029670826
    }
  ],
  "epoch_25": [
    "out/029_EfficientNetB2_5fold/fold2/checkpoints/train.26.pth",
    0.841990552356406,
    {
      "epoch_lwlrap": 0.841990552356406,
      "lwlrap": 0.8422181096291481,
      "loss": 0.07654981382589772
    }
  ],
  "epoch_26": [
    "out/029_EfficientNetB2_5fold/fold2/checkpoints/train.27.pth",
    0.8662413636499002,
    {
      "epoch_lwlrap": 0.8662413636499002,
      "lwlrap": 0.8662262100442929,
      "loss": 0.07641424434911076
    }
  ],
  "epoch_27": [
    "out/029_EfficientNetB2_5fold/fold2/checkpoints/train.28.pth",
    0.869524851841925,
    {
      "epoch_lwlrap": 0.869524851841925,
      "lwlrap": 0.8694402634671334,
      "loss": 0.07184151017371519
    }
  ],
  "epoch_28": [
    "out/029_EfficientNetB2_5fold/fold2/checkpoints/train.29.pth",
    0.8655270034843205,
    {
      "epoch_lwlrap": 0.8655270034843205,
      "lwlrap": 0.8653201491346009,
      "loss": 0.07173396266782235
    }
  ],
  "epoch_29": [
    "out/029_EfficientNetB2_5fold/fold2/checkpoints/train.30.pth",
    0.8609320557491289,
    {
      "epoch_lwlrap": 0.8609320557491289,
      "lwlrap": 0.8606935803377344,
      "loss": 0.07223536294919473
    }
  ],
  "epoch_30": [
    "out/029_EfficientNetB2_5fold/fold2/checkpoints/train.31.pth",
    0.8621061526549332,
    {
      "epoch_lwlrap": 0.8621061526549332,
      "lwlrap": 0.8618613882956657,
      "loss": 0.07202100345995201
    }
  ],
  "epoch_31": [
    "out/029_EfficientNetB2_5fold/fold2/checkpoints/train.32.pth",
    0.8546535781291879,
    {
      "epoch_lwlrap": 0.8546535781291879,
      "lwlrap": 0.8546799148832555,
      "loss": 0.07241402523507796
    }
  ],