{
  "best": {
    "epoch_lwlrap": 0.8730876205523189,
    "lwlrap": 0.8727996008487541,
    "loss": 0.2302424164465916
  },
  "last": {
    "epoch_lwlrap": 0.8730876205523189,
    "lwlrap": 0.8727996008487541,
    "loss": 0.2302424164465916
  },
  "train.50": {
    "epoch_lwlrap": 0.8730876205523189,
    "lwlrap": 0.8727996008487541,
    "loss": 0.2302424164465916
  },
  "epoch_0": [
    "out/032_ResNest_LogmelMixup_5fold/fold2/checkpoints/train.1.pth",
    0.1804677624505942,
    {
      "epoch_lwlrap": 0.1804677624505942,
      "lwlrap": 0.18044799131762537,
      "loss": 0.7173871704580362
    }
  ],
  "epoch_1": [
    "out/032_ResNest_LogmelMixup_5fold/fold2/checkpoints/train.2.pth",
    0.28697195275352644,
    {
      "epoch_lwlrap": 0.28697195275352644,
      "lwlrap": 0.28670063090044934,
      "loss": 0.7419839646100017
    }
  ],
  "epoch_2": [
    "out/032_ResNest_LogmelMixup_5fold/fold2/checkpoints/train.3.pth",
    0.3149949177030137,
    {
      "epoch_lwlrap": 0.3149949177030137,
      "lwlrap": 0.31461215305629675,
      "loss": 0.6699742910302716
    }
  ],
  "epoch_3": [
    "out/032_ResNest_LogmelMixup_5fold/fold2/checkpoints/train.4.pth",
    0.29497077435375024,
    {
      "epoch_lwlrap": 0.29497077435375024,
      "lwlrap": 0.2950115763323809,
      "loss": 0.638017181996946
    }
  ],
  "epoch_4": [
    "out/032_ResNest_LogmelMixup_5fold/fold2/checkpoints/train.5.pth",
    0.4049106046440159,
    {
      "epoch_lwlrap": 0.4049106046440159,
      "lwlrap": 0.4043896649029146,
      "loss": 0.6281000287444503
    }
  ],
  "epoch_5": [
    "out/032_ResNest_LogmelMixup_5fold/fold2/checkpoints/train.6.pth",
    0.46770378363389764,
    {
      "epoch_lwlrap": 0.46770378363389764,
      "lwlrap": 0.4672482846067679,
      "loss": 0.6055076654555867
    }
  ],
  "epoch_6": [
    "out/032_ResNest_LogmelMixup_5fold/fold2/checkpoints/train.7.pth",
    0.5401215457056894,
    {
      "epoch_lwlrap": 0.5401215457056894,
      "lwlrap": 0.5401621099821472,
      "loss": 0.5596039744071019
    }
  ],
  "epoch_7": [
    "out/032_ResNest_LogmelMixup_5fold/fold2/checkpoints/train.8.pth",
    0.6112882523505117,
    {
      "epoch_lwlrap": 0.6112882523505117,
      "lwlrap": 0.611448199979077,
      "loss": 0.535803312872663
    }
  ],
  "epoch_8": [
    "out/032_ResNest_LogmelMixup_5fold/fold2/checkpoints/train.9.pth",
    0.6192327746625299,
    {
      "epoch_lwlrap": 0.6192327746625299,
      "lwlrap": 0.6194040819971177,
      "loss": 0.520167046613654
    }
  ],
  "epoch_9": [
    "out/032_ResNest_LogmelMixup_5fold/fold2/checkpoints/train.10.pth",
    0.6189440935070702,
    {
      "epoch_lwlrap": 0.6189440935070702,
      "lwlrap": 0.619008981093477,
      "loss": 0.5092130816031875
    }
  ],
  "epoch_10": [
    "out/032_ResNest_LogmelMixup_5fold/fold2/checkpoints/train.11.pth",
    0.6243496486455646,
    {
      "epoch_lwlrap": 0.6243496486455646,
      "lwlrap": 0.6242410612125462,
      "loss": 0.5044168068303002
    }
  ],
  "epoch_11": [
    "out/032_ResNest_LogmelMixup_5fold/fold2/checkpoints/train.12.pth",
    0.6248939760733727,
    {
      "epoch_lwlrap": 0.6248939760733727,
      "lwlrap": 0.6248205134929707,
      "loss": 0.507552500982834
    }
  ],
  "epoch_12": [
    "out/032_ResNest_LogmelMixup_5fold/fold2/checkpoints/train.13.pth",
    0.6299239145677502,
    {
      "epoch_lwlrap": 0.6299239145677502,
      "lwlrap": 0.6299008670858157,
      "loss": 0.49373735395478613
    }
  ],
  "epoch_13": [
    "out/032_ResNest_LogmelMixup_5fold/fold2/checkpoints/train.14.pth",
    0.6363426688145408,
    {
      "epoch_lwlrap": 0.6363426688145408,
      "lwlrap": 0.6363283591383012,
      "loss": 0.4875476215601948
    }
  ],
  "epoch_14": [
    "out/032_ResNest_LogmelMixup_5fold/fold2/checkpoints/train.15.pth",
    0.6333948966570917,
    {
      "epoch_lwlrap": 0.6333948966570917,
      "lwlrap": 0.6335286161206035,
      "loss": 0.460298269864463
    }
  ],
  "epoch_15": [
    "out/032_ResNest_LogmelMixup_5fold/fold2/checkpoints/train.16.pth",
    0.6275808557056812,
    {
      "epoch_lwlrap": 0.6275808557056812,
      "lwlrap": 0.6271549233656302,
      "loss": 0.48932095197002584
    }
  ],
  "epoch_16": [
    "out/032_ResNest_LogmelMixup_5fold/fold2/checkpoints/train.17.pth",
    0.6308660190518203,
    {
      "epoch_lwlrap": 0.6308660190518203,
      "lwlrap": 0.6304523602169437,
      "loss": 0.47816998085367335
    }
  ],
  "epoch_17": [
    "out/032_ResNest_LogmelMixup_5fold/fold2/checkpoints/train.18.pth",
    0.6271510158502958,
    {
      "epoch_lwlrap": 0.6271510158502958,
      "lwlrap": 0.6269269941822103,
      "loss": 0.55336401442932
    }
  ],
  "epoch_18": [
    "out/032_ResNest_LogmelMixup_5fold/fold2/checkpoints/train.19.pth",
    0.6872516296495618,
    {
      "epoch_lwlrap": 0.6872516296495618,
      "lwlrap": 0.6876839424305299,
      "loss": 0.42045495220663126
    }
  ],
  "epoch_19": [
    "out/032_ResNest_LogmelMixup_5fold/fold2/checkpoints/train.20.pth",
    0.7081589142564751,
    {
      "epoch_lwlrap": 0.7081589142564751,
      "lwlrap": 0.708461521533417,
      "loss": 0.40337518458503757
    }
  ],
  "epoch_20": [
    "out/032_ResNest_LogmelMixup_5fold/fold2/checkpoints/train.21.pth",
    0.7236067954820313,
    {
      "epoch_lwlrap": 0.7236067954820313,
      "lwlrap": 0.7244704187770113,
      "loss": 0.39563536067558414
    }
  ],
  "epoch_21": [
    "out/032_ResNest_LogmelMixup_5fold/fold2/checkpoints/train.22.pth",
    0.7611303194785977,
    {
      "epoch_lwlrap": 0.7611303194785977,
      "lwlrap": 0.7609247953020647,
      "loss": 0.3555908822473675
    }
  ],
  "epoch_22": [
    "out/032_ResNest_LogmelMixup_5fold/fold2/checkpoints/train.23.pth",
    0.7690232076285086,
    {
      "epoch_lwlrap": 0.7690232076285086,
      "lwlrap": 0.7689952408658213,
      "loss": 0.35506548839832036
    }
  ],
  "epoch_23": [
    "out/032_ResNest_LogmelMixup_5fold/fold2/checkpoints/train.24.pth",
    0.7867316626462968,
    {
      "epoch_lwlrap": 0.7867316626462968,
      "lwlrap": 0.7870472966878195,
      "loss": 0.3784905074800483
    }
  ],
  "epoch_24": [
    "out/032_ResNest_LogmelMixup_5fold/fold2/checkpoints/train.25.pth",
    0.7711373142210476,
    {
      "epoch_lwlrap": 0.7711373142210476,
      "lwlrap": 0.7712181191502095,
      "loss": 0.3319694056432434
    }
  ],
  "epoch_25": [
    "out/032_ResNest_LogmelMixup_5fold/fold2/checkpoints/train.26.pth",
    0.8151361172702636,
    {
      "epoch_lwlrap": 0.8151361172702636,
      "lwlrap": 0.8153689855132386,
      "loss": 0.29878960776721497
    }
  ],
  "epoch_26": [
    "out/032_ResNest_LogmelMixup_5fold/fold2/checkpoints/train.27.pth",
    0.8415371700994294,
    {
      "epoch_lwlrap": 0.8415371700994294,
      "lwlrap": 0.8417331360011225,
      "loss": 0.26609999910303594
    }
  ],
  "epoch_27": [
    "out/032_ResNest_LogmelMixup_5fold/fold2/checkpoints/train.28.pth",
    0.83357091756482,
    {
      "epoch_lwlrap": 0.83357091756482,
      "lwlrap": 0.8341375477450278,
      "loss": 0.27323171324690676
    }
  ],
  "epoch_28": [
    "out/032_ResNest_LogmelMixup_5fold/fold2/checkpoints/train.29.pth",
    0.838650295052734,
    {
      "epoch_lwlrap": 0.838650295052734,
      "lwlrap": 0.8389639688023857,
      "loss": 0.26081766684850055
    }
  ],
  "epoch_29": [
    "out/032_ResNest_LogmelMixup_5fold/fold2/checkpoints/train.30.pth",
    0.8347681958962447,
    {
      "epoch_lwlrap": 0.8347681958962447,
      "lwlrap": 0.8351590611303756,
      "loss": 0.25969530108534256
    }
  ],
  "epoch_30": [
    "out/032_ResNest_LogmelMixup_5fold/fold2/checkpoints/train.31.pth",
    0.8336107525693534,
    {
      "epoch_lwlrap": 0.8336107525693534,
      "lwlrap": 0.8340171725907307,
      "loss": 0.2585640343618981
    }
  ],
  "epoch_31": [
    "out/032_ResNest_LogmelMixup_5fold/fold2/checkpoints/train.32.pth",
    0.8382822574895745,
    {
      "epoch_lwlrap": 0.8382822574895745,
      "lwlrap": 0.8387486602265106,