{
    "best": {
        "lwlrap": 0.8191172839506173,
        "loss": 0.18218551948666573,
        "epoch": 53
    },
    "last": {
        "lwlrap": 0.7965831244778614,
        "loss": 0.19509496788183847,
        "epoch": 55
    },
    "epoch_1": {
        "lwlrap": 0.2331227044294752,
        "loss": 0.3591433068116506
    },
    "epoch_2": {
        "lwlrap": 0.4616849907536182,
        "loss": 0.26419642319281894
    },
    "epoch_3": {
        "lwlrap": 0.45839037172841635,
        "loss": 0.26275282353162766
    },
    "epoch_4": {
        "lwlrap": 0.5738075482022851,
        "loss": 0.2282581329345703
    },
    "epoch_5": {
        "lwlrap": 0.5962012651377977,
        "loss": 0.22157540544867516
    },
    "epoch_6": {
        "lwlrap": 0.6230466403603658,
        "loss": 0.21233097339669862
    },
    "epoch_7": {
        "lwlrap": 0.6869903633040888,
        "loss": 0.19789794956644377
    },
    "epoch_8": {
        "lwlrap": 0.7230851163131864,
        "loss": 0.1904074177145958
    },
    "epoch_9": {
        "lwlrap": 0.7204969721636387,
        "loss": 0.19064994404713312
    },
    "epoch_10": {
        "lwlrap": 0.7257989744460333,
        "loss": 0.1916287044684092
    },
    "epoch_11": {
        "lwlrap": 0.7231076164213419,
        "loss": 0.1900739644964536
    },
    "epoch_12": {
        "lwlrap": 0.7358995202328535,
        "loss": 0.19145206362009048
    },
    "epoch_13": {
        "lwlrap": 0.7193360998975034,
        "loss": 0.1874076041082541
    },
    "epoch_14": {
        "lwlrap": 0.738308370641704,
        "loss": 0.19357009480396906
    },
    "epoch_15": {
        "lwlrap": 0.7379084372417706,
        "loss": 0.20337709287802377
    },
    "epoch_16": {
        "lwlrap": 0.7378810382561672,
        "loss": 0.20190038283665976
    },
    "epoch_17": {
        "lwlrap": 0.7460516698261797,
        "loss": 0.20019212986032167
    },
    "epoch_18": {
        "lwlrap": 0.7589815308148642,
        "loss": 0.19679139802853265
    },
    "epoch_19": {
        "lwlrap": 0.6942585478199513,
        "loss": 0.20110751315951347
    },
    "epoch_20": {
        "lwlrap": 0.7086005124142379,
        "loss": 0.20421384399135908
    },
    "epoch_21": {
        "lwlrap": 0.7281008186029498,
        "loss": 0.19049847995241484
    },
    "epoch_22": {
        "lwlrap": 0.6995939572410161,
        "loss": 0.21076412498950958
    },
    "epoch_23": {
        "lwlrap": 0.728950234950235,
        "loss": 0.2211513171593348
    },
    "epoch_24": {
        "lwlrap": 0.7707838018916451,
        "loss": 0.18440339341759682
    },
    "epoch_25": {
        "lwlrap": 0.7701518358185024,
        "loss": 0.18560757612188658
    },
    "epoch_26": {
        "lwlrap": 0.7857524366471735,
        "loss": 0.17631779611110687
    },
    "epoch_27": {
        "lwlrap": 0.7897178130511464,
        "loss": 0.17858283097545305
    },
    "epoch_28": {
        "lwlrap": 0.7934503459503459,
        "loss": 0.17465624337395033
    },
    "epoch_29": {
        "lwlrap": 0.8084610429827822,
        "loss": 0.17134138445059457
    },
    "epoch_30": {
        "lwlrap": 0.807930450118856,
        "loss": 0.17204520106315613
    },
    "epoch_31": {
        "lwlrap": 0.8095786435786436,
        "loss": 0.16962985570232073
    },
    "epoch_32": {
        "lwlrap": 0.799355222876962,
        "loss": 0.17323809241255125
    },
    "epoch_33": {
        "lwlrap": 0.8125039281705948,
        "loss": 0.16957547391454378
    },
    "epoch_34": {
        "lwlrap": 0.806739137405804,
        "loss": 0.17939520006378493
    },
    "epoch_35": {
        "lwlrap": 0.8123884220354809,
        "loss": 0.17886590460936228
    },
    "epoch_36": {
        "lwlrap": 0.7861516754850089,
        "loss": 0.20864495014150938
    },
    "epoch_37": {
        "lwlrap": 0.7693096533096533,
        "loss": 0.19327537715435028
    },
    "epoch_38": {
        "lwlrap": 0.764673721340388,
        "loss": 0.21399178355932236
    },
    "epoch_39": {
        "lwlrap": 0.7084459408010133,
        "loss": 0.2264795737961928
    },
    "epoch_40": {
        "lwlrap": 0.7258617450088038,
        "loss": 0.19477233911554018
    },
    "epoch_41": {
        "lwlrap": 0.7054118798680202,
        "loss": 0.22546591237187386
    },
    "epoch_42": {
        "lwlrap": 0.7650443379194669,
        "loss": 0.18755206589897475
    },
    "epoch_43": {
        "lwlrap": 0.7935078255078255,
        "loss": 0.17627250465253988
    },
    "epoch_44": {
        "lwlrap": 0.790410934744268,
        "loss": 0.18774149380624294
    },
    "epoch_45": {
        "lwlrap": 0.7873372963590355,
        "loss": 0.1983117846151193
    },
    "epoch_46": {
        "lwlrap": 0.7854747474747474,
        "loss": 0.19790545230110487
    },
    "epoch_47": {
        "lwlrap": 0.8064878146544813,
        "loss": 0.17742771158615747
    },
    "epoch_48": {
        "lwlrap": 0.8077622254288921,
        "loss": 0.1835677201549212
    },
    "epoch_49": {
        "lwlrap": 0.8163007054673721,
        "loss": 0.18424058270951113
    },
    "epoch_50": {
        "lwlrap": 0.8173491318909276,
        "loss": 0.18223850863675276
    },
    "epoch_51": {
        "lwlrap": 0.8084770330384364,
        "loss": 0.18467731152971587
    },
    "epoch_52": {
        "lwlrap": 0.8116979458450047,
        "loss": 0.1842900017897288
    },
    "epoch_53": {
        "lwlrap": 0.8191172839506173,
        "loss": 0.18218551948666573
    },
    "epoch_54": {
        "lwlrap": 0.8168088023088023,
        "loss": 0.19599879905581474
    },
    "epoch_55": {
        "lwlrap": 0.7965831244778614,
        "loss": 0.19509496788183847
    }
}