{
    "best": {
        "lwlrap": 0.8359779987944544,
        "loss": 0.10121650488248893,
        "epoch": 34
    },
    "last": {
        "lwlrap": 0.8109453486035765,
        "loss": 0.11111093525375638,
        "epoch": 50
    },
    "epoch_1": {
        "lwlrap": 0.3289396017410674,
        "loss": 0.15936908232314245
    },
    "epoch_2": {
        "lwlrap": 0.33893285447249477,
        "loss": 0.1697430717093604
    },
    "epoch_3": {
        "lwlrap": 0.4297097089194025,
        "loss": 0.15932129323482513
    },
    "epoch_4": {
        "lwlrap": 0.4404038364684698,
        "loss": 0.1621265783905983
    },
    "epoch_5": {
        "lwlrap": 0.5366633366633367,
        "loss": 0.15451229576553618
    },
    "epoch_6": {
        "lwlrap": 0.5467468416918784,
        "loss": 0.15043376120073454
    },
    "epoch_7": {
        "lwlrap": 0.6180061437693605,
        "loss": 0.13533459923097066
    },
    "epoch_8": {
        "lwlrap": 0.6685857215920508,
        "loss": 0.12201766510094915
    },
    "epoch_9": {
        "lwlrap": 0.734315350612819,
        "loss": 0.11757443100214005
    },
    "epoch_10": {
        "lwlrap": 0.7242578360458107,
        "loss": 0.11568355986050197
    },
    "epoch_11": {
        "lwlrap": 0.7263587502511553,
        "loss": 0.11520395374723844
    },
    "epoch_12": {
        "lwlrap": 0.7450389097540996,
        "loss": 0.11676835907357079
    },
    "epoch_13": {
        "lwlrap": 0.7281499442891848,
        "loss": 0.11755898009453501
    },
    "epoch_14": {
        "lwlrap": 0.7142153907976694,
        "loss": 0.12286772951483727
    },
    "epoch_15": {
        "lwlrap": 0.6724629449312993,
        "loss": 0.12874167785048485
    },
    "epoch_16": {
        "lwlrap": 0.6407480291694737,
        "loss": 0.14026434027722903
    },
    "epoch_17": {
        "lwlrap": 0.6217168555776151,
        "loss": 0.13480333717805998
    },
    "epoch_18": {
        "lwlrap": 0.6987528056869085,
        "loss": 0.13673401038561547
    },
    "epoch_19": {
        "lwlrap": 0.6248977112901164,
        "loss": 0.13201877794095448
    },
    "epoch_20": {
        "lwlrap": 0.7116150602933924,
        "loss": 0.1390187107026577
    },
    "epoch_21": {
        "lwlrap": 0.6892405063291139,
        "loss": 0.1262953622000558
    },
    "epoch_22": {
        "lwlrap": 0.7332934470592698,
        "loss": 0.1206093994634492
    },
    "epoch_23": {
        "lwlrap": 0.76088803952728,
        "loss": 0.11282831323998314
    },
    "epoch_24": {
        "lwlrap": 0.7978230743774304,
        "loss": 0.10306454982076373
    },
    "epoch_25": {
        "lwlrap": 0.7817213728606134,
        "loss": 0.10410911217331886
    },
    "epoch_26": {
        "lwlrap": 0.7959639340968455,
        "loss": 0.10393158878598895
    },
    "epoch_27": {
        "lwlrap": 0.8037623066104078,
        "loss": 0.09967775057469096
    },
    "epoch_28": {
        "lwlrap": 0.7954013461924854,
        "loss": 0.09899933636188507
    },
    "epoch_29": {
        "lwlrap": 0.8147578862768736,
        "loss": 0.09849294966885022
    },
    "epoch_30": {
        "lwlrap": 0.8056258790436006,
        "loss": 0.09862080908247403
    },
    "epoch_31": {
        "lwlrap": 0.8086673699015472,
        "loss": 0.09880525565573148
    },
    "epoch_32": {
        "lwlrap": 0.8151095037170986,
        "loss": 0.099728704563209
    },
    "epoch_33": {
        "lwlrap": 0.8211849507735585,
        "loss": 0.10066414198705129
    },
    "epoch_34": {
        "lwlrap": 0.8359779987944544,
        "loss": 0.10121650488248893
    },
    "epoch_35": {
        "lwlrap": 0.7992415109503718,
        "loss": 0.11380147029246603
    },
    "epoch_36": {
        "lwlrap": 0.7664669981916816,
        "loss": 0.11015123448201589
    },
    "epoch_37": {
        "lwlrap": 0.7236462728551336,
        "loss": 0.12299110261457306
    },
    "epoch_38": {
        "lwlrap": 0.7694823460646245,
        "loss": 0.10923944786190987
    },
    "epoch_39": {
        "lwlrap": 0.7470437438791868,
        "loss": 0.11599161475896835
    },
    "epoch_40": {
        "lwlrap": 0.7222347799879445,
        "loss": 0.1283242686518601
    },
    "epoch_41": {
        "lwlrap": 0.7357769164731189,
        "loss": 0.11843839500631605
    },
    "epoch_42": {
        "lwlrap": 0.7965918223829616,
        "loss": 0.0997898376413754
    },
    "epoch_43": {
        "lwlrap": 0.75644174742276,
        "loss": 0.12212146925074714
    },
    "epoch_44": {
        "lwlrap": 0.8071780188868796,
        "loss": 0.11307505358542715
    },
    "epoch_45": {
        "lwlrap": 0.7887575153397939,
        "loss": 0.11420070326754025
    },
    "epoch_46": {
        "lwlrap": 0.7878161395566459,
        "loss": 0.11919014581612178
    },
    "epoch_47": {
        "lwlrap": 0.7967318985515188,
        "loss": 0.11150169239512511
    },
    "epoch_48": {
        "lwlrap": 0.8010950371709866,
        "loss": 0.10824017492788178
    },
    "epoch_49": {
        "lwlrap": 0.8035609959660592,
        "loss": 0.10946835896798543
    },
    "epoch_50": {
        "lwlrap": 0.8109453486035765,
        "loss": 0.11111093525375638
    }
}