{
    "best": {
        "lwlrap": 0.791731768445504,
        "loss": 0.992228427529335,
        "epoch": 29
    },
    "last": {
        "lwlrap": 0.7605042016806722,
        "loss": 1.0909632101655007,
        "epoch": 50
    },
    "epoch_1": {
        "lwlrap": 0.206928726766738,
        "loss": 0.53590137809515
    },
    "epoch_2": {
        "lwlrap": 0.2584553426805938,
        "loss": 0.7823549270629883
    },
    "epoch_3": {
        "lwlrap": 0.2696202874060577,
        "loss": 0.7459349215030671
    },
    "epoch_4": {
        "lwlrap": 0.3489902160240058,
        "loss": 0.814441004395485
    },
    "epoch_5": {
        "lwlrap": 0.378163015343035,
        "loss": 0.8059507951140403
    },
    "epoch_6": {
        "lwlrap": 0.43319198949641113,
        "loss": 0.7102130308747292
    },
    "epoch_7": {
        "lwlrap": 0.4644248474305863,
        "loss": 0.7136311769485474
    },
    "epoch_8": {
        "lwlrap": 0.4638680689419882,
        "loss": 0.7308299824595451
    },
    "epoch_9": {
        "lwlrap": 0.5114320564450001,
        "loss": 0.6805919483304024
    },
    "epoch_10": {
        "lwlrap": 0.5161690024362346,
        "loss": 0.6746684059500694
    },
    "epoch_11": {
        "lwlrap": 0.5138730463597907,
        "loss": 0.6709167629480361
    },
    "epoch_12": {
        "lwlrap": 0.521750396865511,
        "loss": 0.6685582503676415
    },
    "epoch_13": {
        "lwlrap": 0.5212892615808841,
        "loss": 0.6853969916701317
    },
    "epoch_14": {
        "lwlrap": 0.5687524893407245,
        "loss": 0.6842616766691207
    },
    "epoch_15": {
        "lwlrap": 0.5881952798957599,
        "loss": 0.7552235126495361
    },
    "epoch_16": {
        "lwlrap": 0.5361836397051227,
        "loss": 0.8216189220547676
    },
    "epoch_17": {
        "lwlrap": 0.6678922385497147,
        "loss": 0.7514003783464431
    },
    "epoch_18": {
        "lwlrap": 0.6078502459600021,
        "loss": 0.6609852731227874
    },
    "epoch_19": {
        "lwlrap": 0.6478623202427083,
        "loss": 0.6495264858007431
    },
    "epoch_20": {
        "lwlrap": 0.6898367750326455,
        "loss": 0.8763822183012963
    },
    "epoch_21": {
        "lwlrap": 0.6678847251651752,
        "loss": 0.9845609232783318
    },
    "epoch_22": {
        "lwlrap": 0.6418298252137623,
        "loss": 0.9646293580532074
    },
    "epoch_23": {
        "lwlrap": 0.7484085291402365,
        "loss": 0.825571621209383
    },
    "epoch_24": {
        "lwlrap": 0.7370373075035916,
        "loss": 0.9072595402598381
    },
    "epoch_25": {
        "lwlrap": 0.7434302959912715,
        "loss": 1.0917320415377616
    },
    "epoch_26": {
        "lwlrap": 0.7630535225721362,
        "loss": 0.8857316642999649
    },
    "epoch_27": {
        "lwlrap": 0.7822146770561027,
        "loss": 0.9997553154826164
    },
    "epoch_28": {
        "lwlrap": 0.7826698321605063,
        "loss": 1.066960972547531
    },
    "epoch_29": {
        "lwlrap": 0.791731768445504,
        "loss": 0.992228427529335
    },
    "epoch_30": {
        "lwlrap": 0.7792980358596155,
        "loss": 0.9959673762321473
    },
    "epoch_31": {
        "lwlrap": 0.7801460909567078,
        "loss": 0.983419106900692
    },
    "epoch_32": {
        "lwlrap": 0.7882941032638986,
        "loss": 0.9982406437397003
    },
    "epoch_33": {
        "lwlrap": 0.7678682418624274,
        "loss": 0.9866692066192627
    },
    "epoch_34": {
        "lwlrap": 0.7636500804857673,
        "loss": 1.0689919382333755
    },
    "epoch_35": {
        "lwlrap": 0.744968585325755,
        "loss": 1.0456901460886001
    },
    "epoch_36": {
        "lwlrap": 0.7294036722085502,
        "loss": 0.971649894118309
    },
    "epoch_37": {
        "lwlrap": 0.6428304527347009,
        "loss": 1.1278419107198716
    },
    "epoch_38": {
        "lwlrap": 0.6818686530271897,
        "loss": 1.0374672085046768
    },
    "epoch_39": {
        "lwlrap": 0.6875738885192937,
        "loss": 0.9692601367831231
    },
    "epoch_40": {
        "lwlrap": 0.6886882967980529,
        "loss": 0.8247034400701523
    },
    "epoch_41": {
        "lwlrap": 0.6736980403623158,
        "loss": 0.9307948678731919
    },
    "epoch_42": {
        "lwlrap": 0.6922153654319705,
        "loss": 1.0223252534866334
    },
    "epoch_43": {
        "lwlrap": 0.707497050299663,
        "loss": 1.1662139743566513
    },
    "epoch_44": {
        "lwlrap": 0.7112033131609512,
        "loss": 1.2152114897966384
    },
    "epoch_45": {
        "lwlrap": 0.7253045386279926,
        "loss": 0.9882814198732376
    },
    "epoch_46": {
        "lwlrap": 0.7751737191550678,
        "loss": 1.098790815472603
    },
    "epoch_47": {
        "lwlrap": 0.7506260310707944,
        "loss": 1.118663838505745
    },
    "epoch_48": {
        "lwlrap": 0.7649643079700469,
        "loss": 1.096022044122219
    },
    "epoch_49": {
        "lwlrap": 0.7673683131789301,
        "loss": 1.1018978297710418
    },
    "epoch_50": {
        "lwlrap": 0.7605042016806722,
        "loss": 1.0909632101655007
    }
}