{
  "best": {
    "epoch_lwlrap": 0.8523921394130454,
    "loss": 0.024227972691639874,
    "lwlrap": 0.851845401448576
  },
  "last": {
    "epoch_lwlrap": 0.8310785807301487,
    "loss": 0.02965393839847474,
    "lwlrap": 0.8308742023027738
  },
  "train.46": {
    "epoch_lwlrap": 0.8523921394130454,
    "loss": 0.024227972691639874,
    "lwlrap": 0.851845401448576
  },
  "epoch_0": [
    "out/122_117_random_sampling_rate_and_duration/fold2/checkpoints/train.1.pth",
    0.23975777089211447,
    {
      "epoch_lwlrap": 0.23975777089211447,
      "loss": 0.056290003269801644,
      "lwlrap": 0.24012374568101258
    }
  ],
  "epoch_1": [
    "out/122_117_random_sampling_rate_and_duration/fold2/checkpoints/train.2.pth",
    0.2959077932433656,
    {
      "epoch_lwlrap": 0.2959077932433656,
      "loss": 0.05045203501597429,
      "lwlrap": 0.29545741106551576
    }
  ],
  "epoch_2": [
    "out/122_117_random_sampling_rate_and_duration/fold2/checkpoints/train.3.pth",
    0.3499242722582265,
    {
      "epoch_lwlrap": 0.3499242722582265,
      "loss": 0.04931421815366535,
      "lwlrap": 0.3501992401584034
    }
  ],
  "epoch_3": [
    "out/122_117_random_sampling_rate_and_duration/fold2/checkpoints/train.4.pth",
    0.4101813231928849,
    {
      "epoch_lwlrap": 0.4101813231928849,
      "loss": 0.04644014488482649,
      "lwlrap": 0.41043655020646364
    }
  ],
  "epoch_4": [
    "out/122_117_random_sampling_rate_and_duration/fold2/checkpoints/train.5.pth",
    0.47653879633429475,
    {
      "epoch_lwlrap": 0.47653879633429475,
      "loss": 0.047163862543992505,
      "lwlrap": 0.4759983522024843
    }
  ],
  "epoch_5": [
    "out/122_117_random_sampling_rate_and_duration/fold2/checkpoints/train.6.pth",
    0.50998470282159,
    {
      "epoch_lwlrap": 0.50998470282159,
      "loss": 0.04325590128481606,
      "lwlrap": 0.5115372882842598
    }
  ],
  "epoch_6": [
    "out/122_117_random_sampling_rate_and_duration/fold2/checkpoints/train.7.pth",
    0.5553287764980466,
    {
      "epoch_lwlrap": 0.5553287764980466,
      "loss": 0.041940753890590356,
      "lwlrap": 0.55681925139553
    }
  ],
  "epoch_7": [
    "out/122_117_random_sampling_rate_and_duration/fold2/checkpoints/train.8.pth",
    0.5709405444688775,
    {
      "epoch_lwlrap": 0.5709405444688775,
      "loss": 0.04033142230012915,
      "lwlrap": 0.5715081225138419
    }
  ],
  "epoch_8": [
    "out/122_117_random_sampling_rate_and_duration/fold2/checkpoints/train.9.pth",
    0.5630307199168376,
    {
      "epoch_lwlrap": 0.5630307199168376,
      "loss": 0.039490774110123354,
      "lwlrap": 0.5640782983820063
    }
  ],
  "epoch_9": [
    "out/122_117_random_sampling_rate_and_duration/fold2/checkpoints/train.10.pth",
    0.5723227649513505,
    {
      "epoch_lwlrap": 0.5723227649513505,
      "loss": 0.03880130625142282,
      "lwlrap": 0.5733144813567873
    }
  ],
  "epoch_10": [
    "out/122_117_random_sampling_rate_and_duration/fold2/checkpoints/train.11.pth",
    0.579516898069287,
    {
      "epoch_lwlrap": 0.579516898069287,
      "loss": 0.0386242697991076,
      "lwlrap": 0.5799922502672022
    }
  ],
  "epoch_11": [
    "out/122_117_random_sampling_rate_and_duration/fold2/checkpoints/train.12.pth",
    0.5746927994007314,
    {
      "epoch_lwlrap": 0.5746927994007314,
      "loss": 0.038883341019188535,
      "lwlrap": 0.5750230184188383
    }
  ],
  "epoch_12": [
    "out/122_117_random_sampling_rate_and_duration/fold2/checkpoints/train.13.pth",
    0.6023354258981437,
    {
      "epoch_lwlrap": 0.6023354258981437,
      "loss": 0.03758021246218856,
      "lwlrap": 0.6030697985368315
    }
  ],
  "epoch_13": [
    "out/122_117_random_sampling_rate_and_duration/fold2/checkpoints/train.14.pth",
    0.5928640189374972,
    {
      "epoch_lwlrap": 0.5928640189374972,
      "loss": 0.037158999018944226,
      "lwlrap": 0.594047739138596
    }
  ],
  "epoch_14": [
    "out/122_117_random_sampling_rate_and_duration/fold2/checkpoints/train.15.pth",
    0.5967693504714411,
    {
      "epoch_lwlrap": 0.5967693504714411,
      "loss": 0.03612394113734965,
      "lwlrap": 0.5971045719214217
    }
  ],
  "epoch_15": [
    "out/122_117_random_sampling_rate_and_duration/fold2/checkpoints/train.16.pth",
    0.6523583172537877,
    {
      "epoch_lwlrap": 0.6523583172537877,
      "loss": 0.0338150262696184,
      "lwlrap": 0.6521791622982099
    }
  ],
  "epoch_16": [
    "out/122_117_random_sampling_rate_and_duration/fold2/checkpoints/train.17.pth",
    0.7129487140811184,
    {
      "epoch_lwlrap": 0.7129487140811184,
      "loss": 0.0314495844746029,
      "lwlrap": 0.7128616872511866
    }
  ],
  "epoch_17": [
    "out/122_117_random_sampling_rate_and_duration/fold2/checkpoints/train.18.pth",
    0.6125855961873631,
    {
      "epoch_lwlrap": 0.6125855961873631,
      "loss": 0.03537429429781743,
      "lwlrap": 0.612388048159612
    }
  ],
  "epoch_18": [
    "out/122_117_random_sampling_rate_and_duration/fold2/checkpoints/train.19.pth",
    0.6789935108161178,
    {
      "epoch_lwlrap": 0.6789935108161178,
      "loss": 0.03515484626149083,
      "lwlrap": 0.6786228594522424
    }
  ],
  "epoch_19": [
    "out/122_117_random_sampling_rate_and_duration/fold2/checkpoints/train.20.pth",
    0.7101433923779421,
    {
      "epoch_lwlrap": 0.7101433923779421,
      "loss": 0.029294503750381888,
      "lwlrap": 0.7091911928040712
    }
  ],
  "epoch_20": [
    "out/122_117_random_sampling_rate_and_duration/fold2/checkpoints/train.21.pth",
    0.726078365566478,
    {
      "epoch_lwlrap": 0.726078365566478,
      "loss": 0.0368757294183904,
      "lwlrap": 0.7250617158880465
    }
  ],
  "epoch_21": [
    "out/122_117_random_sampling_rate_and_duration/fold2/checkpoints/train.22.pth",
    0.7600518559623639,
    {
      "epoch_lwlrap": 0.7600518559623639,
      "loss": 0.028610399327217005,
      "lwlrap": 0.7593449801260996
    }
  ],
  "epoch_22": [
    "out/122_117_random_sampling_rate_and_duration/fold2/checkpoints/train.23.pth",
    0.7864692846835704,
    {
      "epoch_lwlrap": 0.7864692846835704,
      "loss": 0.02609316023551064,
      "lwlrap": 0.7855903897570564
    }
  ],
  "epoch_23": [
    "out/122_117_random_sampling_rate_and_duration/fold2/checkpoints/train.24.pth",
    0.7786979373979515,
    {
      "epoch_lwlrap": 0.7786979373979515,
      "loss": 0.028822241603454826,
      "lwlrap": 0.778436105977622
    }
  ],
  "epoch_24": [
    "out/122_117_random_sampling_rate_and_duration/fold2/checkpoints/train.25.pth",
    0.805095818815331,
    {
      "epoch_lwlrap": 0.805095818815331,
      "loss": 0.026408460782670277,
      "lwlrap": 0.8054210083971989
    }
  ],
  "epoch_25": [
    "out/122_117_random_sampling_rate_and_duration/fold2/checkpoints/train.26.pth",
    0.8227895791894562,
    {
      "epoch_lwlrap": 0.8227895791894562,
      "loss": 0.026573706145360792,
      "lwlrap": 0.8231032940443629
    }
  ],
  "epoch_26": [
    "out/122_117_random_sampling_rate_and_duration/fold2/checkpoints/train.27.pth",
    0.8450573133909882,
    {
      "epoch_lwlrap": 0.8450573133909882,
      "loss": 0.02311891711729787,
      "lwlrap": 0.8450998435592273
    }
  ],
  "epoch_27": [
    "out/122_117_random_sampling_rate_and_duration/fold2/checkpoints/train.28.pth",
    0.8313978655877611,
    {
      "epoch_lwlrap": 0.8313978655877611,
      "loss": 0.025155277834052133,
      "lwlrap": 0.8311566146578357
    }
  ],
  "epoch_28": [
    "out/122_117_random_sampling_rate_and_duration/fold2/checkpoints/train.29.pth",
    0.8402389035664297,
    {
      "epoch_lwlrap": 0.8402389035664297,
      "loss": 0.023715467993920537,
      "lwlrap": 0.8405818023339391
    }
  ],
  "epoch_29": [
    "out/122_117_random_sampling_rate_and_duration/fold2/checkpoints/train.30.pth",
    0.8355757249741672,
    {
      "epoch_lwlrap": 0.8355757249741672,
      "loss": 0.024953045810644444,
      "lwlrap": 0.8354987456025307
    }
  ],