{
  "best": {
    "epoch_lwlrap": 0.8870327977107637,
    "loss": 0.2870972328622576,
    "lwlrap": 0.8866728560226759
  },
  "last": {
    "epoch_lwlrap": 0.8517105070071171,
    "loss": 0.2745066557971525,
    "lwlrap": 0.8509652745578475
  },
  "train.53": {
    "epoch_lwlrap": 0.8870327977107637,
    "loss": 0.2870972328622576,
    "lwlrap": 0.8866728560226759
  },
  "epoch_0": [
    "out/083_ResNest_LogmelMixup/fold0/checkpoints/train.1.pth",
    0.21941592360636714,
    {
      "epoch_lwlrap": 0.21941592360636714,
      "loss": 0.7793650350100557,
      "lwlrap": 0.21817079312258775
    }
  ],
  "epoch_1": [
    "out/083_ResNest_LogmelMixup/fold0/checkpoints/train.2.pth",
    0.25740647492182356,
    {
      "epoch_lwlrap": 0.25740647492182356,
      "loss": 0.7001677298210036,
      "lwlrap": 0.25607999916824836
    }
  ],
  "epoch_2": [
    "out/083_ResNest_LogmelMixup/fold0/checkpoints/train.3.pth",
    0.25124354331274756,
    {
      "epoch_lwlrap": 0.25124354331274756,
      "loss": 0.7087286181852851,
      "lwlrap": 0.2499577526500602
    }
  ],
  "epoch_3": [
    "out/083_ResNest_LogmelMixup/fold0/checkpoints/train.4.pth",
    0.28227579258491675,
    {
      "epoch_lwlrap": 0.28227579258491675,
      "loss": 0.6845452953392351,
      "lwlrap": 0.281247060359899
    }
  ],
  "epoch_4": [
    "out/083_ResNest_LogmelMixup/fold0/checkpoints/train.5.pth",
    0.2700962037604455,
    {
      "epoch_lwlrap": 0.2700962037604455,
      "loss": 0.6965806803233188,
      "lwlrap": 0.2685818891816322
    }
  ],
  "epoch_5": [
    "out/083_ResNest_LogmelMixup/fold0/checkpoints/train.6.pth",
    0.2899670740002091,
    {
      "epoch_lwlrap": 0.2899670740002091,
      "loss": 0.6717577131701188,
      "lwlrap": 0.28848752343150624
    }
  ],
  "epoch_6": [
    "out/083_ResNest_LogmelMixup/fold0/checkpoints/train.7.pth",
    0.3400501437672533,
    {
      "epoch_lwlrap": 0.3400501437672533,
      "loss": 0.6279174828193557,
      "lwlrap": 0.33832074630131065
    }
  ],
  "epoch_7": [
    "out/083_ResNest_LogmelMixup/fold0/checkpoints/train.8.pth",
    0.3383160522653599,
    {
      "epoch_lwlrap": 0.3383160522653599,
      "loss": 0.6464470179987626,
      "lwlrap": 0.3371320344145558
    }
  ],
  "epoch_8": [
    "out/083_ResNest_LogmelMixup/fold0/checkpoints/train.9.pth",
    0.34506079289825303,
    {
      "epoch_lwlrap": 0.34506079289825303,
      "loss": 0.6413711435358289,
      "lwlrap": 0.34409789523519085
    }
  ],
  "epoch_9": [
    "out/083_ResNest_LogmelMixup/fold0/checkpoints/train.10.pth",
    0.34809765454284414,
    {
      "epoch_lwlrap": 0.34809765454284414,
      "loss": 0.6343104444758993,
      "lwlrap": 0.34678872450635045
    }
  ],
  "epoch_10": [
    "out/083_ResNest_LogmelMixup/fold0/checkpoints/train.11.pth",
    0.35747418791134894,
    {
      "epoch_lwlrap": 0.35747418791134894,
      "loss": 0.6327025176773609,
      "lwlrap": 0.35636860241153473
    }
  ],
  "epoch_11": [
    "out/083_ResNest_LogmelMixup/fold0/checkpoints/train.12.pth",
    0.3521033393625343,
    {
      "epoch_lwlrap": 0.3521033393625343,
      "loss": 0.6302776445805187,
      "lwlrap": 0.3511428706738706
    }
  ],
  "epoch_12": [
    "out/083_ResNest_LogmelMixup/fold0/checkpoints/train.13.pth",
    0.3600514598395954,
    {
      "epoch_lwlrap": 0.3600514598395954,
      "loss": 0.6352083859309343,
      "lwlrap": 0.35812139110199137
    }
  ],
  "epoch_13": [
    "out/083_ResNest_LogmelMixup/fold0/checkpoints/train.14.pth",
    0.3896837216660356,
    {
      "epoch_lwlrap": 0.3896837216660356,
      "loss": 0.6245890427643145,
      "lwlrap": 0.3887509485037762
    }
  ],
  "epoch_14": [
    "out/083_ResNest_LogmelMixup/fold0/checkpoints/train.15.pth",
    0.42287260701628004,
    {
      "epoch_lwlrap": 0.42287260701628004,
      "loss": 0.6036929278306559,
      "lwlrap": 0.42215264865832286
    }
  ],
  "epoch_15": [
    "out/083_ResNest_LogmelMixup/fold0/checkpoints/train.16.pth",
    0.3879829361778252,
    {
      "epoch_lwlrap": 0.3879829361778252,
      "loss": 0.628081995836446,
      "lwlrap": 0.38745789403431546
    }
  ],
  "epoch_16": [
    "out/083_ResNest_LogmelMixup/fold0/checkpoints/train.17.pth",
    0.4517321132949249,
    {
      "epoch_lwlrap": 0.4517321132949249,
      "loss": 0.5918087052627349,
      "lwlrap": 0.45022573892969736
    }
  ],
  "epoch_17": [
    "out/083_ResNest_LogmelMixup/fold0/checkpoints/train.18.pth",
    0.42367253868145927,
    {
      "epoch_lwlrap": 0.42367253868145927,
      "loss": 0.5701208215364268,
      "lwlrap": 0.42220981054938883
    }
  ],
  "epoch_18": [
    "out/083_ResNest_LogmelMixup/fold0/checkpoints/train.19.pth",
    0.44219918889323717,
    {
      "epoch_lwlrap": 0.44219918889323717,
      "loss": 0.6022725776887276,
      "lwlrap": 0.4419701473737232
    }
  ],
  "epoch_19": [
    "out/083_ResNest_LogmelMixup/fold0/checkpoints/train.20.pth",
    0.5029209491073897,
    {
      "epoch_lwlrap": 0.5029209491073897,
      "loss": 0.5523201285953253,
      "lwlrap": 0.5027223978266917
    }
  ],
  "epoch_20": [
    "out/083_ResNest_LogmelMixup/fold0/checkpoints/train.21.pth",
    0.5060688271960234,
    {
      "epoch_lwlrap": 0.5060688271960234,
      "loss": 0.5509561212129996,
      "lwlrap": 0.5060397297257408
    }
  ],
  "epoch_21": [
    "out/083_ResNest_LogmelMixup/fold0/checkpoints/train.22.pth",
    0.5516588523916539,
    {
      "epoch_lwlrap": 0.5516588523916539,
      "loss": 0.4786126449914046,
      "lwlrap": 0.5516768563527056
    }
  ],
  "epoch_22": [
    "out/083_ResNest_LogmelMixup/fold0/checkpoints/train.23.pth",
    0.5640409097208436,
    {
      "epoch_lwlrap": 0.5640409097208436,
      "loss": 0.5642547204460897,
      "lwlrap": 0.5631250030401749
    }
  ],
  "epoch_23": [
    "out/083_ResNest_LogmelMixup/fold0/checkpoints/train.24.pth",
    0.7039182380707805,
    {
      "epoch_lwlrap": 0.7039182380707805,
      "loss": 0.39648015692200456,
      "lwlrap": 0.704274391195229
    }
  ],
  "epoch_24": [
    "out/083_ResNest_LogmelMixup/fold0/checkpoints/train.25.pth",
    0.7620780316393476,
    {
      "epoch_lwlrap": 0.7620780316393476,
      "loss": 0.43085895835513804,
      "lwlrap": 0.7621378376838948
    }
  ],
  "epoch_25": [
    "out/083_ResNest_LogmelMixup/fold0/checkpoints/train.26.pth",
    0.793756977485791,
    {
      "epoch_lwlrap": 0.793756977485791,
      "loss": 0.40564696679652573,
      "lwlrap": 0.7928693588642447
    }
  ],
  "epoch_26": [
    "out/083_ResNest_LogmelMixup/fold0/checkpoints/train.27.pth",
    0.7896166263115416,
    {
      "epoch_lwlrap": 0.7896166263115416,
      "loss": 0.3518262576888984,
      "lwlrap": 0.7895102734093071
    }
  ],
  "epoch_27": [
    "out/083_ResNest_LogmelMixup/fold0/checkpoints/train.28.pth",
    0.8141068065644337,
    {
      "epoch_lwlrap": 0.8141068065644337,
      "loss": 0.3484415361579036,
      "lwlrap": 0.8139452317617237
    }
  ],
  "epoch_28": [
    "out/083_ResNest_LogmelMixup/fold0/checkpoints/train.29.pth",
    0.8140272345357091,
    {
      "epoch_lwlrap": 0.8140272345357091,
      "loss": 0.3684404043244644,
      "lwlrap": 0.8137223423662991
    }
  ],
  "epoch_29": [
    "out/083_ResNest_LogmelMixup/fold0/checkpoints/train.30.pth",
    0.8153201694727119,
    {
      "epoch_lwlrap": 0.8153201694727119,
      "loss": 0.3513374702191689,
      "lwlrap": 0.8151271748372588
    }
  ],
  "epoch_30": [
    "out/083_ResNest_LogmelMixup/fold0/checkpoints/train.31.pth",
    0.8129784212685508,
    {
      "epoch_lwlrap": 0.8129784212685508,
      "loss": 0.3556183496831169,
      "lwlrap": 0.8127180497956108
    }
  ],
  "epoch_31": [
    "out/083_ResNest_LogmelMixup/fold0/checkpoints/train.32.pth",
    0.839149852031208,
    {
      "epoch_lwlrap": 0.839149852031208,
      "loss": 0.3628465860662326,
      "lwlrap": 0.8389609296606513
    }
  ],