{
    "best": {
        "lwlrap": 0.8482142857142858,
        "loss": 0.16211126857372218,
        "epoch": 28
    },
    "last": {
        "lwlrap": 0.8389880952380953,
        "loss": 0.16746801259212715,
        "epoch": 50
    },
    "epoch_1": {
        "lwlrap": 0.6089285714285715,
        "loss": 0.17345551176126614
    },
    "epoch_2": {
        "lwlrap": 0.7017857142857143,
        "loss": 0.2000716054855391
    },
    "epoch_3": {
        "lwlrap": 0.7276785714285714,
        "loss": 0.1591942436819853
    },
    "epoch_4": {
        "lwlrap": 0.6946428571428571,
        "loss": 0.18934360657667004
    },
    "epoch_5": {
        "lwlrap": 0.7491071428571429,
        "loss": 0.20792480809397476
    },
    "epoch_6": {
        "lwlrap": 0.7324404761904761,
        "loss": 0.18220357336970264
    },
    "epoch_7": {
        "lwlrap": 0.7571428571428572,
        "loss": 0.2031708264420199
    },
    "epoch_8": {
        "lwlrap": 0.7633928571428572,
        "loss": 0.13716587926759277
    },
    "epoch_9": {
        "lwlrap": 0.7773809523809525,
        "loss": 0.1785577221578637
    },
    "epoch_10": {
        "lwlrap": 0.7848214285714286,
        "loss": 0.1709379166537939
    },
    "epoch_11": {
        "lwlrap": 0.7842261904761905,
        "loss": 0.17027495775458423
    },
    "epoch_12": {
        "lwlrap": 0.7738095238095238,
        "loss": 0.1663455644319224
    },
    "epoch_13": {
        "lwlrap": 0.7625,
        "loss": 0.14281792280285857
    },
    "epoch_14": {
        "lwlrap": 0.7818452380952381,
        "loss": 0.16382660749260075
    },
    "epoch_15": {
        "lwlrap": 0.8065476190476191,
        "loss": 0.13582586644347325
    },
    "epoch_16": {
        "lwlrap": 0.78125,
        "loss": 0.15490511311001556
    },
    "epoch_17": {
        "lwlrap": 0.7104166666666667,
        "loss": 0.15880173834603886
    },
    "epoch_18": {
        "lwlrap": 0.7639880952380953,
        "loss": 0.16384430147360923
    },
    "epoch_19": {
        "lwlrap": 0.6175595238095237,
        "loss": 0.17857003437225208
    },
    "epoch_20": {
        "lwlrap": 0.7645833333333334,
        "loss": 0.19220597344602264
    },
    "epoch_21": {
        "lwlrap": 0.83125,
        "loss": 0.2215504214860672
    },
    "epoch_22": {
        "lwlrap": 0.7104166666666667,
        "loss": 0.1809871052716707
    },
    "epoch_23": {
        "lwlrap": 0.7711522108843538,
        "loss": 0.1984565235501112
    },
    "epoch_24": {
        "lwlrap": 0.7741071428571429,
        "loss": 0.1546218151789765
    },
    "epoch_25": {
        "lwlrap": 0.7833333333333332,
        "loss": 0.14483331051806725
    },
    "epoch_26": {
        "lwlrap": 0.7863095238095239,
        "loss": 0.20107452341810214
    },
    "epoch_27": {
        "lwlrap": 0.8458333333333334,
        "loss": 0.14433074428504983
    },
    "epoch_28": {
        "lwlrap": 0.8482142857142858,
        "loss": 0.16211126857372218
    },
    "epoch_29": {
        "lwlrap": 0.8211309523809524,
        "loss": 0.15121072816640832
    },
    "epoch_30": {
        "lwlrap": 0.8264880952380953,
        "loss": 0.15901240097835315
    },
    "epoch_31": {
        "lwlrap": 0.8235119047619048,
        "loss": 0.1530021266405319
    },
    "epoch_32": {
        "lwlrap": 0.8226190476190476,
        "loss": 0.15988841113569432
    },
    "epoch_33": {
        "lwlrap": 0.8041666666666667,
        "loss": 0.16677900217473507
    },
    "epoch_34": {
        "lwlrap": 0.8279761904761904,
        "loss": 0.17684282219513905
    },
    "epoch_35": {
        "lwlrap": 0.8080357142857143,
        "loss": 0.16764859222742015
    },
    "epoch_36": {
        "lwlrap": 0.8047619047619049,
        "loss": 0.3094632370007593
    },
    "epoch_37": {
        "lwlrap": 0.8407738095238095,
        "loss": 0.17041448482074018
    },
    "epoch_38": {
        "lwlrap": 0.7776147959183674,
        "loss": 0.20081361742733522
    },
    "epoch_39": {
        "lwlrap": 0.7678571428571428,
        "loss": 0.18442181233576563
    },
    "epoch_40": {
        "lwlrap": 0.8235119047619047,
        "loss": 0.1688421984138184
    },
    "epoch_41": {
        "lwlrap": 0.7961309523809524,
        "loss": 0.16423724927441324
    },
    "epoch_42": {
        "lwlrap": 0.7431547619047619,
        "loss": 0.18309263785391353
    },
    "epoch_43": {
        "lwlrap": 0.7297619047619048,
        "loss": 0.20833061072368955
    },
    "epoch_44": {
        "lwlrap": 0.7788690476190476,
        "loss": 0.21267017657153828
    },
    "epoch_45": {
        "lwlrap": 0.8339285714285714,
        "loss": 0.1135147652956982
    },
    "epoch_46": {
        "lwlrap": 0.8160714285714286,
        "loss": 0.16712691972768584
    },
    "epoch_47": {
        "lwlrap": 0.8318452380952381,
        "loss": 0.13813280101952163
    },
    "epoch_48": {
        "lwlrap": 0.8211309523809525,
        "loss": 0.14901894473925578
    },
    "epoch_49": {
        "lwlrap": 0.8279761904761904,
        "loss": 0.16574903744337863
    },
    "epoch_50": {
        "lwlrap": 0.8389880952380953,
        "loss": 0.16746801259212715
    }
}