{
  "best": {
    "epoch_lwlrap": 0.8926572574598891,
    "loss": 0.018554478993310648,
    "lwlrap": 0.8929335251869529
  },
  "last": {
    "epoch_lwlrap": 0.8914974067112225,
    "loss": 0.017631262384292457,
    "lwlrap": 0.8918222259664099
  },
  "train.54": {
    "epoch_lwlrap": 0.8926572574598891,
    "loss": 0.018554478993310648,
    "lwlrap": 0.8929335251869529
  },
  "epoch_0": [
    "out/116_114_effnetb0_img_size_adjusted/fold0/checkpoints/train.1.pth",
    0.2757675410425612,
    {
      "epoch_lwlrap": 0.2757675410425612,
      "loss": 0.05044469137151702,
      "lwlrap": 0.2753557969941727
    }
  ],
  "epoch_1": [
    "out/116_114_effnetb0_img_size_adjusted/fold0/checkpoints/train.2.pth",
    0.3416462733075206,
    {
      "epoch_lwlrap": 0.3416462733075206,
      "loss": 0.04555012655107915,
      "lwlrap": 0.3409969958758888
    }
  ],
  "epoch_2": [
    "out/116_114_effnetb0_img_size_adjusted/fold0/checkpoints/train.3.pth",
    0.440578724507353,
    {
      "epoch_lwlrap": 0.440578724507353,
      "loss": 0.04047975902046476,
      "lwlrap": 0.44051101661205805
    }
  ],
  "epoch_3": [
    "out/116_114_effnetb0_img_size_adjusted/fold0/checkpoints/train.4.pth",
    0.5415827294552139,
    {
      "epoch_lwlrap": 0.5415827294552139,
      "loss": 0.040806512590967306,
      "lwlrap": 0.5410377523086074
    }
  ],
  "epoch_4": [
    "out/116_114_effnetb0_img_size_adjusted/fold0/checkpoints/train.5.pth",
    0.5933425330116506,
    {
      "epoch_lwlrap": 0.5933425330116506,
      "loss": 0.03489802771506189,
      "lwlrap": 0.5928480719561857
    }
  ],
  "epoch_5": [
    "out/116_114_effnetb0_img_size_adjusted/fold0/checkpoints/train.6.pth",
    0.6532254737150247,
    {
      "epoch_lwlrap": 0.6532254737150247,
      "loss": 0.03132706119858918,
      "lwlrap": 0.653397767869524
    }
  ],
  "epoch_6": [
    "out/116_114_effnetb0_img_size_adjusted/fold0/checkpoints/train.7.pth",
    0.6965189821072173,
    {
      "epoch_lwlrap": 0.6965189821072173,
      "loss": 0.028275981263703658,
      "lwlrap": 0.6961828538588655
    }
  ],
  "epoch_7": [
    "out/116_114_effnetb0_img_size_adjusted/fold0/checkpoints/train.8.pth",
    0.701829890251006,
    {
      "epoch_lwlrap": 0.701829890251006,
      "loss": 0.027518725539205455,
      "lwlrap": 0.7013714271502233
    }
  ],
  "epoch_8": [
    "out/116_114_effnetb0_img_size_adjusted/fold0/checkpoints/train.9.pth",
    0.7026644131331632,
    {
      "epoch_lwlrap": 0.7026644131331632,
      "loss": 0.027548192366331565,
      "lwlrap": 0.7022665556954273
    }
  ],
  "epoch_9": [
    "out/116_114_effnetb0_img_size_adjusted/fold0/checkpoints/train.10.pth",
    0.7074397629660787,
    {
      "epoch_lwlrap": 0.7074397629660787,
      "loss": 0.02701213727353,
      "lwlrap": 0.7068680600398551
    }
  ],
  "epoch_10": [
    "out/116_114_effnetb0_img_size_adjusted/fold0/checkpoints/train.11.pth",
    0.7099424897678575,
    {
      "epoch_lwlrap": 0.7099424897678575,
      "loss": 0.0271411138359739,
      "lwlrap": 0.7096689131242659
    }
  ],
  "epoch_11": [
    "out/116_114_effnetb0_img_size_adjusted/fold0/checkpoints/train.12.pth",
    0.7115926509492685,
    {
      "epoch_lwlrap": 0.7115926509492685,
      "loss": 0.026811733481889012,
      "lwlrap": 0.711195108295419
    }
  ],
  "epoch_12": [
    "out/116_114_effnetb0_img_size_adjusted/fold0/checkpoints/train.13.pth",
    0.7131135605951782,
    {
      "epoch_lwlrap": 0.7131135605951782,
      "loss": 0.025955388682479617,
      "lwlrap": 0.7127368177753037
    }
  ],
  "epoch_13": [
    "out/116_114_effnetb0_img_size_adjusted/fold0/checkpoints/train.14.pth",
    0.732647052022052,
    {
      "epoch_lwlrap": 0.732647052022052,
      "loss": 0.02432269067699168,
      "lwlrap": 0.7325332980344985
    }
  ],
  "epoch_14": [
    "out/116_114_effnetb0_img_size_adjusted/fold0/checkpoints/train.15.pth",
    0.7401651357901358,
    {
      "epoch_lwlrap": 0.7401651357901358,
      "loss": 0.02326876649773922,
      "lwlrap": 0.7396757448678217
    }
  ],
  "epoch_15": [
    "out/116_114_effnetb0_img_size_adjusted/fold0/checkpoints/train.16.pth",
    0.7531542201670878,
    {
      "epoch_lwlrap": 0.7531542201670878,
      "loss": 0.02521089799389118,
      "lwlrap": 0.7530053313856542
    }
  ],
  "epoch_16": [
    "out/116_114_effnetb0_img_size_adjusted/fold0/checkpoints/train.17.pth",
    0.7928374518999519,
    {
      "epoch_lwlrap": 0.7928374518999519,
      "loss": 0.020590173651879075,
      "lwlrap": 0.792475626614282
    }
  ],
  "epoch_17": [
    "out/116_114_effnetb0_img_size_adjusted/fold0/checkpoints/train.18.pth",
    0.7949389730639731,
    {
      "epoch_lwlrap": 0.7949389730639731,
      "loss": 0.020334855614214383,
      "lwlrap": 0.7946950930444329
    }
  ],
  "epoch_18": [
    "out/116_114_effnetb0_img_size_adjusted/fold0/checkpoints/train.19.pth",
    0.7792949585137084,
    {
      "epoch_lwlrap": 0.7792949585137084,
      "loss": 0.02211111829373516,
      "lwlrap": 0.7789525658748349
    }
  ],
  "epoch_19": [
    "out/116_114_effnetb0_img_size_adjusted/fold0/checkpoints/train.20.pth",
    0.8041112764550264,
    {
      "epoch_lwlrap": 0.8041112764550264,
      "loss": 0.020924781433486635,
      "lwlrap": 0.8040414181545634
    }
  ],
  "epoch_20": [
    "out/116_114_effnetb0_img_size_adjusted/fold0/checkpoints/train.21.pth",
    0.8415302579365079,
    {
      "epoch_lwlrap": 0.8415302579365079,
      "loss": 0.017912422275530693,
      "lwlrap": 0.841482426303855
    }
  ],
  "epoch_21": [
    "out/116_114_effnetb0_img_size_adjusted/fold0/checkpoints/train.22.pth",
    0.8477637235449735,
    {
      "epoch_lwlrap": 0.8477637235449735,
      "loss": 0.017079072926162172,
      "lwlrap": 0.8477974523142591
    }
  ],
  "epoch_22": [
    "out/116_114_effnetb0_img_size_adjusted/fold0/checkpoints/train.23.pth",
    0.8298159595034595,
    {
      "epoch_lwlrap": 0.8298159595034595,
      "loss": 0.020351561662905356,
      "lwlrap": 0.8297957827819773
    }
  ],
  "epoch_23": [
    "out/116_114_effnetb0_img_size_adjusted/fold0/checkpoints/train.24.pth",
    0.8356864778739779,
    {
      "epoch_lwlrap": 0.8356864778739779,
      "loss": 0.018602151071511898,
      "lwlrap": 0.8358207424383896
    }
  ],
  "epoch_24": [
    "out/116_114_effnetb0_img_size_adjusted/fold0/checkpoints/train.25.pth",
    0.869921611952862,
    {
      "epoch_lwlrap": 0.869921611952862,
      "loss": 0.016142856940126217,
      "lwlrap": 0.870157381134272
    }
  ],
  "epoch_25": [
    "out/116_114_effnetb0_img_size_adjusted/fold0/checkpoints/train.26.pth",
    0.8771839387464387,
    {
      "epoch_lwlrap": 0.8771839387464387,
      "loss": 0.015199248882464501,
      "lwlrap": 0.8774334947654275
    }
  ],
  "epoch_26": [
    "out/116_114_effnetb0_img_size_adjusted/fold0/checkpoints/train.27.pth",
    0.8771185064935064,
    {
      "epoch_lwlrap": 0.8771185064935064,
      "loss": 0.01498014562051086,
      "lwlrap": 0.8772047347077359
    }
  ],
  "epoch_27": [
    "out/116_114_effnetb0_img_size_adjusted/fold0/checkpoints/train.28.pth",
    0.8792810545935547,
    {
      "epoch_lwlrap": 0.8792810545935547,
      "loss": 0.014391575705166124,
      "lwlrap": 0.879403644574713
    }
  ],
  "epoch_28": [
    "out/116_114_effnetb0_img_size_adjusted/fold0/checkpoints/train.29.pth",
    0.8685269360269361,
    {
      "epoch_lwlrap": 0.8685269360269361,
      "loss": 0.014895272425555882,
      "lwlrap": 0.868683736120711
    }
  ],
  "epoch_29": [
    "out/116_114_effnetb0_img_size_adjusted/fold0/checkpoints/train.30.pth",
    0.8758449074074074,
    {
      "epoch_lwlrap": 0.8758449074074074,
      "loss": 0.01480174808911666,
      "lwlrap": 0.8759631630429949
    }
  ],
  "epoch_30": [
    "out/116_114_effnetb0_img_size_adjusted/fold0/checkpoints/train.31.pth",
    0.8731386784511784,
    {
      "epoch_lwlrap": 0.8731386784511784,
      "loss": 0.014917750475035995,
      "lwlrap": 0.8733312011673355
    }
  ],