{
    "best": {
        "lwlrap": 0.9055555555555554,
        "loss": 0.394835177809,
        "epoch": 50
    },
    "last": {
        "lwlrap": 0.9055555555555554,
        "loss": 0.394835177809,
        "epoch": 50
    },
    "epoch_1": {
        "lwlrap": 0.27925049633124965,
        "loss": 1.0806157514452934
    },
    "epoch_2": {
        "lwlrap": 0.34918450603499623,
        "loss": 0.8712472394108772
    },
    "epoch_3": {
        "lwlrap": 0.4005943873378084,
        "loss": 0.8932982012629509
    },
    "epoch_4": {
        "lwlrap": 0.4794597763347763,
        "loss": 0.7783731147646904
    },
    "epoch_5": {
        "lwlrap": 0.5091914076014953,
        "loss": 0.7346152737736702
    },
    "epoch_6": {
        "lwlrap": 0.6143077601410935,
        "loss": 0.6624231413006783
    },
    "epoch_7": {
        "lwlrap": 0.6053393674227008,
        "loss": 0.665185235440731
    },
    "epoch_8": {
        "lwlrap": 0.6831948452781786,
        "loss": 0.5965164378285408
    },
    "epoch_9": {
        "lwlrap": 0.6881075637325637,
        "loss": 0.5699624121189117
    },
    "epoch_10": {
        "lwlrap": 0.691819885361552,
        "loss": 0.5646020919084549
    },
    "epoch_11": {
        "lwlrap": 0.694974847683181,
        "loss": 0.5584096610546112
    },
    "epoch_12": {
        "lwlrap": 0.697148569023569,
        "loss": 0.558099128305912
    },
    "epoch_13": {
        "lwlrap": 0.696956569664903,
        "loss": 0.5519598126411438
    },
    "epoch_14": {
        "lwlrap": 0.7075975204896773,
        "loss": 0.5704986080527306
    },
    "epoch_15": {
        "lwlrap": 0.6551168430335097,
        "loss": 0.7330186367034912
    },
    "epoch_16": {
        "lwlrap": 0.724186507936508,
        "loss": 0.5670911222696304
    },
    "epoch_17": {
        "lwlrap": 0.7197665143498476,
        "loss": 0.6073572412133217
    },
    "epoch_18": {
        "lwlrap": 0.7167989417989418,
        "loss": 0.6013062745332718
    },
    "epoch_19": {
        "lwlrap": 0.7078854633021299,
        "loss": 0.5306058824062347
    },
    "epoch_20": {
        "lwlrap": 0.7407279140612473,
        "loss": 0.6784705109894276
    },
    "epoch_21": {
        "lwlrap": 0.7240450752950752,
        "loss": 0.5824053101241589
    },
    "epoch_22": {
        "lwlrap": 0.8111829605579606,
        "loss": 0.46494999155402184
    },
    "epoch_23": {
        "lwlrap": 0.7790586419753086,
        "loss": 0.5466383807361126
    },
    "epoch_24": {
        "lwlrap": 0.806439594356261,
        "loss": 0.537544023245573
    },
    "epoch_25": {
        "lwlrap": 0.8356216931216931,
        "loss": 0.421837966889143
    },
    "epoch_26": {
        "lwlrap": 0.8450925925925925,
        "loss": 0.4450135640799999
    },
    "epoch_27": {
        "lwlrap": 0.8670568783068783,
        "loss": 0.4147149994969368
    },
    "epoch_28": {
        "lwlrap": 0.8771428571428571,
        "loss": 0.4007358644157648
    },
    "epoch_29": {
        "lwlrap": 0.8801851851851852,
        "loss": 0.3974373396486044
    },
    "epoch_30": {
        "lwlrap": 0.8787169312169312,
        "loss": 0.4065585434436798
    },
    "epoch_31": {
        "lwlrap": 0.8791402116402116,
        "loss": 0.4111495688557625
    },
    "epoch_32": {
        "lwlrap": 0.8741335978835978,
        "loss": 0.41321126744151115
    },
    "epoch_33": {
        "lwlrap": 0.8672354497354497,
        "loss": 0.4159405194222927
    },
    "epoch_34": {
        "lwlrap": 0.8684259259259259,
        "loss": 0.45890219137072563
    },
    "epoch_35": {
        "lwlrap": 0.8599801587301588,
        "loss": 0.4585345722734928
    },
    "epoch_36": {
        "lwlrap": 0.8322113997113997,
        "loss": 0.6105646565556526
    },
    "epoch_37": {
        "lwlrap": 0.8124272486772486,
        "loss": 0.5528334900736809
    },
    "epoch_38": {
        "lwlrap": 0.8037852733686066,
        "loss": 0.5217973738908768
    },
    "epoch_39": {
        "lwlrap": 0.8142813051146385,
        "loss": 0.48652123287320137
    },
    "epoch_40": {
        "lwlrap": 0.7765392015392015,
        "loss": 0.49459516257047653
    },
    "epoch_41": {
        "lwlrap": 0.7465873015873016,
        "loss": 0.5559212267398834
    },
    "epoch_42": {
        "lwlrap": 0.7981439393939394,
        "loss": 0.5568668358027935
    },
    "epoch_43": {
        "lwlrap": 0.8582848324514991,
        "loss": 0.39542275108397007
    },
    "epoch_44": {
        "lwlrap": 0.8691335978835979,
        "loss": 0.4285689666867256
    },
    "epoch_45": {
        "lwlrap": 0.8710714285714285,
        "loss": 0.4332167524844408
    },
    "epoch_46": {
        "lwlrap": 0.8704765913099247,
        "loss": 0.426772378385067
    },
    "epoch_47": {
        "lwlrap": 0.8789814814814814,
        "loss": 0.4149938188493252
    },
    "epoch_48": {
        "lwlrap": 0.8955555555555554,
        "loss": 0.39993833005428314
    },
    "epoch_49": {
        "lwlrap": 0.8990740740740739,
        "loss": 0.39478808641433716
    },
    "epoch_50": {
        "lwlrap": 0.9055555555555554,
        "loss": 0.394835177809
    }
}