{
    "best": {
        "lwlrap": 0.9504830917874397,
        "loss": 0.16603908236365675,
        "epoch": 46
    },
    "last": {
        "lwlrap": 0.9504830917874396,
        "loss": 0.18151413985647308,
        "epoch": 50
    },
    "epoch_1": {
        "lwlrap": 0.4193236714975846,
        "loss": 0.17975584626561258
    },
    "epoch_2": {
        "lwlrap": 0.5555555555555556,
        "loss": 0.22820628925067624
    },
    "epoch_3": {
        "lwlrap": 0.4342995169082126,
        "loss": 0.12610109886381685
    },
    "epoch_4": {
        "lwlrap": 0.6205314009661835,
        "loss": 0.20890270591509053
    },
    "epoch_5": {
        "lwlrap": 0.7236714975845411,
        "loss": 0.20350181602123307
    },
    "epoch_6": {
        "lwlrap": 0.7589371980676328,
        "loss": 0.21515590424944714
    },
    "epoch_7": {
        "lwlrap": 0.8857487922705313,
        "loss": 0.2591243188192205
    },
    "epoch_8": {
        "lwlrap": 0.8659420289855073,
        "loss": 0.17770502448263692
    },
    "epoch_9": {
        "lwlrap": 0.8797101449275362,
        "loss": 0.2074845490477434
    },
    "epoch_10": {
        "lwlrap": 0.8804347826086956,
        "loss": 0.18248130333405443
    },
    "epoch_11": {
        "lwlrap": 0.8804347826086956,
        "loss": 0.17951601646022824
    },
    "epoch_12": {
        "lwlrap": 0.894927536231884,
        "loss": 0.18268083283541406
    },
    "epoch_13": {
        "lwlrap": 0.9045893719806763,
        "loss": 0.19125469044850366
    },
    "epoch_14": {
        "lwlrap": 0.8864734299516908,
        "loss": 0.17688753927217388
    },
    "epoch_15": {
        "lwlrap": 0.8157004830917873,
        "loss": 0.20211680458358874
    },
    "epoch_16": {
        "lwlrap": 0.8814009661835749,
        "loss": 0.18986370762037794
    },
    "epoch_17": {
        "lwlrap": 0.7806763285024154,
        "loss": 0.19076391109606114
    },
    "epoch_18": {
        "lwlrap": 0.6301932367149758,
        "loss": 0.357403728474931
    },
    "epoch_19": {
        "lwlrap": 0.7444444444444445,
        "loss": 0.1368149278867172
    },
    "epoch_20": {
        "lwlrap": 0.903864734299517,
        "loss": 0.2927242216722267
    },
    "epoch_21": {
        "lwlrap": 0.8905797101449275,
        "loss": 0.19418412528750373
    },
    "epoch_22": {
        "lwlrap": 0.8538647342995169,
        "loss": 0.13552340447459732
    },
    "epoch_23": {
        "lwlrap": 0.9256038647342995,
        "loss": 0.19000380057784752
    },
    "epoch_24": {
        "lwlrap": 0.8365832235397452,
        "loss": 0.16720727544913933
    },
    "epoch_25": {
        "lwlrap": 0.8729468599033816,
        "loss": 0.15099318037036716
    },
    "epoch_26": {
        "lwlrap": 0.9135265700483093,
        "loss": 0.20465549471697247
    },
    "epoch_27": {
        "lwlrap": 0.9166666666666666,
        "loss": 0.19837581835369147
    },
    "epoch_28": {
        "lwlrap": 0.9239130434782609,
        "loss": 0.17913640186860702
    },
    "epoch_29": {
        "lwlrap": 0.9352657004830919,
        "loss": 0.17945669390113525
    },
    "epoch_30": {
        "lwlrap": 0.9239130434782609,
        "loss": 0.17611923577865904
    },
    "epoch_31": {
        "lwlrap": 0.9328502415458938,
        "loss": 0.18188937088593887
    },
    "epoch_32": {
        "lwlrap": 0.9263285024154589,
        "loss": 0.17870567187030867
    },
    "epoch_33": {
        "lwlrap": 0.9231884057971015,
        "loss": 0.18958142714109272
    },
    "epoch_34": {
        "lwlrap": 0.9256038647342995,
        "loss": 0.22092551176958694
    },
    "epoch_35": {
        "lwlrap": 0.928743961352657,
        "loss": 0.21338365072520768
    },
    "epoch_36": {
        "lwlrap": 0.8335748792270532,
        "loss": 0.1631861457689211
    },
    "epoch_37": {
        "lwlrap": 0.8379227053140097,
        "loss": 0.2362293859776223
    },
    "epoch_38": {
        "lwlrap": 0.8282608695652174,
        "loss": 0.1760377429153134
    },
    "epoch_39": {
        "lwlrap": 0.8849206349206349,
        "loss": 0.20119842021476206
    },
    "epoch_40": {
        "lwlrap": 0.9084541062801933,
        "loss": 0.12898762761501642
    },
    "epoch_41": {
        "lwlrap": 0.7330917874396136,
        "loss": 0.232174178449119
    },
    "epoch_42": {
        "lwlrap": 0.9070048309178744,
        "loss": 0.16994113195119653
    },
    "epoch_43": {
        "lwlrap": 0.9504830917874396,
        "loss": 0.14311727848494563
    },
    "epoch_44": {
        "lwlrap": 0.9183574879227053,
        "loss": 0.16298417724305536
    },
    "epoch_45": {
        "lwlrap": 0.9099033816425122,
        "loss": 0.17400736351520185
    },
    "epoch_46": {
        "lwlrap": 0.9504830917874397,
        "loss": 0.16603908236365675
    },
    "epoch_47": {
        "lwlrap": 0.9094202898550725,
        "loss": 0.18158116729691534
    },
    "epoch_48": {
        "lwlrap": 0.927536231884058,
        "loss": 0.16895982588459624
    },
    "epoch_49": {
        "lwlrap": 0.9432367149758455,
        "loss": 0.1806622833359941
    },
    "epoch_50": {
        "lwlrap": 0.9504830917874396,
        "loss": 0.18151413985647308
    }
}