{
  "best": {
    "epoch_lwlrap": 0.8676344651442308,
    "loss": 0.021394091117526253,
    "lwlrap": 0.8683743211070526
  },
  "last": {
    "epoch_lwlrap": 0.8517219217414529,
    "loss": 0.025045657620554967,
    "lwlrap": 0.8531189795478015
  },
  "train.37": {
    "epoch_lwlrap": 0.8676344651442308,
    "loss": 0.021394091117526253,
    "lwlrap": 0.8683743211070526
  },
  "epoch_0": [
    "out/113_112_Effnetb0/fold4/checkpoints/train.1.pth",
    0.27671490987667324,
    {
      "epoch_lwlrap": 0.27671490987667324,
      "loss": 0.054308168469898166,
      "lwlrap": 0.2759562462277754
    }
  ],
  "epoch_1": [
    "out/113_112_Effnetb0/fold4/checkpoints/train.2.pth",
    0.32617583244720666,
    {
      "epoch_lwlrap": 0.32617583244720666,
      "loss": 0.047285896876165946,
      "lwlrap": 0.326847758979648
    }
  ],
  "epoch_2": [
    "out/113_112_Effnetb0/fold4/checkpoints/train.3.pth",
    0.40099596520207736,
    {
      "epoch_lwlrap": 0.40099596520207736,
      "loss": 0.04715313882597031,
      "lwlrap": 0.40019503100140164
    }
  ],
  "epoch_3": [
    "out/113_112_Effnetb0/fold4/checkpoints/train.4.pth",
    0.4908521541701387,
    {
      "epoch_lwlrap": 0.4908521541701387,
      "loss": 0.040196837797280276,
      "lwlrap": 0.4929390694731195
    }
  ],
  "epoch_4": [
    "out/113_112_Effnetb0/fold4/checkpoints/train.5.pth",
    0.561581524454916,
    {
      "epoch_lwlrap": 0.561581524454916,
      "loss": 0.03738775981530066,
      "lwlrap": 0.5625114019784352
    }
  ],
  "epoch_5": [
    "out/113_112_Effnetb0/fold4/checkpoints/train.6.pth",
    0.6036129885739261,
    {
      "epoch_lwlrap": 0.6036129885739261,
      "loss": 0.0339558575783045,
      "lwlrap": 0.6058831136430191
    }
  ],
  "epoch_6": [
    "out/113_112_Effnetb0/fold4/checkpoints/train.7.pth",
    0.6364166936260226,
    {
      "epoch_lwlrap": 0.6364166936260226,
      "loss": 0.03348806716742054,
      "lwlrap": 0.6373534663410116
    }
  ],
  "epoch_7": [
    "out/113_112_Effnetb0/fold4/checkpoints/train.8.pth",
    0.6601982869560994,
    {
      "epoch_lwlrap": 0.6601982869560994,
      "loss": 0.03246670324475535,
      "lwlrap": 0.6620789228317154
    }
  ],
  "epoch_8": [
    "out/113_112_Effnetb0/fold4/checkpoints/train.9.pth",
    0.6612285826153014,
    {
      "epoch_lwlrap": 0.6612285826153014,
      "loss": 0.030897161352538293,
      "lwlrap": 0.6621004140216848
    }
  ],
  "epoch_9": [
    "out/113_112_Effnetb0/fold4/checkpoints/train.10.pth",
    0.666258760941635,
    {
      "epoch_lwlrap": 0.666258760941635,
      "loss": 0.030656437059083292,
      "lwlrap": 0.667232017488713
    }
  ],
  "epoch_10": [
    "out/113_112_Effnetb0/fold4/checkpoints/train.11.pth",
    0.6717864492278555,
    {
      "epoch_lwlrap": 0.6717864492278555,
      "loss": 0.03214909064192925,
      "lwlrap": 0.6723864139405865
    }
  ],
  "epoch_11": [
    "out/113_112_Effnetb0/fold4/checkpoints/train.12.pth",
    0.6739766960470086,
    {
      "epoch_lwlrap": 0.6739766960470086,
      "loss": 0.03070994622765049,
      "lwlrap": 0.6747581681825822
    }
  ],
  "epoch_12": [
    "out/113_112_Effnetb0/fold4/checkpoints/train.13.pth",
    0.6830840309407332,
    {
      "epoch_lwlrap": 0.6830840309407332,
      "loss": 0.03016554227759761,
      "lwlrap": 0.6846797785271248
    }
  ],
  "epoch_13": [
    "out/113_112_Effnetb0/fold4/checkpoints/train.14.pth",
    0.6804988647101469,
    {
      "epoch_lwlrap": 0.6804988647101469,
      "loss": 0.02934304360420473,
      "lwlrap": 0.6817075879826882
    }
  ],
  "epoch_14": [
    "out/113_112_Effnetb0/fold4/checkpoints/train.15.pth",
    0.6995564022247156,
    {
      "epoch_lwlrap": 0.6995564022247156,
      "loss": 0.028423808935669162,
      "lwlrap": 0.7006527955881092
    }
  ],
  "epoch_15": [
    "out/113_112_Effnetb0/fold4/checkpoints/train.16.pth",
    0.7226447253493788,
    {
      "epoch_lwlrap": 0.7226447253493788,
      "loss": 0.02875991742457113,
      "lwlrap": 0.7238782818332258
    }
  ],
  "epoch_16": [
    "out/113_112_Effnetb0/fold4/checkpoints/train.17.pth",
    0.7123957910579004,
    {
      "epoch_lwlrap": 0.7123957910579004,
      "loss": 0.028863918216478438,
      "lwlrap": 0.7135529970360791
    }
  ],
  "epoch_17": [
    "out/113_112_Effnetb0/fold4/checkpoints/train.18.pth",
    0.7562568433713581,
    {
      "epoch_lwlrap": 0.7562568433713581,
      "loss": 0.026157473664610617,
      "lwlrap": 0.7577102185237289
    }
  ],
  "epoch_18": [
    "out/113_112_Effnetb0/fold4/checkpoints/train.19.pth",
    0.7563728980427896,
    {
      "epoch_lwlrap": 0.7563728980427896,
      "loss": 0.028872670485608043,
      "lwlrap": 0.7576304038842879
    }
  ],
  "epoch_19": [
    "out/113_112_Effnetb0/fold4/checkpoints/train.20.pth",
    0.7696101099421412,
    {
      "epoch_lwlrap": 0.7696101099421412,
      "loss": 0.026218495722259247,
      "lwlrap": 0.7718117494940776
    }
  ],
  "epoch_20": [
    "out/113_112_Effnetb0/fold4/checkpoints/train.21.pth",
    0.7740988991477273,
    {
      "epoch_lwlrap": 0.7740988991477273,
      "loss": 0.029432575789190108,
      "lwlrap": 0.775389630357009
    }
  ],
  "epoch_21": [
    "out/113_112_Effnetb0/fold4/checkpoints/train.22.pth",
    0.8013432364385646,
    {
      "epoch_lwlrap": 0.8013432364385646,
      "loss": 0.024495895170877056,
      "lwlrap": 0.8025195797775615
    }
  ],
  "epoch_22": [
    "out/113_112_Effnetb0/fold4/checkpoints/train.23.pth",
    0.7957893594663742,
    {
      "epoch_lwlrap": 0.7957893594663742,
      "loss": 0.023817606150142608,
      "lwlrap": 0.796096621579662
    }
  ],
  "epoch_23": [
    "out/113_112_Effnetb0/fold4/checkpoints/train.24.pth",
    0.8056331616092995,
    {
      "epoch_lwlrap": 0.8056331616092995,
      "loss": 0.023937705363477432,
      "lwlrap": 0.8062435648055389
    }
  ],
  "epoch_24": [
    "out/113_112_Effnetb0/fold4/checkpoints/train.25.pth",
    0.7956209697420635,
    {
      "epoch_lwlrap": 0.7956209697420635,
      "loss": 0.026042830499429858,
      "lwlrap": 0.7964641447197548
    }
  ],
  "epoch_25": [
    "out/113_112_Effnetb0/fold4/checkpoints/train.26.pth",
    0.8482322129485852,
    {
      "epoch_lwlrap": 0.8482322129485852,
      "loss": 0.02013607070811333,
      "lwlrap": 0.8491461515648804
    }
  ],
  "epoch_26": [
    "out/113_112_Effnetb0/fold4/checkpoints/train.27.pth",
    0.827598842412871,
    {
      "epoch_lwlrap": 0.827598842412871,
      "loss": 0.021817517196459156,
      "lwlrap": 0.8293668186068257
    }
  ],
  "epoch_27": [
    "out/113_112_Effnetb0/fold4/checkpoints/train.28.pth",
    0.8338550428096962,
    {
      "epoch_lwlrap": 0.8338550428096962,
      "loss": 0.021059034151896354,
      "lwlrap": 0.8343987928270887
    }
  ],
  "epoch_28": [
    "out/113_112_Effnetb0/fold4/checkpoints/train.29.pth",
    0.843980726304945,
    {
      "epoch_lwlrap": 0.843980726304945,
      "loss": 0.02075074126403178,
      "lwlrap": 0.8445057674326608
    }
  ],
  "epoch_29": [
    "out/113_112_Effnetb0/fold4/checkpoints/train.30.pth",
    0.8423232041396104,
    {
      "epoch_lwlrap": 0.8423232041396104,
      "loss": 0.021116433094345754,
      "lwlrap": 0.842800342383968
    }
  ],
  "epoch_30": [
    "out/113_112_Effnetb0/fold4/checkpoints/train.31.pth",
    0.8466309298340549,
    {
      "epoch_lwlrap": 0.8466309298340549,
      "loss": 0.02036535157071006,
      "lwlrap": 0.8478045583059607
    }
  ],
  "epoch_31": [
    "out/113_112_Effnetb0/fold4/checkpoints/train.32.pth",
    0.8385571676587301,
    {
      "epoch_lwlrap": 0.8385571676587301,
      "loss": 0.021031420737985643,
      "lwlrap": 0.8394707696075157
    }
  ],
  "epoch_32": [
    "out/113_112_Effnetb0/fold4/checkpoints/train.33.pth",
    0.8414110013910455,
    {
      "epoch_lwlrap": 0.8414110013910455,
      "loss": 0.020482449732240168,
      "lwlrap": 0.8425272782675483
    }
  ],