{
    "high": {
        "score": 0.96531279178338,
        "score_class": [
            1.0,
            0.0,
            0.0,
            0.0,
            0.0,
            0.9285256410256412,
            0.0,
            0.9685534591194968,
            0.0,
            0.0,
            0.9133333333333334,
            0.0,
            0.0,
            0.0,
            0.0,
            0.0,
            0.0,
            0.0,
            0.0,
            0.0,
            0.0,
            0.0,
            0.9888888888888889,
            0.9797507788161993
        ],
        "weight": [
            0.1400560224089636,
            0.0,
            0.0,
            0.0,
            0.0,
            0.14565826330532214,
            0.0,
            0.1484593837535014,
            0.0,
            0.0,
            0.1400560224089636,
            0.0,
            0.0,
            0.0,
            0.0,
            0.0,
            0.0,
            0.0,
            0.0,
            0.0,
            0.0,
            0.0,
            0.12605042016806722,
            0.29971988795518206
        ]
    },
    "low": {
        "score": 0.8936610623444312,
        "score_class": [
            0.0,
            0.831929292929293,
            0.9763157894736842,
            0.6491389637616053,
            0.893,
            0.0,
            1.0,
            0.0,
            0.9248366013071895,
            0.8983268983268984,
            0.9434848484848486,
            0.9184848484848485,
            0.9066666666666667,
            0.9566666666666667,
            0.8898692810457518,
            0.8977124183006537,
            0.935,
            0.9433489827856026,
            0.7623333333333333,
            0.9580246913580248,
            0.9633333333333333,
            0.7681917211328976,
            0.0,
            0.0
        ],
        "weight": [
            0.0,
            0.053304904051172705,
            0.04051172707889126,
            0.05650319829424307,
            0.053304904051172705,
            0.0,
            0.053304904051172705,
            0.0,
            0.054371002132196165,
            0.039445628997867806,
            0.053304904051172705,
            0.053304904051172705,
            0.053304904051172705,
            0.053304904051172705,
            0.054371002132196165,
            0.054371002132196165,
            0.053304904051172705,
            0.07569296375266525,
            0.053304904051172705,
            0.04797441364605544,
            0.042643923240938165,
            0.054371002132196165,
            0.0,
            0.0
        ]
    },
    "all": {
        "score": 0.874053147467859,
        "score_class": [
            0.89,
            0.806688034188034,
            0.9634502923976609,
            0.5666591793950284,
            0.8917051282051282,
            0.8398698523698525,
            0.98,
            0.7429446863409128,
            0.9183006535947713,
            0.8662873399715505,
            0.91,
            0.8545238095238094,
            0.895,
            0.9516666666666667,
            0.8821895424836603,
            0.8679738562091505,
            0.9316666666666665,
            0.9114288293865758,
            0.7201991341991342,
            0.9339506172839507,
            0.9208333333333334,
            0.7665577342047931,
            0.9629629629629629,
            0.9606141522029373
        ],
        "weight": [
            0.040160642570281124,
            0.040160642570281124,
            0.030522088353413655,
            0.04257028112449799,
            0.040160642570281124,
            0.04176706827309237,
            0.040160642570281124,
            0.04257028112449799,
            0.04096385542168675,
            0.02971887550200803,
            0.040160642570281124,
            0.040160642570281124,
            0.040160642570281124,
            0.040160642570281124,
            0.04096385542168675,
            0.04096385542168675,
            0.040160642570281124,
            0.0570281124497992,
            0.040160642570281124,
            0.03614457831325301,
            0.0321285140562249,
            0.04096385542168675,
            0.03614457831325301,
            0.0859437751004016
        ]
    }
}