{
  "best": {
    "epoch_lwlrap": 0.894756727581155,
    "loss": 0.2156906654126942,
    "lwlrap": 0.8950182561129588
  },
  "last": {
    "epoch_lwlrap": 0.8711375350688328,
    "loss": 0.2166015366092324,
    "lwlrap": 0.8707818281608297
  },
  "train.65": {
    "epoch_lwlrap": 0.894756727581155,
    "loss": 0.2156906654126942,
    "lwlrap": 0.8950182561129588
  },
  "epoch_0": [
    "out/083_ResNest_LogmelMixup/fold2/checkpoints/train.1.pth",
    0.23912081748478775,
    {
      "epoch_lwlrap": 0.23912081748478775,
      "loss": 0.6674634162336589,
      "lwlrap": 0.23772395734069343
    }
  ],
  "epoch_1": [
    "out/083_ResNest_LogmelMixup/fold2/checkpoints/train.2.pth",
    0.2559823654000051,
    {
      "epoch_lwlrap": 0.2559823654000051,
      "loss": 0.6655111778527498,
      "lwlrap": 0.25626231394023236
    }
  ],
  "epoch_2": [
    "out/083_ResNest_LogmelMixup/fold2/checkpoints/train.3.pth",
    0.3059856657476723,
    {
      "epoch_lwlrap": 0.3059856657476723,
      "loss": 0.6855214647948742,
      "lwlrap": 0.3065078590286768
    }
  ],
  "epoch_3": [
    "out/083_ResNest_LogmelMixup/fold2/checkpoints/train.4.pth",
    0.3097895342544112,
    {
      "epoch_lwlrap": 0.3097895342544112,
      "loss": 0.6468612793833017,
      "lwlrap": 0.3093423514904734
    }
  ],
  "epoch_4": [
    "out/083_ResNest_LogmelMixup/fold2/checkpoints/train.5.pth",
    0.3067043822142407,
    {
      "epoch_lwlrap": 0.3067043822142407,
      "loss": 0.6242639999836682,
      "lwlrap": 0.3071565516504919
    }
  ],
  "epoch_5": [
    "out/083_ResNest_LogmelMixup/fold2/checkpoints/train.6.pth",
    0.36032769085388594,
    {
      "epoch_lwlrap": 0.36032769085388594,
      "loss": 0.6103981267660856,
      "lwlrap": 0.35907316090739433
    }
  ],
  "epoch_6": [
    "out/083_ResNest_LogmelMixup/fold2/checkpoints/train.7.pth",
    0.4274055260887027,
    {
      "epoch_lwlrap": 0.4274055260887027,
      "loss": 0.6108983773738147,
      "lwlrap": 0.42670873208347115
    }
  ],
  "epoch_7": [
    "out/083_ResNest_LogmelMixup/fold2/checkpoints/train.8.pth",
    0.44318571901082005,
    {
      "epoch_lwlrap": 0.44318571901082005,
      "loss": 0.5978726521134377,
      "lwlrap": 0.441778533575502
    }
  ],
  "epoch_8": [
    "out/083_ResNest_LogmelMixup/fold2/checkpoints/train.9.pth",
    0.4448869963295199,
    {
      "epoch_lwlrap": 0.4448869963295199,
      "loss": 0.598014235496521,
      "lwlrap": 0.4431673368307492
    }
  ],
  "epoch_9": [
    "out/083_ResNest_LogmelMixup/fold2/checkpoints/train.10.pth",
    0.46357998564102476,
    {
      "epoch_lwlrap": 0.46357998564102476,
      "loss": 0.5869639981538057,
      "lwlrap": 0.4618916068713876
    }
  ],
  "epoch_10": [
    "out/083_ResNest_LogmelMixup/fold2/checkpoints/train.11.pth",
    0.45383359647164506,
    {
      "epoch_lwlrap": 0.45383359647164506,
      "loss": 0.5974203683435918,
      "lwlrap": 0.45174979063717113
    }
  ],
  "epoch_11": [
    "out/083_ResNest_LogmelMixup/fold2/checkpoints/train.12.pth",
    0.46444073563516763,
    {
      "epoch_lwlrap": 0.46444073563516763,
      "loss": 0.5905488468706608,
      "lwlrap": 0.4627518238743617
    }
  ],
  "epoch_12": [
    "out/083_ResNest_LogmelMixup/fold2/checkpoints/train.13.pth",
    0.47483397053727094,
    {
      "epoch_lwlrap": 0.47483397053727094,
      "loss": 0.5864714346826075,
      "lwlrap": 0.47298153692368294
    }
  ],
  "epoch_13": [
    "out/083_ResNest_LogmelMixup/fold2/checkpoints/train.14.pth",
    0.48207443285365426,
    {
      "epoch_lwlrap": 0.48207443285365426,
      "loss": 0.6040599141269922,
      "lwlrap": 0.4813736929137852
    }
  ],
  "epoch_14": [
    "out/083_ResNest_LogmelMixup/fold2/checkpoints/train.15.pth",
    0.49829605252323905,
    {
      "epoch_lwlrap": 0.49829605252323905,
      "loss": 0.5572729501873255,
      "lwlrap": 0.4974870147936178
    }
  ],
  "epoch_15": [
    "out/083_ResNest_LogmelMixup/fold2/checkpoints/train.16.pth",
    0.5327119336130726,
    {
      "epoch_lwlrap": 0.5327119336130726,
      "loss": 0.5662117265164853,
      "lwlrap": 0.5324228616708532
    }
  ],
  "epoch_16": [
    "out/083_ResNest_LogmelMixup/fold2/checkpoints/train.17.pth",
    0.5833622690529525,
    {
      "epoch_lwlrap": 0.5833622690529525,
      "loss": 0.5077118473127484,
      "lwlrap": 0.5822997548282373
    }
  ],
  "epoch_17": [
    "out/083_ResNest_LogmelMixup/fold2/checkpoints/train.18.pth",
    0.6302542643873592,
    {
      "epoch_lwlrap": 0.6302542643873592,
      "loss": 0.5050600301474333,
      "lwlrap": 0.628965420654914
    }
  ],
  "epoch_18": [
    "out/083_ResNest_LogmelMixup/fold2/checkpoints/train.19.pth",
    0.6390688155374515,
    {
      "epoch_lwlrap": 0.6390688155374515,
      "loss": 0.4721216717734933,
      "lwlrap": 0.6370531074529078
    }
  ],
  "epoch_19": [
    "out/083_ResNest_LogmelMixup/fold2/checkpoints/train.20.pth",
    0.6775782896912608,
    {
      "epoch_lwlrap": 0.6775782896912608,
      "loss": 0.43220641370862717,
      "lwlrap": 0.6766995875961437
    }
  ],
  "epoch_20": [
    "out/083_ResNest_LogmelMixup/fold2/checkpoints/train.21.pth",
    0.7355116748346961,
    {
      "epoch_lwlrap": 0.7355116748346961,
      "loss": 0.40533926244825125,
      "lwlrap": 0.7350170601969951
    }
  ],
  "epoch_21": [
    "out/083_ResNest_LogmelMixup/fold2/checkpoints/train.22.pth",
    0.7444073401798261,
    {
      "epoch_lwlrap": 0.7444073401798261,
      "loss": 0.4096834473311901,
      "lwlrap": 0.743162996928372
    }
  ],
  "epoch_22": [
    "out/083_ResNest_LogmelMixup/fold2/checkpoints/train.23.pth",
    0.7908813196981136,
    {
      "epoch_lwlrap": 0.7908813196981136,
      "loss": 0.3645995631814003,
      "lwlrap": 0.7903687814415711
    }
  ],
  "epoch_23": [
    "out/083_ResNest_LogmelMixup/fold2/checkpoints/train.24.pth",
    0.8050332158529968,
    {
      "epoch_lwlrap": 0.8050332158529968,
      "loss": 0.3196302354335785,
      "lwlrap": 0.8044471294201004
    }
  ],
  "epoch_24": [
    "out/083_ResNest_LogmelMixup/fold2/checkpoints/train.25.pth",
    0.8269477765660972,
    {
      "epoch_lwlrap": 0.8269477765660972,
      "loss": 0.3216395312920213,
      "lwlrap": 0.8268641770309072
    }
  ],
  "epoch_25": [
    "out/083_ResNest_LogmelMixup/fold2/checkpoints/train.26.pth",
    0.8422120606280912,
    {
      "epoch_lwlrap": 0.8422120606280912,
      "loss": 0.3012136239558459,
      "lwlrap": 0.8424770935894222
    }
  ],
  "epoch_26": [
    "out/083_ResNest_LogmelMixup/fold2/checkpoints/train.27.pth",
    0.8439234217860172,
    {
      "epoch_lwlrap": 0.8439234217860172,
      "loss": 0.29456431465223437,
      "lwlrap": 0.8443997310136793
    }
  ],
  "epoch_27": [
    "out/083_ResNest_LogmelMixup/fold2/checkpoints/train.28.pth",
    0.8366870579757282,
    {
      "epoch_lwlrap": 0.8366870579757282,
      "loss": 0.29322971403598785,
      "lwlrap": 0.8363063552926608
    }
  ],
  "epoch_28": [
    "out/083_ResNest_LogmelMixup/fold2/checkpoints/train.29.pth",
    0.8548588392099843,
    {
      "epoch_lwlrap": 0.8548588392099843,
      "loss": 0.27653379971161485,
      "lwlrap": 0.854734544880791
    }
  ],
  "epoch_29": [
    "out/083_ResNest_LogmelMixup/fold2/checkpoints/train.30.pth",
    0.8547662155486582,
    {
      "epoch_lwlrap": 0.8547662155486582,
      "loss": 0.2736677206121385,
      "lwlrap": 0.8547167512154173
    }
  ],
  "epoch_30": [
    "out/083_ResNest_LogmelMixup/fold2/checkpoints/train.31.pth",
    0.8560629468072216,
    {
      "epoch_lwlrap": 0.8560629468072216,
      "loss": 0.27225214894860983,
      "lwlrap": 0.8560501128169764
    }
  ],
  "epoch_31": [
    "out/083_ResNest_LogmelMixup/fold2/checkpoints/train.32.pth",
    0.8507648733793771,
    {
      "epoch_lwlrap": 0.8507648733793771,
      "loss": 0.2737274230457842,
      "lwlrap": 0.8505692266744096
    }
  ],