{
    "blend_score": 0.8831203537870143,
    "blend_weight": {
        "s0": [
            0.7017295417364865,
            0.2982704582635136
        ],
        "s1": [
            0.7017295417364865,
            0.2982704582635136
        ],
        "s2": [
            0.7017295417364865,
            0.2982704582635136
        ],
        "s3": [
            0.7017295417364865,
            0.2982704582635136
        ],
        "s4": [
            0.7017295417364865,
            0.2982704582635136
        ],
        "s5": [
            0.7017295417364865,
            0.2982704582635136
        ],
        "s6": [
            0.7017295417364865,
            0.2982704582635136
        ],
        "s7": [
            0.7017295417364865,
            0.2982704582635136
        ],
        "s8": [
            0.7017295417364865,
            0.2982704582635136
        ],
        "s9": [
            0.7017295417364865,
            0.2982704582635136
        ],
        "s10": [
            0.7017295417364865,
            0.2982704582635136
        ],
        "s11": [
            0.7017295417364865,
            0.2982704582635136
        ],
        "s12": [
            0.7017295417364865,
            0.2982704582635136
        ],
        "s13": [
            0.7017295417364865,
            0.2982704582635136
        ],
        "s14": [
            0.7017295417364865,
            0.2982704582635136
        ],
        "s15": [
            0.7017295417364865,
            0.2982704582635136
        ],
        "s16": [
            0.7017295417364865,
            0.2982704582635136
        ],
        "s17": [
            0.7017295417364865,
            0.2982704582635136
        ],
        "s18": [
            0.7017295417364865,
            0.2982704582635136
        ],
        "s19": [
            0.7017295417364865,
            0.2982704582635136
        ],
        "s20": [
            0.7017295417364865,
            0.2982704582635136
        ],
        "s21": [
            0.7017295417364865,
            0.2982704582635136
        ],
        "s22": [
            0.7017295417364865,
            0.2982704582635136
        ],
        "s23": [
            0.7017295417364865,
            0.2982704582635136
        ]
    },
    "blend": [
        0.895,
        0.8707874800637958,
        0.9587719298245615,
        0.5722666746251652,
        0.872076923076923,
        0.9326923076923077,
        0.99,
        0.7860062893081762,
        0.9362745098039216,
        0.8410364145658263,
        0.9158181818181818,
        0.9198333333333334,
        0.8712222222222222,
        0.9205555555555555,
        0.937908496732026,
        0.8692810457516339,
        0.9179999999999999,
        0.9220089769385544,
        0.723065359477124,
        0.9851851851851853,
        0.9,
        0.7058823529411765,
        0.9666666666666667,
        0.9477953510663791
    ],
    "050_resnest_focal_70epoch_score": 0.8776344346799354,
    "050_resnest_focal_70epoch": [
        0.8973333333333333,
        0.8967389060887513,
        0.9578947368421052,
        0.5756897777382263,
        0.8741839826839827,
        0.920405982905983,
        0.99,
        0.7731132075471697,
        0.9309056956115779,
        0.7873873873873874,
        0.9109523809523811,
        0.9213333333333332,
        0.8704999999999999,
        0.9088717948717948,
        0.937908496732026,
        0.8643790849673203,
        0.9112222222222222,
        0.9183558869557213,
        0.7000233100233099,
        0.9851851851851853,
        0.8994047619047618,
        0.6813725490196079,
        0.9666666666666667,
        0.9398154804696861
    ],
    "059_high_and_low_score": 0.8456288144659019,
    "059_high_and_low": [
        0.855,
        0.8349734613212874,
        0.9065789473684212,
        0.4716452310791933,
        0.856857142857143,
        0.8807692307692307,
        1.0,
        0.7077268643306381,
        0.8758169934640524,
        0.8140159390159389,
        0.8533333333333334,
        0.9101515151515152,
        0.8226666666666667,
        0.895,
        0.8671802054154997,
        0.8823529411764706,
        0.8983333333333333,
        0.8516492896774587,
        0.7171518288474811,
        0.9600000000000001,
        0.93625,
        0.7663398692810457,
        0.9074074074074073,
        0.8675941659586519
    ]
}