{
    "high": {
        "score": 0.9795518207282914,
        "score_class": [
            1.0,
            0.0,
            0.0,
            0.0,
            0.0,
            0.9775641025641026,
            0.0,
            0.9591194968553459,
            0.0,
            0.0,
            0.9466666666666668,
            0.0,
            0.0,
            0.0,
            0.0,
            0.0,
            0.0,
            0.0,
            0.0,
            0.0,
            0.0,
            0.0,
            1.0,
            0.9878504672897195
        ],
        "weight": [
            0.1400560224089636,
            0.0,
            0.0,
            0.0,
            0.0,
            0.14565826330532214,
            0.0,
            0.1484593837535014,
            0.0,
            0.0,
            0.1400560224089636,
            0.0,
            0.0,
            0.0,
            0.0,
            0.0,
            0.0,
            0.0,
            0.0,
            0.0,
            0.0,
            0.0,
            0.12605042016806722,
            0.29971988795518206
        ]
    },
    "low": {
        "score": 0.8853087752513942,
        "score_class": [
            0.0,
            0.8511666666666666,
            0.9417293233082706,
            0.5551622535806775,
            0.877968253968254,
            0.0,
            1.0,
            0.0,
            0.8993464052287582,
            0.8198198198198198,
            0.9366666666666669,
            0.8926666666666666,
            0.9061904761904762,
            0.98,
            0.8534313725490197,
            0.9607843137254902,
            0.95,
            0.9126928236083165,
            0.7860238095238095,
            0.9722222222222222,
            0.9675,
            0.7882352941176471,
            0.0,
            0.0
        ],
        "weight": [
            0.0,
            0.053304904051172705,
            0.04051172707889126,
            0.05650319829424307,
            0.053304904051172705,
            0.0,
            0.053304904051172705,
            0.0,
            0.054371002132196165,
            0.039445628997867806,
            0.053304904051172705,
            0.053304904051172705,
            0.053304904051172705,
            0.053304904051172705,
            0.054371002132196165,
            0.054371002132196165,
            0.053304904051172705,
            0.07569296375266525,
            0.053304904051172705,
            0.04797441364605544,
            0.042643923240938165,
            0.054371002132196165,
            0.0,
            0.0
        ]
    },
    "all": {
        "score": 0.8752574948238838,
        "score_class": [
            0.9133333333333334,
            0.8308174603174604,
            0.9272660818713451,
            0.4887131350388551,
            0.8666877470355732,
            0.9118589743589743,
            0.99,
            0.7511792452830188,
            0.8895424836601308,
            0.7846846846846847,
            0.9100000000000001,
            0.865151515151515,
            0.8845238095238095,
            0.9666666666666667,
            0.8491830065359477,
            0.9346405228758169,
            0.9433333333333332,
            0.8877598926894701,
            0.7450086580086581,
            0.9703703703703704,
            0.9535714285714285,
            0.7882352941176471,
            0.9444444444444444,
            0.9592234089897641
        ],
        "weight": [
            0.040160642570281124,
            0.040160642570281124,
            0.030522088353413655,
            0.04257028112449799,
            0.040160642570281124,
            0.04176706827309237,
            0.040160642570281124,
            0.04257028112449799,
            0.04096385542168675,
            0.02971887550200803,
            0.040160642570281124,
            0.040160642570281124,
            0.040160642570281124,
            0.040160642570281124,
            0.04096385542168675,
            0.04096385542168675,
            0.040160642570281124,
            0.0570281124497992,
            0.040160642570281124,
            0.03614457831325301,
            0.0321285140562249,
            0.04096385542168675,
            0.03614457831325301,
            0.0859437751004016
        ]
    }
}