{
  "best": {
    "epoch_lwlrap": 0.8749728408473655,
    "lwlrap": 0.8742209229370761,
    "loss": 0.23392162483835977
  },
  "last": {
    "epoch_lwlrap": 0.8440718976840649,
    "lwlrap": 0.8448549925020513,
    "loss": 0.2776880439311739
  },
  "train.49": {
    "epoch_lwlrap": 0.8749728408473655,
    "lwlrap": 0.8742209229370761,
    "loss": 0.23392162483835977
  },
  "epoch_0": [
    "out/051_ResNest_focal_monitor_loss/fold1/checkpoints/train.1.pth",
    0.9135493011701675,
    {
      "epoch_lwlrap": 0.2076106401604194,
      "lwlrap": 0.20788473233737434,
      "loss": 0.9135493011701675
    }
  ],
  "epoch_1": [
    "out/051_ResNest_focal_monitor_loss/fold1/checkpoints/train.2.pth",
    0.6148456126924544,
    {
      "epoch_lwlrap": 0.29940468269868725,
      "lwlrap": 0.29953196804522486,
      "loss": 0.6148456126924544
    }
  ],
  "epoch_2": [
    "out/051_ResNest_focal_monitor_loss/fold1/checkpoints/train.3.pth",
    0.569357693195343,
    {
      "epoch_lwlrap": 0.41750434742376963,
      "lwlrap": 0.41925454375464205,
      "loss": 0.569357693195343
    }
  ],
  "epoch_3": [
    "out/051_ResNest_focal_monitor_loss/fold1/checkpoints/train.4.pth",
    0.524661762373788,
    {
      "epoch_lwlrap": 0.41074575469786123,
      "lwlrap": 0.41271453757119947,
      "loss": 0.524661762373788
    }
  ],
  "epoch_4": [
    "out/051_ResNest_focal_monitor_loss/fold1/checkpoints/train.5.pth",
    0.4883510527156648,
    {
      "epoch_lwlrap": 0.5071806359372122,
      "lwlrap": 0.5114626636432134,
      "loss": 0.4883510527156648
    }
  ],
  "epoch_5": [
    "out/051_ResNest_focal_monitor_loss/fold1/checkpoints/train.6.pth",
    0.47412222813046173,
    {
      "epoch_lwlrap": 0.5569640994210441,
      "lwlrap": 0.5606240789322648,
      "loss": 0.47412222813046173
    }
  ],
  "epoch_6": [
    "out/051_ResNest_focal_monitor_loss/fold1/checkpoints/train.7.pth",
    0.39928089531641153,
    {
      "epoch_lwlrap": 0.6712273219710034,
      "lwlrap": 0.6723656033434945,
      "loss": 0.39928089531641153
    }
  ],
  "epoch_7": [
    "out/051_ResNest_focal_monitor_loss/fold1/checkpoints/train.8.pth",
    0.3732282623412117,
    {
      "epoch_lwlrap": 0.7006829615552201,
      "lwlrap": 0.7032195496887733,
      "loss": 0.3732282623412117
    }
  ],
  "epoch_8": [
    "out/051_ResNest_focal_monitor_loss/fold1/checkpoints/train.9.pth",
    0.3503353406512548,
    {
      "epoch_lwlrap": 0.7340827476283751,
      "lwlrap": 0.7351884363253077,
      "loss": 0.3503353406512548
    }
  ],
  "epoch_9": [
    "out/051_ResNest_focal_monitor_loss/fold1/checkpoints/train.10.pth",
    0.33788459617940203,
    {
      "epoch_lwlrap": 0.7369711664881989,
      "lwlrap": 0.7384610999908616,
      "loss": 0.33788459617940203
    }
  ],
  "epoch_10": [
    "out/051_ResNest_focal_monitor_loss/fold1/checkpoints/train.11.pth",
    0.33300633515630446,
    {
      "epoch_lwlrap": 0.737855595747153,
      "lwlrap": 0.7394222122881751,
      "loss": 0.33300633515630446
    }
  ],
  "epoch_11": [
    "out/051_ResNest_focal_monitor_loss/fold1/checkpoints/train.12.pth",
    0.33127313142731074,
    {
      "epoch_lwlrap": 0.7471446887389674,
      "lwlrap": 0.7485961578209945,
      "loss": 0.33127313142731074
    }
  ],
  "epoch_12": [
    "out/051_ResNest_focal_monitor_loss/fold1/checkpoints/train.13.pth",
    0.3321394101967887,
    {
      "epoch_lwlrap": 0.7497257492522874,
      "lwlrap": 0.75134079147533,
      "loss": 0.3321394101967887
    }
  ],
  "epoch_13": [
    "out/051_ResNest_focal_monitor_loss/fold1/checkpoints/train.14.pth",
    0.34411808517244125,
    {
      "epoch_lwlrap": 0.723068518933538,
      "lwlrap": 0.7237709694586056,
      "loss": 0.34411808517244125
    }
  ],
  "epoch_14": [
    "out/051_ResNest_focal_monitor_loss/fold1/checkpoints/train.15.pth",
    0.35936313678347875,
    {
      "epoch_lwlrap": 0.7463733894649798,
      "lwlrap": 0.7475526369820754,
      "loss": 0.35936313678347875
    }
  ],
  "epoch_15": [
    "out/051_ResNest_focal_monitor_loss/fold1/checkpoints/train.16.pth",
    0.37302266321485006,
    {
      "epoch_lwlrap": 0.7517629372717425,
      "lwlrap": 0.7523293932034051,
      "loss": 0.37302266321485006
    }
  ],
  "epoch_16": [
    "out/051_ResNest_focal_monitor_loss/fold1/checkpoints/train.17.pth",
    0.3334592010766741,
    {
      "epoch_lwlrap": 0.7482366367872673,
      "lwlrap": 0.7509914277622983,
      "loss": 0.3334592010766741
    }
  ],
  "epoch_17": [
    "out/051_ResNest_focal_monitor_loss/fold1/checkpoints/train.18.pth",
    1.4313038871401833,
    {
      "epoch_lwlrap": 0.600228068740263,
      "lwlrap": 0.6018525575331457,
      "loss": 1.4313038871401833
    }
  ],
  "epoch_18": [
    "out/051_ResNest_focal_monitor_loss/fold1/checkpoints/train.19.pth",
    0.3799421917351465,
    {
      "epoch_lwlrap": 0.7094077394932908,
      "lwlrap": 0.7114771521534782,
      "loss": 0.3799421917351465
    }
  ],
  "epoch_19": [
    "out/051_ResNest_focal_monitor_loss/fold1/checkpoints/train.20.pth",
    0.3662816498960767,
    {
      "epoch_lwlrap": 0.7722667330557065,
      "lwlrap": 0.7733491959393988,
      "loss": 0.3662816498960767
    }
  ],
  "epoch_20": [
    "out/051_ResNest_focal_monitor_loss/fold1/checkpoints/train.21.pth",
    0.3295480760317,
    {
      "epoch_lwlrap": 0.7961933292731772,
      "lwlrap": 0.797563912930893,
      "loss": 0.3295480760317
    }
  ],
  "epoch_21": [
    "out/051_ResNest_focal_monitor_loss/fold1/checkpoints/train.22.pth",
    0.39353545317574157,
    {
      "epoch_lwlrap": 0.7344683938790402,
      "lwlrap": 0.7359738541881399,
      "loss": 0.39353545317574157
    }
  ],
  "epoch_22": [
    "out/051_ResNest_focal_monitor_loss/fold1/checkpoints/train.23.pth",
    0.38309779668611194,
    {
      "epoch_lwlrap": 0.7302393213039601,
      "lwlrap": 0.7312609935625809,
      "loss": 0.38309779668611194
    }
  ],
  "epoch_23": [
    "out/051_ResNest_focal_monitor_loss/fold1/checkpoints/train.24.pth",
    0.28424211106603114,
    {
      "epoch_lwlrap": 0.8013508249249695,
      "lwlrap": 0.8016486167980099,
      "loss": 0.28424211106603114
    }
  ],
  "epoch_24": [
    "out/051_ResNest_focal_monitor_loss/fold1/checkpoints/train.25.pth",
    0.2719346788667497,
    {
      "epoch_lwlrap": 0.8249728408473656,
      "lwlrap": 0.825826447863096,
      "loss": 0.2719346788667497
    }
  ],
  "epoch_25": [
    "out/051_ResNest_focal_monitor_loss/fold1/checkpoints/train.26.pth",
    0.2512717540301974,
    {
      "epoch_lwlrap": 0.8392630816585189,
      "lwlrap": 0.8398661069366017,
      "loss": 0.2512717540301974
    }
  ],
  "epoch_26": [
    "out/051_ResNest_focal_monitor_loss/fold1/checkpoints/train.27.pth",
    0.27568734330790384,
    {
      "epoch_lwlrap": 0.8282998370450843,
      "lwlrap": 0.8285006965749263,
      "loss": 0.27568734330790384
    }
  ],
  "epoch_27": [
    "out/051_ResNest_focal_monitor_loss/fold1/checkpoints/train.28.pth",
    0.2704205134558299,
    {
      "epoch_lwlrap": 0.8353431106282816,
      "lwlrap": 0.8357092060810215,
      "loss": 0.2704205134558299
    }
  ],
  "epoch_28": [
    "out/051_ResNest_focal_monitor_loss/fold1/checkpoints/train.29.pth",
    0.25927622119585675,
    {
      "epoch_lwlrap": 0.8376199529241354,
      "lwlrap": 0.8381174136321196,
      "loss": 0.25927622119585675
    }
  ],
  "epoch_29": [
    "out/051_ResNest_focal_monitor_loss/fold1/checkpoints/train.30.pth",
    0.26436140305466127,
    {
      "epoch_lwlrap": 0.8511497374615247,
      "lwlrap": 0.8514504320246616,
      "loss": 0.26436140305466127
    }
  ],
  "epoch_30": [
    "out/051_ResNest_focal_monitor_loss/fold1/checkpoints/train.31.pth",
    0.2623798076122526,
    {
      "epoch_lwlrap": 0.8442241535397429,
      "lwlrap": 0.8448155558519703,
      "loss": 0.2623798076122526
    }
  ],