{
    "best": {
        "lwlrap": 0.8889433447175662,
        "loss": 0.27211233973503113,
        "epoch": 46
    },
    "last": {
        "lwlrap": 0.8769193378108819,
        "loss": 0.28875044153796303,
        "epoch": 70
    },
    "epoch_1": {
        "lwlrap": 0.2135771611102662,
        "loss": 0.6819300055503845
    },
    "epoch_2": {
        "lwlrap": 0.2505028098236018,
        "loss": 0.6329028209050497
    },
    "epoch_3": {
        "lwlrap": 0.30612321430725853,
        "loss": 0.5813218553860983
    },
    "epoch_4": {
        "lwlrap": 0.364660096891817,
        "loss": 0.6700037519137064
    },
    "epoch_5": {
        "lwlrap": 0.418454390514977,
        "loss": 0.5441233482625749
    },
    "epoch_6": {
        "lwlrap": 0.5100251647261811,
        "loss": 0.49367133445209926
    },
    "epoch_7": {
        "lwlrap": 0.5159279177406852,
        "loss": 0.475566092464659
    },
    "epoch_8": {
        "lwlrap": 0.5617752677976225,
        "loss": 0.4554966158337063
    },
    "epoch_9": {
        "lwlrap": 0.5940649166310179,
        "loss": 0.43174182375272113
    },
    "epoch_10": {
        "lwlrap": 0.6068309564930456,
        "loss": 0.4171251191033257
    },
    "epoch_11": {
        "lwlrap": 0.6058797972860472,
        "loss": 0.4206155637900035
    },
    "epoch_12": {
        "lwlrap": 0.6231272674125183,
        "loss": 0.4157385759883457
    },
    "epoch_13": {
        "lwlrap": 0.6110532397826379,
        "loss": 0.4264539447095659
    },
    "epoch_14": {
        "lwlrap": 0.5813201519381234,
        "loss": 0.44746466477711994
    },
    "epoch_15": {
        "lwlrap": 0.5931537584868034,
        "loss": 0.42260271310806274
    },
    "epoch_16": {
        "lwlrap": 0.5932051215436812,
        "loss": 0.4560212228033278
    },
    "epoch_17": {
        "lwlrap": 0.5906727187652793,
        "loss": 0.45313122868537903
    },
    "epoch_18": {
        "lwlrap": 0.5913834598017782,
        "loss": 0.4761374824576908
    },
    "epoch_19": {
        "lwlrap": 0.6757747562894622,
        "loss": 0.4150867462158203
    },
    "epoch_20": {
        "lwlrap": 0.6992802315019055,
        "loss": 0.3969353536764781
    },
    "epoch_21": {
        "lwlrap": 0.7444710365206688,
        "loss": 0.35100554426511127
    },
    "epoch_22": {
        "lwlrap": 0.7531213527077498,
        "loss": 0.35884279674953884
    },
    "epoch_23": {
        "lwlrap": 0.7503015909314283,
        "loss": 0.39834164248572457
    },
    "epoch_24": {
        "lwlrap": 0.801839602391073,
        "loss": 0.3334795931975047
    },
    "epoch_25": {
        "lwlrap": 0.819103882495027,
        "loss": 0.2975336429145601
    },
    "epoch_26": {
        "lwlrap": 0.8460317460317461,
        "loss": 0.26095635526710087
    },
    "epoch_27": {
        "lwlrap": 0.8401377217553687,
        "loss": 0.28077350225713515
    },
    "epoch_28": {
        "lwlrap": 0.862048657182171,
        "loss": 0.25179002516799504
    },
    "epoch_29": {
        "lwlrap": 0.8689456274934215,
        "loss": 0.2492674638827642
    },
    "epoch_30": {
        "lwlrap": 0.8674938725490197,
        "loss": 0.2510663304064009
    },
    "epoch_31": {
        "lwlrap": 0.8633264764239029,
        "loss": 0.2552485565344493
    },
    "epoch_32": {
        "lwlrap": 0.8700531560663483,
        "loss": 0.25024840070141685
    },
    "epoch_33": {
        "lwlrap": 0.8626644527428197,
        "loss": 0.2513328227731917
    },
    "epoch_34": {
        "lwlrap": 0.8403529119981326,
        "loss": 0.2703166670269436
    },
    "epoch_35": {
        "lwlrap": 0.8427679244774833,
        "loss": 0.27643947468863594
    },
    "epoch_36": {
        "lwlrap": 0.8012727177546599,
        "loss": 0.32264475689993966
    },
    "epoch_37": {
        "lwlrap": 0.8152569514010952,
        "loss": 0.32913895613617367
    },
    "epoch_38": {
        "lwlrap": 0.7617594054520673,
        "loss": 0.3801480134328206
    },
    "epoch_39": {
        "lwlrap": 0.7665195813173755,
        "loss": 0.3686072097884284
    },
    "epoch_40": {
        "lwlrap": 0.7677967712434626,
        "loss": 0.36032116744253373
    },
    "epoch_41": {
        "lwlrap": 0.8125668857286505,
        "loss": 0.3838348438342412
    },
    "epoch_42": {
        "lwlrap": 0.8156087274653451,
        "loss": 0.3810181717077891
    },
    "epoch_43": {
        "lwlrap": 0.8030412449070538,
        "loss": 0.32412803338633644
    },
    "epoch_44": {
        "lwlrap": 0.8420384660274365,
        "loss": 0.3160377045472463
    },
    "epoch_45": {
        "lwlrap": 0.8545007586367881,
        "loss": 0.2782210210959117
    },
    "epoch_46": {
        "lwlrap": 0.8889433447175662,
        "loss": 0.27211233973503113
    },
    "epoch_47": {
        "lwlrap": 0.87990465416936,
        "loss": 0.27354120049211716
    },
    "epoch_48": {
        "lwlrap": 0.8717201303598363,
        "loss": 0.28664903508292305
    },
    "epoch_49": {
        "lwlrap": 0.8754289215686275,
        "loss": 0.28882553511195713
    },
    "epoch_50": {
        "lwlrap": 0.8823091736694678,
        "loss": 0.28414055539502037
    },
    "epoch_51": {
        "lwlrap": 0.8786327030812324,
        "loss": 0.28342950840791065
    },
    "epoch_52": {
        "lwlrap": 0.8795627626050421,
        "loss": 0.2850581978758176
    },
    "epoch_53": {
        "lwlrap": 0.8769724556489262,
        "loss": 0.28796234395768905
    },
    "epoch_54": {
        "lwlrap": 0.8782922379478106,
        "loss": 0.28760422352287507
    },
    "epoch_55": {
        "lwlrap": 0.8722077281999756,
        "loss": 0.28140267233053845
    },
    "epoch_56": {
        "lwlrap": 0.8732274159663866,
        "loss": 0.3138066579898198
    },
    "epoch_57": {
        "lwlrap": 0.854520319285674,
        "loss": 0.3218952640891075
    },
    "epoch_58": {
        "lwlrap": 0.8477908045484535,
        "loss": 0.3671563019355138
    },
    "epoch_59": {
        "lwlrap": 0.8258765368188742,
        "loss": 0.3515392806794908
    },
    "epoch_60": {
        "lwlrap": 0.8324102228610741,
        "loss": 0.3464440670278337
    },
    "epoch_61": {
        "lwlrap": 0.8490751889162356,
        "loss": 0.32739832666185165
    },
    "epoch_62": {
        "lwlrap": 0.8295265174581031,
        "loss": 0.33728484478261733
    },
    "epoch_63": {
        "lwlrap": 0.8553981844930956,
        "loss": 0.31530583567089504
    },
    "epoch_64": {
        "lwlrap": 0.8464211850241262,
        "loss": 0.36820387177997166
    },
    "epoch_65": {
        "lwlrap": 0.8756425610745464,
        "loss": 0.2721031407515208
    },
    "epoch_66": {
        "lwlrap": 0.8601531740318505,
        "loss": 0.310716998245981
    },
    "epoch_67": {
        "lwlrap": 0.8510155387912741,
        "loss": 0.3204306537906329
    },
    "epoch_68": {
        "lwlrap": 0.8801981209150327,
        "loss": 0.28232934574286145
    },
    "epoch_69": {
        "lwlrap": 0.8788712359943978,
        "loss": 0.2880459618237283
    },
    "epoch_70": {
        "lwlrap": 0.8769193378108819,
        "loss": 0.28875044153796303
    }
}