{
  "best": {
    "epoch_lwlrap": 0.8637795895860412,
    "loss": 0.020239957569956533,
    "lwlrap": 0.8635560405408844
  },
  "last": {
    "epoch_lwlrap": 0.8367474721915511,
    "loss": 0.02112600061306615,
    "lwlrap": 0.8364219017466296
  },
  "train.45": {
    "epoch_lwlrap": 0.8637795895860412,
    "loss": 0.020239957569956533,
    "lwlrap": 0.8635560405408844
  },
  "epoch_0": [
    "out/122_117_random_sampling_rate_and_duration/fold3/checkpoints/train.1.pth",
    0.2642466072672972,
    {
      "epoch_lwlrap": 0.2642466072672972,
      "loss": 0.07158542775506836,
      "lwlrap": 0.26391772751273734
    }
  ],
  "epoch_1": [
    "out/122_117_random_sampling_rate_and_duration/fold3/checkpoints/train.2.pth",
    0.35637994701121606,
    {
      "epoch_lwlrap": 0.35637994701121606,
      "loss": 0.05331408111340224,
      "lwlrap": 0.356704166374705
    }
  ],
  "epoch_2": [
    "out/122_117_random_sampling_rate_and_duration/fold3/checkpoints/train.3.pth",
    0.3948658426148626,
    {
      "epoch_lwlrap": 0.3948658426148626,
      "loss": 0.047050395543560566,
      "lwlrap": 0.39484808920331255
    }
  ],
  "epoch_3": [
    "out/122_117_random_sampling_rate_and_duration/fold3/checkpoints/train.4.pth",
    0.5062442601708743,
    {
      "epoch_lwlrap": 0.5062442601708743,
      "loss": 0.042667669263273596,
      "lwlrap": 0.5063800274329882
    }
  ],
  "epoch_4": [
    "out/122_117_random_sampling_rate_and_duration/fold3/checkpoints/train.5.pth",
    0.5185518249837759,
    {
      "epoch_lwlrap": 0.5185518249837759,
      "loss": 0.04033124181652756,
      "lwlrap": 0.5189073614353209
    }
  ],
  "epoch_5": [
    "out/122_117_random_sampling_rate_and_duration/fold3/checkpoints/train.6.pth",
    0.5634313875639826,
    {
      "epoch_lwlrap": 0.5634313875639826,
      "loss": 0.03895802790521349,
      "lwlrap": 0.5633037197141162
    }
  ],
  "epoch_6": [
    "out/122_117_random_sampling_rate_and_duration/fold3/checkpoints/train.7.pth",
    0.5811344859020381,
    {
      "epoch_lwlrap": 0.5811344859020381,
      "loss": 0.037190215570139296,
      "lwlrap": 0.5809640199713724
    }
  ],
  "epoch_7": [
    "out/122_117_random_sampling_rate_and_duration/fold3/checkpoints/train.8.pth",
    0.5944547843817856,
    {
      "epoch_lwlrap": 0.5944547843817856,
      "loss": 0.03509784571121259,
      "lwlrap": 0.5942025497590369
    }
  ],
  "epoch_8": [
    "out/122_117_random_sampling_rate_and_duration/fold3/checkpoints/train.9.pth",
    0.6139245571527355,
    {
      "epoch_lwlrap": 0.6139245571527355,
      "loss": 0.03426338300691465,
      "lwlrap": 0.613760167665426
    }
  ],
  "epoch_9": [
    "out/122_117_random_sampling_rate_and_duration/fold3/checkpoints/train.10.pth",
    0.6052214690069854,
    {
      "epoch_lwlrap": 0.6052214690069854,
      "loss": 0.03511412411836194,
      "lwlrap": 0.6049630147973973
    }
  ],
  "epoch_10": [
    "out/122_117_random_sampling_rate_and_duration/fold3/checkpoints/train.11.pth",
    0.6140642318997956,
    {
      "epoch_lwlrap": 0.6140642318997956,
      "loss": 0.034111601396352664,
      "lwlrap": 0.6140981911835236
    }
  ],
  "epoch_11": [
    "out/122_117_random_sampling_rate_and_duration/fold3/checkpoints/train.12.pth",
    0.6133911371886991,
    {
      "epoch_lwlrap": 0.6133911371886991,
      "loss": 0.034754550728349036,
      "lwlrap": 0.6133597857368746
    }
  ],
  "epoch_12": [
    "out/122_117_random_sampling_rate_and_duration/fold3/checkpoints/train.13.pth",
    0.6225070992155644,
    {
      "epoch_lwlrap": 0.6225070992155644,
      "loss": 0.03421215058415515,
      "lwlrap": 0.6225553962261321
    }
  ],
  "epoch_13": [
    "out/122_117_random_sampling_rate_and_duration/fold3/checkpoints/train.14.pth",
    0.6265497302723908,
    {
      "epoch_lwlrap": 0.6265497302723908,
      "loss": 0.03329941433367661,
      "lwlrap": 0.6264065916346594
    }
  ],
  "epoch_14": [
    "out/122_117_random_sampling_rate_and_duration/fold3/checkpoints/train.15.pth",
    0.6549164295299618,
    {
      "epoch_lwlrap": 0.6549164295299618,
      "loss": 0.03065253722140328,
      "lwlrap": 0.6552077729864761
    }
  ],
  "epoch_15": [
    "out/122_117_random_sampling_rate_and_duration/fold3/checkpoints/train.16.pth",
    0.6577172916030838,
    {
      "epoch_lwlrap": 0.6577172916030838,
      "loss": 0.032179959697089325,
      "lwlrap": 0.6578247049088638
    }
  ],
  "epoch_16": [
    "out/122_117_random_sampling_rate_and_duration/fold3/checkpoints/train.17.pth",
    0.6915853447156503,
    {
      "epoch_lwlrap": 0.6915853447156503,
      "loss": 0.029811407811173196,
      "lwlrap": 0.6915315217435223
    }
  ],
  "epoch_17": [
    "out/122_117_random_sampling_rate_and_duration/fold3/checkpoints/train.18.pth",
    0.6954213287537778,
    {
      "epoch_lwlrap": 0.6954213287537778,
      "loss": 0.02964888554863601,
      "lwlrap": 0.6954731493790108
    }
  ],
  "epoch_18": [
    "out/122_117_random_sampling_rate_and_duration/fold3/checkpoints/train.19.pth",
    0.7264288238961788,
    {
      "epoch_lwlrap": 0.7264288238961788,
      "loss": 0.02770705281952281,
      "lwlrap": 0.7268827598281195
    }
  ],
  "epoch_19": [
    "out/122_117_random_sampling_rate_and_duration/fold3/checkpoints/train.20.pth",
    0.7646101881988978,
    {
      "epoch_lwlrap": 0.7646101881988978,
      "loss": 0.025064947175574892,
      "lwlrap": 0.7639991189814823
    }
  ],
  "epoch_20": [
    "out/122_117_random_sampling_rate_and_duration/fold3/checkpoints/train.21.pth",
    0.7308328224985009,
    {
      "epoch_lwlrap": 0.7308328224985009,
      "loss": 0.027706867727784464,
      "lwlrap": 0.7307430533878579
    }
  ],
  "epoch_21": [
    "out/122_117_random_sampling_rate_and_duration/fold3/checkpoints/train.22.pth",
    0.7611145871048622,
    {
      "epoch_lwlrap": 0.7611145871048622,
      "loss": 0.024877653330748463,
      "lwlrap": 0.760907850870123
    }
  ],
  "epoch_22": [
    "out/122_117_random_sampling_rate_and_duration/fold3/checkpoints/train.23.pth",
    0.7753888248847927,
    {
      "epoch_lwlrap": 0.7753888248847927,
      "loss": 0.024083125924331292,
      "lwlrap": 0.7751802872442094
    }
  ],
  "epoch_23": [
    "out/122_117_random_sampling_rate_and_duration/fold3/checkpoints/train.24.pth",
    0.8014560931899641,
    {
      "epoch_lwlrap": 0.8014560931899641,
      "loss": 0.02213472576712262,
      "lwlrap": 0.8013742513968349
    }
  ],
  "epoch_24": [
    "out/122_117_random_sampling_rate_and_duration/fold3/checkpoints/train.25.pth",
    0.8121090247799574,
    {
      "epoch_lwlrap": 0.8121090247799574,
      "loss": 0.02201653859451597,
      "lwlrap": 0.812166600316918
    }
  ],
  "epoch_25": [
    "out/122_117_random_sampling_rate_and_duration/fold3/checkpoints/train.26.pth",
    0.8257288466461854,
    {
      "epoch_lwlrap": 0.8257288466461854,
      "loss": 0.020155211494767986,
      "lwlrap": 0.8257946000731808
    }
  ],
  "epoch_26": [
    "out/122_117_random_sampling_rate_and_duration/fold3/checkpoints/train.27.pth",
    0.8365428925912797,
    {
      "epoch_lwlrap": 0.8365428925912797,
      "loss": 0.019306813085014807,
      "lwlrap": 0.8366252618553991
    }
  ],
  "epoch_27": [
    "out/122_117_random_sampling_rate_and_duration/fold3/checkpoints/train.28.pth",
    0.831774106270074,
    {
      "epoch_lwlrap": 0.831774106270074,
      "loss": 0.0193102395223308,
      "lwlrap": 0.8315914777275383
    }
  ],
  "epoch_28": [
    "out/122_117_random_sampling_rate_and_duration/fold3/checkpoints/train.29.pth",
    0.8433613205790624,
    {
      "epoch_lwlrap": 0.8433613205790624,
      "loss": 0.019710031631230203,
      "lwlrap": 0.8432812200165694
    }
  ],
  "epoch_29": [
    "out/122_117_random_sampling_rate_and_duration/fold3/checkpoints/train.30.pth",
    0.8361895161290323,
    {
      "epoch_lwlrap": 0.8361895161290323,
      "loss": 0.019207131755710753,
      "lwlrap": 0.8359350287674372
    }
  ],