{
  "best": {
    "epoch_lwlrap": 0.8976141078838173,
    "loss": 0.01604483585867575,
    "lwlrap": 0.897827650413684
  },
  "last": {
    "epoch_lwlrap": 0.8798294144767174,
    "loss": 0.017916894032529513,
    "lwlrap": 0.8802736300348971
  },
  "train.53": {
    "epoch_lwlrap": 0.8976141078838173,
    "loss": 0.01604483585867575,
    "lwlrap": 0.897827650413684
  },
  "epoch_0": [
    "out/117_116_10sec/fold1/checkpoints/train.1.pth",
    0.25344161537363824,
    {
      "epoch_lwlrap": 0.25344161537363824,
      "loss": 0.05844054187211809,
      "lwlrap": 0.2535966624089653
    }
  ],
  "epoch_1": [
    "out/117_116_10sec/fold1/checkpoints/train.2.pth",
    0.36516251127606536,
    {
      "epoch_lwlrap": 0.36516251127606536,
      "loss": 0.04900481023743183,
      "lwlrap": 0.36434155818467334
    }
  ],
  "epoch_2": [
    "out/117_116_10sec/fold1/checkpoints/train.3.pth",
    0.3863972901801901,
    {
      "epoch_lwlrap": 0.3863972901801901,
      "loss": 0.04445542380968227,
      "lwlrap": 0.38588327712327397
    }
  ],
  "epoch_3": [
    "out/117_116_10sec/fold1/checkpoints/train.4.pth",
    0.45364700911924166,
    {
      "epoch_lwlrap": 0.45364700911924166,
      "loss": 0.047589542179168026,
      "lwlrap": 0.4529073799272258
    }
  ],
  "epoch_4": [
    "out/117_116_10sec/fold1/checkpoints/train.5.pth",
    0.48102443943678724,
    {
      "epoch_lwlrap": 0.48102443943678724,
      "loss": 0.04214565625673608,
      "lwlrap": 0.4805526358450378
    }
  ],
  "epoch_5": [
    "out/117_116_10sec/fold1/checkpoints/train.6.pth",
    0.4946086792065235,
    {
      "epoch_lwlrap": 0.4946086792065235,
      "loss": 0.04033861317149194,
      "lwlrap": 0.4941946116151379
    }
  ],
  "epoch_6": [
    "out/117_116_10sec/fold1/checkpoints/train.7.pth",
    0.5564408805798526,
    {
      "epoch_lwlrap": 0.5564408805798526,
      "loss": 0.03835822030398916,
      "lwlrap": 0.5561357298216798
    }
  ],
  "epoch_7": [
    "out/117_116_10sec/fold1/checkpoints/train.8.pth",
    0.5599926709347274,
    {
      "epoch_lwlrap": 0.5599926709347274,
      "loss": 0.03818084988035733,
      "lwlrap": 0.5595882704894932
    }
  ],
  "epoch_8": [
    "out/117_116_10sec/fold1/checkpoints/train.9.pth",
    0.5719594136349657,
    {
      "epoch_lwlrap": 0.5719594136349657,
      "loss": 0.037167479248741,
      "lwlrap": 0.5715923350783351
    }
  ],
  "epoch_9": [
    "out/117_116_10sec/fold1/checkpoints/train.10.pth",
    0.5688798456695057,
    {
      "epoch_lwlrap": 0.5688798456695057,
      "loss": 0.036423147919308785,
      "lwlrap": 0.5686668615002233
    }
  ],
  "epoch_10": [
    "out/117_116_10sec/fold1/checkpoints/train.11.pth",
    0.5735565983288964,
    {
      "epoch_lwlrap": 0.5735565983288964,
      "loss": 0.03677934375178965,
      "lwlrap": 0.5733069370009384
    }
  ],
  "epoch_11": [
    "out/117_116_10sec/fold1/checkpoints/train.12.pth",
    0.5775865225683114,
    {
      "epoch_lwlrap": 0.5775865225683114,
      "loss": 0.03607075747872707,
      "lwlrap": 0.5772015015149736
    }
  ],
  "epoch_12": [
    "out/117_116_10sec/fold1/checkpoints/train.13.pth",
    0.592667012067761,
    {
      "epoch_lwlrap": 0.592667012067761,
      "loss": 0.03496145724244258,
      "lwlrap": 0.5920134215998063
    }
  ],
  "epoch_13": [
    "out/117_116_10sec/fold1/checkpoints/train.14.pth",
    0.612986802867298,
    {
      "epoch_lwlrap": 0.612986802867298,
      "loss": 0.03419507912631276,
      "lwlrap": 0.6124741222742083
    }
  ],
  "epoch_14": [
    "out/117_116_10sec/fold1/checkpoints/train.15.pth",
    0.6189669534898699,
    {
      "epoch_lwlrap": 0.6189669534898699,
      "loss": 0.03342506739031916,
      "lwlrap": 0.6189009291036195
    }
  ],
  "epoch_15": [
    "out/117_116_10sec/fold1/checkpoints/train.16.pth",
    0.6219352569974976,
    {
      "epoch_lwlrap": 0.6219352569974976,
      "loss": 0.034677507505135194,
      "lwlrap": 0.6216798867620611
    }
  ],
  "epoch_16": [
    "out/117_116_10sec/fold1/checkpoints/train.17.pth",
    0.6476879505925148,
    {
      "epoch_lwlrap": 0.6476879505925148,
      "loss": 0.03027753103603039,
      "lwlrap": 0.6474350842503876
    }
  ],
  "epoch_17": [
    "out/117_116_10sec/fold1/checkpoints/train.18.pth",
    0.6901029871465556,
    {
      "epoch_lwlrap": 0.6901029871465556,
      "loss": 0.03164148695358244,
      "lwlrap": 0.6899913721024709
    }
  ],
  "epoch_18": [
    "out/117_116_10sec/fold1/checkpoints/train.19.pth",
    0.726538773582342,
    {
      "epoch_lwlrap": 0.726538773582342,
      "loss": 0.0269487141808377,
      "lwlrap": 0.7256860284997558
    }
  ],
  "epoch_19": [
    "out/117_116_10sec/fold1/checkpoints/train.20.pth",
    0.7724720530737128,
    {
      "epoch_lwlrap": 0.7724720530737128,
      "loss": 0.02498876929031646,
      "lwlrap": 0.7719596599090341
    }
  ],
  "epoch_20": [
    "out/117_116_10sec/fold1/checkpoints/train.21.pth",
    0.8097036032202007,
    {
      "epoch_lwlrap": 0.8097036032202007,
      "loss": 0.024113611400693277,
      "lwlrap": 0.8095553575929912
    }
  ],
  "epoch_21": [
    "out/117_116_10sec/fold1/checkpoints/train.22.pth",
    0.8008427948261974,
    {
      "epoch_lwlrap": 0.8008427948261974,
      "loss": 0.021889230660811256,
      "lwlrap": 0.8005067978699663
    }
  ],
  "epoch_22": [
    "out/117_116_10sec/fold1/checkpoints/train.23.pth",
    0.825538431140091,
    {
      "epoch_lwlrap": 0.825538431140091,
      "loss": 0.02028575137194702,
      "lwlrap": 0.8252732621106438
    }
  ],
  "epoch_23": [
    "out/117_116_10sec/fold1/checkpoints/train.24.pth",
    0.8421241621449089,
    {
      "epoch_lwlrap": 0.8421241621449089,
      "loss": 0.0197199380756179,
      "lwlrap": 0.8416791487099219
    }
  ],
  "epoch_24": [
    "out/117_116_10sec/fold1/checkpoints/train.25.pth",
    0.8302805769610749,
    {
      "epoch_lwlrap": 0.8302805769610749,
      "loss": 0.021925297593265645,
      "lwlrap": 0.8301408600948367
    }
  ],
  "epoch_25": [
    "out/117_116_10sec/fold1/checkpoints/train.26.pth",
    0.8549990120529539,
    {
      "epoch_lwlrap": 0.8549990120529539,
      "loss": 0.0178701414604856,
      "lwlrap": 0.8547454963279185
    }
  ],
  "epoch_26": [
    "out/117_116_10sec/fold1/checkpoints/train.27.pth",
    0.8755581900810117,
    {
      "epoch_lwlrap": 0.8755581900810117,
      "loss": 0.016561583313257886,
      "lwlrap": 0.8755207419814641
    }
  ],
  "epoch_27": [
    "out/117_116_10sec/fold1/checkpoints/train.28.pth",
    0.8787970098136073,
    {
      "epoch_lwlrap": 0.8787970098136073,
      "loss": 0.016618848546459203,
      "lwlrap": 0.8786903315470488
    }
  ],
  "epoch_28": [
    "out/117_116_10sec/fold1/checkpoints/train.29.pth",
    0.8784825133372851,
    {
      "epoch_lwlrap": 0.8784825133372851,
      "loss": 0.01645519049201585,
      "lwlrap": 0.8782610216867129
    }
  ],
  "epoch_29": [
    "out/117_116_10sec/fold1/checkpoints/train.30.pth",
    0.8765312142905504,
    {
      "epoch_lwlrap": 0.8765312142905504,
      "loss": 0.01650725499597154,
      "lwlrap": 0.8762022490466527
    }
  ],
  "epoch_30": [
    "out/117_116_10sec/fold1/checkpoints/train.31.pth",
    0.8766150401005173,
    {
      "epoch_lwlrap": 0.8766150401005173,
      "loss": 0.016387519697788396,
      "lwlrap": 0.8762827030139652
    }
  ],
  "epoch_31": [
    "out/117_116_10sec/fold1/checkpoints/train.32.pth",
    0.8776262925640519,
    {
      "epoch_lwlrap": 0.8776262925640519,
      "loss": 0.016194869288663823,
      "lwlrap": 0.8772605640322493
    }
  ],
  "epoch_32": [
    "out/117_116_10sec/fold1/checkpoints/train.33.pth",
    0.8747992671229186,
    {
      "epoch_lwlrap": 0.8747992671229186,
      "loss": 0.016352508582552022,
      "lwlrap": 0.8744765316112344
    }
  ],
  "epoch_33": [
    "out/117_116_10sec/fold1/checkpoints/train.34.pth",
    0.8664147401699269,
    {
      "epoch_lwlrap": 0.8664147401699269,
      "loss": 0.01693684474136759,