{
    "best": {
        "lwlrap": 0.9671717171717171,
        "loss": 0.03375686821527779,
        "epoch": 46
    },
    "last": {
        "lwlrap": 0.945959595959596,
        "loss": 0.03618785983417183,
        "epoch": 50
    },
    "epoch_1": {
        "lwlrap": 0.5393939393939394,
        "loss": 0.08060121582821012
    },
    "epoch_2": {
        "lwlrap": 0.7651515151515151,
        "loss": 0.05304243613500148
    },
    "epoch_3": {
        "lwlrap": 0.7729797979797981,
        "loss": 0.06002941098995507
    },
    "epoch_4": {
        "lwlrap": 0.8502525252525253,
        "loss": 0.05008876195643097
    },
    "epoch_5": {
        "lwlrap": 0.8345959595959596,
        "loss": 0.04900911054573953
    },
    "epoch_6": {
        "lwlrap": 0.8535353535353536,
        "loss": 0.047648381209000945
    },
    "epoch_7": {
        "lwlrap": 0.9116161616161617,
        "loss": 0.03583561920095235
    },
    "epoch_8": {
        "lwlrap": 0.9520202020202021,
        "loss": 0.03192212269641459
    },
    "epoch_9": {
        "lwlrap": 0.9343434343434344,
        "loss": 0.0332573662744835
    },
    "epoch_10": {
        "lwlrap": 0.9318181818181818,
        "loss": 0.03266198746860027
    },
    "epoch_11": {
        "lwlrap": 0.9318181818181819,
        "loss": 0.032707842299714684
    },
    "epoch_12": {
        "lwlrap": 0.9393939393939394,
        "loss": 0.031383950903546065
    },
    "epoch_13": {
        "lwlrap": 0.9444444444444445,
        "loss": 0.0336131559452042
    },
    "epoch_14": {
        "lwlrap": 0.9507575757575757,
        "loss": 0.03323258168529719
    },
    "epoch_15": {
        "lwlrap": 0.8787878787878788,
        "loss": 0.05027151957619935
    },
    "epoch_16": {
        "lwlrap": 0.904040404040404,
        "loss": 0.035139722749590874
    },
    "epoch_17": {
        "lwlrap": 0.8775252525252526,
        "loss": 0.038801304530352354
    },
    "epoch_18": {
        "lwlrap": 0.9247474747474749,
        "loss": 0.036650910740718246
    },
    "epoch_19": {
        "lwlrap": 0.8755050505050506,
        "loss": 0.04199560161214322
    },
    "epoch_20": {
        "lwlrap": 0.8244949494949496,
        "loss": 0.05559329432435334
    },
    "epoch_21": {
        "lwlrap": 0.8598484848484849,
        "loss": 0.05220815050415695
    },
    "epoch_22": {
        "lwlrap": 0.8502525252525254,
        "loss": 0.052537033101543784
    },
    "epoch_23": {
        "lwlrap": 0.9103535353535354,
        "loss": 0.03798228735104203
    },
    "epoch_24": {
        "lwlrap": 0.8396464646464645,
        "loss": 0.040144615108147264
    },
    "epoch_25": {
        "lwlrap": 0.8873737373737374,
        "loss": 0.045168397948145866
    },
    "epoch_26": {
        "lwlrap": 0.9101010101010102,
        "loss": 0.040656516095623374
    },
    "epoch_27": {
        "lwlrap": 0.9121212121212121,
        "loss": 0.03544395696371794
    },
    "epoch_28": {
        "lwlrap": 0.9255050505050506,
        "loss": 0.034043399384245276
    },
    "epoch_29": {
        "lwlrap": 0.920959595959596,
        "loss": 0.036096418160013855
    },
    "epoch_30": {
        "lwlrap": 0.9083333333333333,
        "loss": 0.034522104426287115
    },
    "epoch_31": {
        "lwlrap": 0.9234848484848485,
        "loss": 0.03469743300229311
    },
    "epoch_32": {
        "lwlrap": 0.9159090909090909,
        "loss": 0.03438482014462352
    },
    "epoch_33": {
        "lwlrap": 0.9083333333333333,
        "loss": 0.03344437887426466
    },
    "epoch_34": {
        "lwlrap": 0.9234848484848485,
        "loss": 0.03441052325069904
    },
    "epoch_35": {
        "lwlrap": 0.9393939393939394,
        "loss": 0.03685492847580463
    },
    "epoch_36": {
        "lwlrap": 0.9431818181818182,
        "loss": 0.040958690806292
    },
    "epoch_37": {
        "lwlrap": 0.9179292929292929,
        "loss": 0.04104722756892443
    },
    "epoch_38": {
        "lwlrap": 0.9393939393939394,
        "loss": 0.03765794506762177
    },
    "epoch_39": {
        "lwlrap": 0.9217171717171717,
        "loss": 0.038443263387307525
    },
    "epoch_40": {
        "lwlrap": 0.8484848484848485,
        "loss": 0.051185146905481815
    },
    "epoch_41": {
        "lwlrap": 0.8295454545454546,
        "loss": 0.04987436055671424
    },
    "epoch_42": {
        "lwlrap": 0.9313131313131313,
        "loss": 0.04745262651704252
    },
    "epoch_43": {
        "lwlrap": 0.9267676767676768,
        "loss": 0.03549917018972337
    },
    "epoch_44": {
        "lwlrap": 0.9330808080808081,
        "loss": 0.04036007612012327
    },
    "epoch_45": {
        "lwlrap": 0.9179292929292928,
        "loss": 0.03781145450193435
    },
    "epoch_46": {
        "lwlrap": 0.9671717171717171,
        "loss": 0.03375686821527779
    },
    "epoch_47": {
        "lwlrap": 0.965909090909091,
        "loss": 0.03444725729059428
    },
    "epoch_48": {
        "lwlrap": 0.9558080808080809,
        "loss": 0.035093739337753505
    },
    "epoch_49": {
        "lwlrap": 0.9383838383838384,
        "loss": 0.03631201072130352
    },
    "epoch_50": {
        "lwlrap": 0.945959595959596,
        "loss": 0.03618785983417183
    }
}