{
  "best": {
    "epoch_lwlrap": 0.8866495222684543,
    "lwlrap": 0.8863388531071458,
    "loss": 0.21005547381028897
  },
  "last": {
    "epoch_lwlrap": 0.8866495222684543,
    "lwlrap": 0.8863388531071458,
    "loss": 0.21005547381028897
  },
  "train.70": {
    "epoch_lwlrap": 0.8866495222684543,
    "lwlrap": 0.8863388531071458,
    "loss": 0.21005547381028897
  },
  "epoch_0": [
    "out/049_ResNest_strong_focal_5fold_70epochs/fold3/checkpoints/train.1.pth",
    0.2729489586210149,
    {
      "epoch_lwlrap": 0.2729489586210149,
      "lwlrap": 0.27308236683308945,
      "loss": 0.6552434299050308
    }
  ],
  "epoch_1": [
    "out/049_ResNest_strong_focal_5fold_70epochs/fold3/checkpoints/train.2.pth",
    0.3130415122139776,
    {
      "epoch_lwlrap": 0.3130415122139776,
      "lwlrap": 0.31329038974328427,
      "loss": 0.5864264941797024
    }
  ],
  "epoch_2": [
    "out/049_ResNest_strong_focal_5fold_70epochs/fold3/checkpoints/train.3.pth",
    0.4113669316148334,
    {
      "epoch_lwlrap": 0.4113669316148334,
      "lwlrap": 0.4118290024804817,
      "loss": 0.5406709435509474
    }
  ],
  "epoch_3": [
    "out/049_ResNest_strong_focal_5fold_70epochs/fold3/checkpoints/train.4.pth",
    0.5491788678039392,
    {
      "epoch_lwlrap": 0.5491788678039392,
      "lwlrap": 0.5494364161796012,
      "loss": 0.49517595956965194
    }
  ],
  "epoch_4": [
    "out/049_ResNest_strong_focal_5fold_70epochs/fold3/checkpoints/train.5.pth",
    0.544352022667985,
    {
      "epoch_lwlrap": 0.544352022667985,
      "lwlrap": 0.5442340583588792,
      "loss": 0.4946917664713976
    }
  ],
  "epoch_5": [
    "out/049_ResNest_strong_focal_5fold_70epochs/fold3/checkpoints/train.6.pth",
    0.6882105191749681,
    {
      "epoch_lwlrap": 0.6882105191749681,
      "lwlrap": 0.6884085712098624,
      "loss": 0.36800418481594177
    }
  ],
  "epoch_6": [
    "out/049_ResNest_strong_focal_5fold_70epochs/fold3/checkpoints/train.7.pth",
    0.7294765105444717,
    {
      "epoch_lwlrap": 0.7294765105444717,
      "lwlrap": 0.7294236161309331,
      "loss": 0.33808584983755907
    }
  ],
  "epoch_7": [
    "out/049_ResNest_strong_focal_5fold_70epochs/fold3/checkpoints/train.8.pth",
    0.7932606430786042,
    {
      "epoch_lwlrap": 0.7932606430786042,
      "lwlrap": 0.7931970843888804,
      "loss": 0.3027083755993261
    }
  ],
  "epoch_8": [
    "out/049_ResNest_strong_focal_5fold_70epochs/fold3/checkpoints/train.9.pth",
    0.823948273948274,
    {
      "epoch_lwlrap": 0.823948273948274,
      "lwlrap": 0.8240316630893127,
      "loss": 0.27554996304395724
    }
  ],
  "epoch_9": [
    "out/049_ResNest_strong_focal_5fold_70epochs/fold3/checkpoints/train.10.pth",
    0.8371427967365628,
    {
      "epoch_lwlrap": 0.8371427967365628,
      "lwlrap": 0.8373521372366044,
      "loss": 0.27200417329625387
    }
  ],
  "epoch_10": [
    "out/049_ResNest_strong_focal_5fold_70epochs/fold3/checkpoints/train.11.pth",
    0.834793628914094,
    {
      "epoch_lwlrap": 0.834793628914094,
      "lwlrap": 0.8349263990181833,
      "loss": 0.2710740723261019
    }
  ],
  "epoch_11": [
    "out/049_ResNest_strong_focal_5fold_70epochs/fold3/checkpoints/train.12.pth",
    0.8320860274315443,
    {
      "epoch_lwlrap": 0.8320860274315443,
      "lwlrap": 0.8322873544726943,
      "loss": 0.26856580303936467
    }
  ],
  "epoch_12": [
    "out/049_ResNest_strong_focal_5fold_70epochs/fold3/checkpoints/train.13.pth",
    0.8436649063862085,
    {
      "epoch_lwlrap": 0.8436649063862085,
      "lwlrap": 0.8436634949619167,
      "loss": 0.26644678377523656
    }
  ],
  "epoch_13": [
    "out/049_ResNest_strong_focal_5fold_70epochs/fold3/checkpoints/train.14.pth",
    0.8118052746479361,
    {
      "epoch_lwlrap": 0.8118052746479361,
      "lwlrap": 0.8118138227679118,
      "loss": 0.29083976004181833
    }
  ],
  "epoch_14": [
    "out/049_ResNest_strong_focal_5fold_70epochs/fold3/checkpoints/train.15.pth",
    0.7672557662912798,
    {
      "epoch_lwlrap": 0.7672557662912798,
      "lwlrap": 0.7674383112252176,
      "loss": 0.304382304302076
    }
  ],
  "epoch_15": [
    "out/049_ResNest_strong_focal_5fold_70epochs/fold3/checkpoints/train.16.pth",
    0.6842707589066812,
    {
      "epoch_lwlrap": 0.6842707589066812,
      "lwlrap": 0.6845241614753809,
      "loss": 0.39061927984400496
    }
  ],
  "epoch_16": [
    "out/049_ResNest_strong_focal_5fold_70epochs/fold3/checkpoints/train.17.pth",
    0.7123345101500441,
    {
      "epoch_lwlrap": 0.7123345101500441,
      "lwlrap": 0.7122716127594176,
      "loss": 0.3706684638814228
    }
  ],
  "epoch_17": [
    "out/049_ResNest_strong_focal_5fold_70epochs/fold3/checkpoints/train.18.pth",
    0.7959221199512461,
    {
      "epoch_lwlrap": 0.7959221199512461,
      "lwlrap": 0.7959613557174533,
      "loss": 0.28625111449055557
    }
  ],
  "epoch_18": [
    "out/049_ResNest_strong_focal_5fold_70epochs/fold3/checkpoints/train.19.pth",
    0.722784869486754,
    {
      "epoch_lwlrap": 0.722784869486754,
      "lwlrap": 0.722303915331175,
      "loss": 0.322958439007038
    }
  ],
  "epoch_19": [
    "out/049_ResNest_strong_focal_5fold_70epochs/fold3/checkpoints/train.20.pth",
    0.7825005630830872,
    {
      "epoch_lwlrap": 0.7825005630830872,
      "lwlrap": 0.7824041135016745,
      "loss": 0.30825021005258324
    }
  ],
  "epoch_20": [
    "out/049_ResNest_strong_focal_5fold_70epochs/fold3/checkpoints/train.21.pth",
    0.8371749023233889,
    {
      "epoch_lwlrap": 0.8371749023233889,
      "lwlrap": 0.8369062145676205,
      "loss": 0.24489210284337762
    }
  ],
  "epoch_21": [
    "out/049_ResNest_strong_focal_5fold_70epochs/fold3/checkpoints/train.22.pth",
    0.729446652322866,
    {
      "epoch_lwlrap": 0.729446652322866,
      "lwlrap": 0.7292459979045345,
      "loss": 0.3776617285681934
    }
  ],
  "epoch_22": [
    "out/049_ResNest_strong_focal_5fold_70epochs/fold3/checkpoints/train.23.pth",
    0.7792145287290918,
    {
      "epoch_lwlrap": 0.7792145287290918,
      "lwlrap": 0.77908041371456,
      "loss": 0.3177284876020943
    }
  ],
  "epoch_23": [
    "out/049_ResNest_strong_focal_5fold_70epochs/fold3/checkpoints/train.24.pth",
    0.8340597374577956,
    {
      "epoch_lwlrap": 0.8340597374577956,
      "lwlrap": 0.8340325971146371,
      "loss": 0.2321841159971749
    }
  ],
  "epoch_24": [
    "out/049_ResNest_strong_focal_5fold_70epochs/fold3/checkpoints/train.25.pth",
    0.8526660502388658,
    {
      "epoch_lwlrap": 0.8526660502388658,
      "lwlrap": 0.8526494914299793,
      "loss": 0.2250478173174509
    }
  ],
  "epoch_25": [
    "out/049_ResNest_strong_focal_5fold_70epochs/fold3/checkpoints/train.26.pth",
    0.8532959623979041,
    {
      "epoch_lwlrap": 0.8532959623979041,
      "lwlrap": 0.8532441136099673,
      "loss": 0.22224486135854954
    }
  ],
  "epoch_26": [
    "out/049_ResNest_strong_focal_5fold_70epochs/fold3/checkpoints/train.27.pth",
    0.8594390507011866,
    {
      "epoch_lwlrap": 0.8594390507011866,
      "lwlrap": 0.8592042374969204,
      "loss": 0.21977475241916936
    }
  ],
  "epoch_27": [
    "out/049_ResNest_strong_focal_5fold_70epochs/fold3/checkpoints/train.28.pth",
    0.8596817691477885,
    {
      "epoch_lwlrap": 0.8596817691477885,
      "lwlrap": 0.8595146587829514,
      "loss": 0.2164408951270871
    }
  ],
  "epoch_28": [
    "out/049_ResNest_strong_focal_5fold_70epochs/fold3/checkpoints/train.29.pth",
    0.8629295731237479,
    {
      "epoch_lwlrap": 0.8629295731237479,
      "lwlrap": 0.8627167141801287,
      "loss": 0.22470394140336572
    }
  ],
  "epoch_29": [
    "out/049_ResNest_strong_focal_5fold_70epochs/fold3/checkpoints/train.30.pth",
    0.8587108953613808,
    {
      "epoch_lwlrap": 0.8587108953613808,
      "lwlrap": 0.8584774575018477,
      "loss": 0.22562824487686156
    }
  ],