{
  "best": {
    "epoch_lwlrap": 0.8815518219644433,
    "loss": 0.02170040049567455,
    "lwlrap": 0.881845711298418
  },
  "last": {
    "epoch_lwlrap": 0.8447908887229275,
    "loss": 0.024873826380183057,
    "lwlrap": 0.8449109962018945
  },
  "train.51": {
    "epoch_lwlrap": 0.8815518219644433,
    "loss": 0.02170040049567455,
    "lwlrap": 0.881845711298418
  },
  "epoch_0": [
    "out/110_109_mixup/fold3/checkpoints/train.1.pth",
    0.2718330488378774,
    {
      "epoch_lwlrap": 0.2718330488378774,
      "loss": 0.10665056581904249,
      "lwlrap": 0.2721388979695305
    }
  ],
  "epoch_1": [
    "out/110_109_mixup/fold3/checkpoints/train.2.pth",
    0.36929494813793845,
    {
      "epoch_lwlrap": 0.36929494813793845,
      "loss": 0.06579762551842666,
      "lwlrap": 0.3694267806061154
    }
  ],
  "epoch_2": [
    "out/110_109_mixup/fold3/checkpoints/train.3.pth",
    0.44187171129557434,
    {
      "epoch_lwlrap": 0.44187171129557434,
      "loss": 0.06080812015911428,
      "lwlrap": 0.44200269918044427
    }
  ],
  "epoch_3": [
    "out/110_109_mixup/fold3/checkpoints/train.4.pth",
    0.45569661595147026,
    {
      "epoch_lwlrap": 0.45569661595147026,
      "loss": 0.0589208895476853,
      "lwlrap": 0.4559489022115435
    }
  ],
  "epoch_4": [
    "out/110_109_mixup/fold3/checkpoints/train.5.pth",
    0.5049954739945797,
    {
      "epoch_lwlrap": 0.5049954739945797,
      "loss": 0.0553274872462924,
      "lwlrap": 0.5051336684491292
    }
  ],
  "epoch_5": [
    "out/110_109_mixup/fold3/checkpoints/train.6.pth",
    0.5705893014752238,
    {
      "epoch_lwlrap": 0.5705893014752238,
      "loss": 0.05052421505494816,
      "lwlrap": 0.5704953997354354
    }
  ],
  "epoch_6": [
    "out/110_109_mixup/fold3/checkpoints/train.7.pth",
    0.604520324605276,
    {
      "epoch_lwlrap": 0.604520324605276,
      "loss": 0.04833815519402667,
      "lwlrap": 0.6046060181143466
    }
  ],
  "epoch_7": [
    "out/110_109_mixup/fold3/checkpoints/train.8.pth",
    0.6555363662766575,
    {
      "epoch_lwlrap": 0.6555363662766575,
      "loss": 0.04630395052273099,
      "lwlrap": 0.655406066436703
    }
  ],
  "epoch_8": [
    "out/110_109_mixup/fold3/checkpoints/train.9.pth",
    0.6775190559171141,
    {
      "epoch_lwlrap": 0.6775190559171141,
      "loss": 0.04575506288830827,
      "lwlrap": 0.677404064968015
    }
  ],
  "epoch_9": [
    "out/110_109_mixup/fold3/checkpoints/train.10.pth",
    0.6809233464359106,
    {
      "epoch_lwlrap": 0.6809233464359106,
      "loss": 0.045216766526786294,
      "lwlrap": 0.6808041408421084
    }
  ],
  "epoch_10": [
    "out/110_109_mixup/fold3/checkpoints/train.11.pth",
    0.6913009946776365,
    {
      "epoch_lwlrap": 0.6913009946776365,
      "loss": 0.04511184408897307,
      "lwlrap": 0.6911993626472053
    }
  ],
  "epoch_11": [
    "out/110_109_mixup/fold3/checkpoints/train.12.pth",
    0.6787640979174387,
    {
      "epoch_lwlrap": 0.6787640979174387,
      "loss": 0.045231819697996466,
      "lwlrap": 0.6787546581679976
    }
  ],
  "epoch_12": [
    "out/110_109_mixup/fold3/checkpoints/train.13.pth",
    0.6713650379698352,
    {
      "epoch_lwlrap": 0.6713650379698352,
      "loss": 0.044940894787631386,
      "lwlrap": 0.6713384733217116
    }
  ],
  "epoch_13": [
    "out/110_109_mixup/fold3/checkpoints/train.14.pth",
    0.6728764628036473,
    {
      "epoch_lwlrap": 0.6728764628036473,
      "loss": 0.042871598608610104,
      "lwlrap": 0.6727951973995996
    }
  ],
  "epoch_14": [
    "out/110_109_mixup/fold3/checkpoints/train.15.pth",
    0.6832312913623593,
    {
      "epoch_lwlrap": 0.6832312913623593,
      "loss": 0.043547226797516755,
      "lwlrap": 0.6831344790446516
    }
  ],
  "epoch_15": [
    "out/110_109_mixup/fold3/checkpoints/train.16.pth",
    0.7121823295366985,
    {
      "epoch_lwlrap": 0.7121823295366985,
      "loss": 0.04041189318749963,
      "lwlrap": 0.712065221776703
    }
  ],
  "epoch_16": [
    "out/110_109_mixup/fold3/checkpoints/train.17.pth",
    0.6882549077294937,
    {
      "epoch_lwlrap": 0.6882549077294937,
      "loss": 0.04130798460143368,
      "lwlrap": 0.6881210128671372
    }
  ],
  "epoch_17": [
    "out/110_109_mixup/fold3/checkpoints/train.18.pth",
    0.7740060101710586,
    {
      "epoch_lwlrap": 0.7740060101710586,
      "loss": 0.03522082599924831,
      "lwlrap": 0.7737926215499089
    }
  ],
  "epoch_18": [
    "out/110_109_mixup/fold3/checkpoints/train.19.pth",
    0.805100683605072,
    {
      "epoch_lwlrap": 0.805100683605072,
      "loss": 0.0328039053554942,
      "lwlrap": 0.8049765308922655
    }
  ],
  "epoch_19": [
    "out/110_109_mixup/fold3/checkpoints/train.20.pth",
    0.8158250325726053,
    {
      "epoch_lwlrap": 0.8158250325726053,
      "loss": 0.029751055760354528,
      "lwlrap": 0.8159814942146887
    }
  ],
  "epoch_20": [
    "out/110_109_mixup/fold3/checkpoints/train.21.pth",
    0.8112510240001297,
    {
      "epoch_lwlrap": 0.8112510240001297,
      "loss": 0.03108336140469807,
      "lwlrap": 0.8113184657062048
    }
  ],
  "epoch_21": [
    "out/110_109_mixup/fold3/checkpoints/train.22.pth",
    0.8351998325299296,
    {
      "epoch_lwlrap": 0.8351998325299296,
      "loss": 0.02933795909147437,
      "lwlrap": 0.835150211676089
    }
  ],
  "epoch_22": [
    "out/110_109_mixup/fold3/checkpoints/train.23.pth",
    0.8262287065685123,
    {
      "epoch_lwlrap": 0.8262287065685123,
      "loss": 0.027816087916129974,
      "lwlrap": 0.8259382497336097
    }
  ],
  "epoch_23": [
    "out/110_109_mixup/fold3/checkpoints/train.24.pth",
    0.8446601941747574,
    {
      "epoch_lwlrap": 0.8446601941747574,
      "loss": 0.02609671225271574,
      "lwlrap": 0.844487408288717
    }
  ],
  "epoch_24": [
    "out/110_109_mixup/fold3/checkpoints/train.25.pth",
    0.8577727693018955,
    {
      "epoch_lwlrap": 0.8577727693018955,
      "loss": 0.025628123341537103,
      "lwlrap": 0.857646950511317
    }
  ],
  "epoch_25": [
    "out/110_109_mixup/fold3/checkpoints/train.26.pth",
    0.8780765351153701,
    {
      "epoch_lwlrap": 0.8780765351153701,
      "loss": 0.023627239211303434,
      "lwlrap": 0.8782145754305183
    }
  ],
  "epoch_26": [
    "out/110_109_mixup/fold3/checkpoints/train.27.pth",
    0.85750693481276,
    {
      "epoch_lwlrap": 0.85750693481276,
      "loss": 0.02421411263143144,
      "lwlrap": 0.8575901532534489
    }
  ],
  "epoch_27": [
    "out/110_109_mixup/fold3/checkpoints/train.28.pth",
    0.8559100015410694,
    {
      "epoch_lwlrap": 0.8559100015410694,
      "loss": 0.02400442012926427,
      "lwlrap": 0.8559436465444794
    }
  ],
  "epoch_28": [
    "out/110_109_mixup/fold3/checkpoints/train.29.pth",
    0.8675255165546427,
    {
      "epoch_lwlrap": 0.8675255165546427,
      "loss": 0.02267361514088584,
      "lwlrap": 0.867405543098583
    }
  ],
  "epoch_29": [
    "out/110_109_mixup/fold3/checkpoints/train.30.pth",
    0.8667626871510367,
    {
      "epoch_lwlrap": 0.8667626871510367,
      "loss": 0.022316628658190004,
      "lwlrap": 0.8667501247513145
    }
  ],
  "epoch_30": [
    "out/110_109_mixup/fold3/checkpoints/train.31.pth",
    0.8593949200745317,
    {
      "epoch_lwlrap": 0.8593949200745317,
      "loss": 0.022896827584723146,
      "lwlrap": 0.8593898533220367
    }
  ],
  "epoch_31": [
    "out/110_109_mixup/fold3/checkpoints/train.32.pth",
    0.8757281553398057,
    {
      "epoch_lwlrap": 0.8757281553398057,
      "loss": 0.022461946508506452,
      "lwlrap": 0.8757564941503073
    }
  ],
  "epoch_32": [
    "out/110_109_mixup/fold3/checkpoints/train.33.pth",
    0.8673290301931078,
    {
      "epoch_lwlrap": 0.8673290301931078,
      "loss": 0.02314193851155479,
      "lwlrap": 0.8673787188421335
    }
  ],
  "epoch_33": [
    "out/110_109_mixup/fold3/checkpoints/train.34.pth",
    0.8744390765085707,
    {
      "epoch_lwlrap": 0.8744390765085707,
      "loss": 0.022932493832053206,