{
  "best": {
    "epoch_lwlrap": 0.8989337725381414,
    "loss": 0.05219799563652131,
    "lwlrap": 0.8988150629857947
  },
  "last": {
    "epoch_lwlrap": 0.8837055696064833,
    "loss": 0.061186319516926276,
    "lwlrap": 0.8834903379738387
  },
  "train.53": {
    "epoch_lwlrap": 0.8989337725381414,
    "loss": 0.05219799563652131,
    "lwlrap": 0.8988150629857947
  },
  "epoch_0": [
    "out/090_086_class_balanced_loss/fold3/checkpoints/train.1.pth",
    0.16062539130842207,
    {
      "epoch_lwlrap": 0.16062539130842207,
      "loss": 0.17690977890317033,
      "lwlrap": 0.16059857744910516
    }
  ],
  "epoch_1": [
    "out/090_086_class_balanced_loss/fold3/checkpoints/train.2.pth",
    0.27759846125066,
    {
      "epoch_lwlrap": 0.27759846125066,
      "loss": 0.16511836088285214,
      "lwlrap": 0.277701683159083
    }
  ],
  "epoch_2": [
    "out/090_086_class_balanced_loss/fold3/checkpoints/train.3.pth",
    0.3147775831658334,
    {
      "epoch_lwlrap": 0.3147775831658334,
      "loss": 0.16138381122089013,
      "lwlrap": 0.3147502437332142
    }
  ],
  "epoch_3": [
    "out/090_086_class_balanced_loss/fold3/checkpoints/train.4.pth",
    0.3726423808150399,
    {
      "epoch_lwlrap": 0.3726423808150399,
      "loss": 0.15320934587862434,
      "lwlrap": 0.3726206690258335
    }
  ],
  "epoch_4": [
    "out/090_086_class_balanced_loss/fold3/checkpoints/train.5.pth",
    0.36933929495247836,
    {
      "epoch_lwlrap": 0.36933929495247836,
      "loss": 0.15171555382449453,
      "lwlrap": 0.36916326700739654
    }
  ],
  "epoch_5": [
    "out/090_086_class_balanced_loss/fold3/checkpoints/train.6.pth",
    0.47086382666765303,
    {
      "epoch_lwlrap": 0.47086382666765303,
      "loss": 0.13867637813091277,
      "lwlrap": 0.47098490024855766
    }
  ],
  "epoch_6": [
    "out/090_086_class_balanced_loss/fold3/checkpoints/train.7.pth",
    0.5273064646093967,
    {
      "epoch_lwlrap": 0.5273064646093967,
      "loss": 0.131557194670526,
      "lwlrap": 0.5274305188422458
    }
  ],
  "epoch_7": [
    "out/090_086_class_balanced_loss/fold3/checkpoints/train.8.pth",
    0.5499890212268854,
    {
      "epoch_lwlrap": 0.5499890212268854,
      "loss": 0.12423755977211928,
      "lwlrap": 0.5503881124087504
    }
  ],
  "epoch_8": [
    "out/090_086_class_balanced_loss/fold3/checkpoints/train.9.pth",
    0.5985010674331063,
    {
      "epoch_lwlrap": 0.5985010674331063,
      "loss": 0.1184425818484004,
      "lwlrap": 0.5986753915252977
    }
  ],
  "epoch_9": [
    "out/090_086_class_balanced_loss/fold3/checkpoints/train.10.pth",
    0.5954301160005042,
    {
      "epoch_lwlrap": 0.5954301160005042,
      "loss": 0.11709331448485212,
      "lwlrap": 0.5956364164290994
    }
  ],
  "epoch_10": [
    "out/090_086_class_balanced_loss/fold3/checkpoints/train.11.pth",
    0.5973495712359218,
    {
      "epoch_lwlrap": 0.5973495712359218,
      "loss": 0.11643788701877361,
      "lwlrap": 0.5975118086122391
    }
  ],
  "epoch_11": [
    "out/090_086_class_balanced_loss/fold3/checkpoints/train.12.pth",
    0.6342567309586156,
    {
      "epoch_lwlrap": 0.6342567309586156,
      "loss": 0.11420084274396664,
      "lwlrap": 0.6342429446848385
    }
  ],
  "epoch_12": [
    "out/090_086_class_balanced_loss/fold3/checkpoints/train.13.pth",
    0.6097677201439338,
    {
      "epoch_lwlrap": 0.6097677201439338,
      "loss": 0.1132370453055312,
      "lwlrap": 0.6099029791346865
    }
  ],
  "epoch_13": [
    "out/090_086_class_balanced_loss/fold3/checkpoints/train.14.pth",
    0.6263063884208944,
    {
      "epoch_lwlrap": 0.6263063884208944,
      "loss": 0.10738970259340798,
      "lwlrap": 0.6262934678535605
    }
  ],
  "epoch_14": [
    "out/090_086_class_balanced_loss/fold3/checkpoints/train.15.pth",
    0.6891045712647654,
    {
      "epoch_lwlrap": 0.6891045712647654,
      "loss": 0.10264170874909657,
      "lwlrap": 0.689273351830575
    }
  ],
  "epoch_15": [
    "out/090_086_class_balanced_loss/fold3/checkpoints/train.16.pth",
    0.670965361499342,
    {
      "epoch_lwlrap": 0.670965361499342,
      "loss": 0.10232653199899487,
      "lwlrap": 0.6710357366211024
    }
  ],
  "epoch_16": [
    "out/090_086_class_balanced_loss/fold3/checkpoints/train.17.pth",
    0.6456407058805311,
    {
      "epoch_lwlrap": 0.6456407058805311,
      "loss": 0.11153463866652512,
      "lwlrap": 0.6458639688610617
    }
  ],
  "epoch_17": [
    "out/090_086_class_balanced_loss/fold3/checkpoints/train.18.pth",
    0.6496172352275256,
    {
      "epoch_lwlrap": 0.6496172352275256,
      "loss": 0.11016014676268507,
      "lwlrap": 0.6495311832831887
    }
  ],
  "epoch_18": [
    "out/090_086_class_balanced_loss/fold3/checkpoints/train.19.pth",
    0.7217443694385441,
    {
      "epoch_lwlrap": 0.7217443694385441,
      "loss": 0.0939382586173895,
      "lwlrap": 0.721933077762346
    }
  ],
  "epoch_19": [
    "out/090_086_class_balanced_loss/fold3/checkpoints/train.20.pth",
    0.7964776974116358,
    {
      "epoch_lwlrap": 0.7964776974116358,
      "loss": 0.0841680555081949,
      "lwlrap": 0.7963650112021922
    }
  ],
  "epoch_20": [
    "out/090_086_class_balanced_loss/fold3/checkpoints/train.21.pth",
    0.731168797491613,
    {
      "epoch_lwlrap": 0.731168797491613,
      "loss": 0.08931582577344849,
      "lwlrap": 0.7310060603353286
    }
  ],
  "epoch_21": [
    "out/090_086_class_balanced_loss/fold3/checkpoints/train.22.pth",
    0.7566643193249418,
    {
      "epoch_lwlrap": 0.7566643193249418,
      "loss": 0.08281158739473761,
      "lwlrap": 0.7564524836345276
    }
  ],
  "epoch_22": [
    "out/090_086_class_balanced_loss/fold3/checkpoints/train.23.pth",
    0.8105562048523214,
    {
      "epoch_lwlrap": 0.8105562048523214,
      "loss": 0.07583688017798633,
      "lwlrap": 0.8104800294556392
    }
  ],
  "epoch_23": [
    "out/090_086_class_balanced_loss/fold3/checkpoints/train.24.pth",
    0.8271364827190069,
    {
      "epoch_lwlrap": 0.8271364827190069,
      "loss": 0.07186239216385817,
      "lwlrap": 0.8271309124479856
    }
  ],
  "epoch_24": [
    "out/090_086_class_balanced_loss/fold3/checkpoints/train.25.pth",
    0.8381182328997863,
    {
      "epoch_lwlrap": 0.8381182328997863,
      "loss": 0.06351497115158454,
      "lwlrap": 0.8379471341666463
    }
  ],
  "epoch_25": [
    "out/090_086_class_balanced_loss/fold3/checkpoints/train.26.pth",
    0.85987247649869,
    {
      "epoch_lwlrap": 0.85987247649869,
      "loss": 0.06304014059828549,
      "lwlrap": 0.8598689955031419
    }
  ],
  "epoch_26": [
    "out/090_086_class_balanced_loss/fold3/checkpoints/train.27.pth",
    0.8717155956233626,
    {
      "epoch_lwlrap": 0.8717155956233626,
      "loss": 0.054595408933918656,
      "lwlrap": 0.8715084129962178
    }
  ],
  "epoch_27": [
    "out/090_086_class_balanced_loss/fold3/checkpoints/train.28.pth",
    0.8754254240904726,
    {
      "epoch_lwlrap": 0.8754254240904726,
      "loss": 0.056547596759912444,
      "lwlrap": 0.875281783257393
    }
  ],
  "epoch_28": [
    "out/090_086_class_balanced_loss/fold3/checkpoints/train.29.pth",
    0.8771767606719063,
    {
      "epoch_lwlrap": 0.8771767606719063,
      "loss": 0.056261245015917755,
      "lwlrap": 0.876979957711665
    }
  ],
  "epoch_29": [
    "out/090_086_class_balanced_loss/fold3/checkpoints/train.30.pth",
    0.8795851350248838,
    {
      "epoch_lwlrap": 0.8795851350248838,
      "loss": 0.05525021294995052,
      "lwlrap": 0.8793998349808967
    }
  ],
  "epoch_30": [
    "out/090_086_class_balanced_loss/fold3/checkpoints/train.31.pth",
    0.8869375096316844,
    {
      "epoch_lwlrap": 0.8869375096316844,
      "loss": 0.05616951025113827,
      "lwlrap": 0.8867883200810031
    }
  ],
  "epoch_31": [
    "out/090_086_class_balanced_loss/fold3/checkpoints/train.32.pth",
    0.8859709417747682,
    {
      "epoch_lwlrap": 0.8859709417747682,
      "loss": 0.05392867715620413,
      "lwlrap": 0.8857792685554523
    }
  ],