{
    "best": {
        "lwlrap": 0.8136767249443306,
        "loss": 0.14478478729724883,
        "epoch": 51
    },
    "last": {
        "lwlrap": 0.7556836218993372,
        "loss": 0.15843446552753448,
        "epoch": 55
    },
    "epoch_1": {
        "lwlrap": 0.21900761089650653,
        "loss": 0.4232761383056641
    },
    "epoch_2": {
        "lwlrap": 0.32906325758227517,
        "loss": 0.2672935754060745
    },
    "epoch_3": {
        "lwlrap": 0.36490204190802716,
        "loss": 0.2315419837832451
    },
    "epoch_4": {
        "lwlrap": 0.4047292724461708,
        "loss": 0.217073692381382
    },
    "epoch_5": {
        "lwlrap": 0.4628308108986939,
        "loss": 0.20399185121059418
    },
    "epoch_6": {
        "lwlrap": 0.5234214702110311,
        "loss": 0.20060254037380218
    },
    "epoch_7": {
        "lwlrap": 0.5383211445060803,
        "loss": 0.19008157402276993
    },
    "epoch_8": {
        "lwlrap": 0.6037720314363143,
        "loss": 0.18538013249635696
    },
    "epoch_9": {
        "lwlrap": 0.6072543434107556,
        "loss": 0.183189956843853
    },
    "epoch_10": {
        "lwlrap": 0.6156115142030635,
        "loss": 0.18436577469110488
    },
    "epoch_11": {
        "lwlrap": 0.6089247606853241,
        "loss": 0.1835894465446472
    },
    "epoch_12": {
        "lwlrap": 0.6121980081721503,
        "loss": 0.18477505892515184
    },
    "epoch_13": {
        "lwlrap": 0.6398057211437493,
        "loss": 0.18020263463258743
    },
    "epoch_14": {
        "lwlrap": 0.6215420160379389,
        "loss": 0.18183401226997375
    },
    "epoch_15": {
        "lwlrap": 0.6164133466950368,
        "loss": 0.18572816848754883
    },
    "epoch_16": {
        "lwlrap": 0.5660182860653418,
        "loss": 0.19244550466537474
    },
    "epoch_17": {
        "lwlrap": 0.555168772204812,
        "loss": 0.21729181110858917
    },
    "epoch_18": {
        "lwlrap": 0.5441328969290858,
        "loss": 0.1993571251630783
    },
    "epoch_19": {
        "lwlrap": 0.5860097927877603,
        "loss": 0.20009751319885255
    },
    "epoch_20": {
        "lwlrap": 0.5324005779577445,
        "loss": 0.2019099161028862
    },
    "epoch_21": {
        "lwlrap": 0.49416528718789654,
        "loss": 0.22537119835615158
    },
    "epoch_22": {
        "lwlrap": 0.520630672277862,
        "loss": 0.21701671332120895
    },
    "epoch_23": {
        "lwlrap": 0.6193833897852126,
        "loss": 0.18756023198366165
    },
    "epoch_24": {
        "lwlrap": 0.6875262624150689,
        "loss": 0.19200284630060196
    },
    "epoch_25": {
        "lwlrap": 0.6781859092366875,
        "loss": 0.17546356618404388
    },
    "epoch_26": {
        "lwlrap": 0.7126671231193098,
        "loss": 0.17660929560661315
    },
    "epoch_27": {
        "lwlrap": 0.7616470384076018,
        "loss": 0.15660267621278762
    },
    "epoch_28": {
        "lwlrap": 0.7505792240595799,
        "loss": 0.15927285254001616
    },
    "epoch_29": {
        "lwlrap": 0.7638497652582159,
        "loss": 0.1485803633928299
    },
    "epoch_30": {
        "lwlrap": 0.7628796347106206,
        "loss": 0.14850320816040039
    },
    "epoch_31": {
        "lwlrap": 0.7582958944523066,
        "loss": 0.14840113818645478
    },
    "epoch_32": {
        "lwlrap": 0.762873359241039,
        "loss": 0.1487018346786499
    },
    "epoch_33": {
        "lwlrap": 0.7814984004917725,
        "loss": 0.149590902030468
    },
    "epoch_34": {
        "lwlrap": 0.7666949289076791,
        "loss": 0.15565745234489442
    },
    "epoch_35": {
        "lwlrap": 0.7312204092575174,
        "loss": 0.16615143716335296
    },
    "epoch_36": {
        "lwlrap": 0.7022387214518262,
        "loss": 0.1631060793995857
    },
    "epoch_37": {
        "lwlrap": 0.6874624112948798,
        "loss": 0.1733596846461296
    },
    "epoch_38": {
        "lwlrap": 0.6329611154901129,
        "loss": 0.18114587664604187
    },
    "epoch_39": {
        "lwlrap": 0.6852318130487144,
        "loss": 0.17434480041265488
    },
    "epoch_40": {
        "lwlrap": 0.6911419892053694,
        "loss": 0.17844261974096298
    },
    "epoch_41": {
        "lwlrap": 0.5976336386989158,
        "loss": 0.2031192183494568
    },
    "epoch_42": {
        "lwlrap": 0.7014839421552076,
        "loss": 0.1777119904756546
    },
    "epoch_43": {
        "lwlrap": 0.6666317074560654,
        "loss": 0.1623743399977684
    },
    "epoch_44": {
        "lwlrap": 0.6915297339593114,
        "loss": 0.1715774953365326
    },
    "epoch_45": {
        "lwlrap": 0.7410121951754098,
        "loss": 0.15237345099449157
    },
    "epoch_46": {
        "lwlrap": 0.7571228719116043,
        "loss": 0.1513044521212578
    },
    "epoch_47": {
        "lwlrap": 0.7453510300341286,
        "loss": 0.15195217579603196
    },
    "epoch_48": {
        "lwlrap": 0.7861498113258676,
        "loss": 0.14877888560295105
    },
    "epoch_49": {
        "lwlrap": 0.8083927410770824,
        "loss": 0.14453163295984267
    },
    "epoch_50": {
        "lwlrap": 0.8094953682360476,
        "loss": 0.14640675261616706
    },
    "epoch_51": {
        "lwlrap": 0.8136767249443306,
        "loss": 0.14478478729724883
    },
    "epoch_52": {
        "lwlrap": 0.8068594420707097,
        "loss": 0.1431610256433487
    },
    "epoch_53": {
        "lwlrap": 0.7861419227616411,
        "loss": 0.14475762695074082
    },
    "epoch_54": {
        "lwlrap": 0.7951493146915682,
        "loss": 0.14379274547100068
    },
    "epoch_55": {
        "lwlrap": 0.7556836218993372,
        "loss": 0.15843446552753448
    }
}