{
  "best": {
    "epoch_lwlrap": 0.8917625231910946,
    "loss": 0.016238221175211228,
    "lwlrap": 0.8916350598223528
  },
  "last": {
    "epoch_lwlrap": 0.8846671525753158,
    "loss": 0.017525225772365254,
    "lwlrap": 0.8846545910344465
  },
  "train.53": {
    "epoch_lwlrap": 0.8917625231910946,
    "loss": 0.016238221175211228,
    "lwlrap": 0.8916350598223528
  },
  "epoch_0": [
    "out/114_113_5sec/fold2/checkpoints/train.1.pth",
    0.28137401408166,
    {
      "epoch_lwlrap": 0.28137401408166,
      "loss": 0.05723380381739679,
      "lwlrap": 0.2813763661511131
    }
  ],
  "epoch_1": [
    "out/114_113_5sec/fold2/checkpoints/train.2.pth",
    0.41029948389093873,
    {
      "epoch_lwlrap": 0.41029948389093873,
      "loss": 0.04434976211668533,
      "lwlrap": 0.40994204502886195
    }
  ],
  "epoch_2": [
    "out/114_113_5sec/fold2/checkpoints/train.3.pth",
    0.49598009608800886,
    {
      "epoch_lwlrap": 0.49598009608800886,
      "loss": 0.04069246342520655,
      "lwlrap": 0.49585029721826795
    }
  ],
  "epoch_3": [
    "out/114_113_5sec/fold2/checkpoints/train.4.pth",
    0.571154050031601,
    {
      "epoch_lwlrap": 0.571154050031601,
      "loss": 0.03614594554336964,
      "lwlrap": 0.5711291418608493
    }
  ],
  "epoch_4": [
    "out/114_113_5sec/fold2/checkpoints/train.5.pth",
    0.6171376995099733,
    {
      "epoch_lwlrap": 0.6171376995099733,
      "loss": 0.03382630688387426,
      "lwlrap": 0.6170430371252906
    }
  ],
  "epoch_5": [
    "out/114_113_5sec/fold2/checkpoints/train.6.pth",
    0.6717747178791597,
    {
      "epoch_lwlrap": 0.6717747178791597,
      "loss": 0.03112018605073293,
      "lwlrap": 0.671854723485168
    }
  ],
  "epoch_6": [
    "out/114_113_5sec/fold2/checkpoints/train.7.pth",
    0.6734109841651987,
    {
      "epoch_lwlrap": 0.6734109841651987,
      "loss": 0.029287651142894975,
      "lwlrap": 0.6732134273972772
    }
  ],
  "epoch_7": [
    "out/114_113_5sec/fold2/checkpoints/train.8.pth",
    0.7165230291250699,
    {
      "epoch_lwlrap": 0.7165230291250699,
      "loss": 0.02700825575585841,
      "lwlrap": 0.7164898979036288
    }
  ],
  "epoch_8": [
    "out/114_113_5sec/fold2/checkpoints/train.9.pth",
    0.7256263974121117,
    {
      "epoch_lwlrap": 0.7256263974121117,
      "loss": 0.026369213000123883,
      "lwlrap": 0.7257538488756494
    }
  ],
  "epoch_9": [
    "out/114_113_5sec/fold2/checkpoints/train.10.pth",
    0.7191673046464528,
    {
      "epoch_lwlrap": 0.7191673046464528,
      "loss": 0.026559039348652086,
      "lwlrap": 0.7192712275188089
    }
  ],
  "epoch_10": [
    "out/114_113_5sec/fold2/checkpoints/train.11.pth",
    0.7258260483970332,
    {
      "epoch_lwlrap": 0.7258260483970332,
      "loss": 0.026487160228775362,
      "lwlrap": 0.7259143564632025
    }
  ],
  "epoch_11": [
    "out/114_113_5sec/fold2/checkpoints/train.12.pth",
    0.7212332092633779,
    {
      "epoch_lwlrap": 0.7212332092633779,
      "loss": 0.026509173739502217,
      "lwlrap": 0.72132414354342
    }
  ],
  "epoch_12": [
    "out/114_113_5sec/fold2/checkpoints/train.13.pth",
    0.7167889290537914,
    {
      "epoch_lwlrap": 0.7167889290537914,
      "loss": 0.026390474853048355,
      "lwlrap": 0.7167968631353808
    }
  ],
  "epoch_13": [
    "out/114_113_5sec/fold2/checkpoints/train.14.pth",
    0.7304591137443843,
    {
      "epoch_lwlrap": 0.7304591137443843,
      "loss": 0.02604376476012753,
      "lwlrap": 0.730538594571331
    }
  ],
  "epoch_14": [
    "out/114_113_5sec/fold2/checkpoints/train.15.pth",
    0.7299693008984094,
    {
      "epoch_lwlrap": 0.7299693008984094,
      "loss": 0.02462556473374244,
      "lwlrap": 0.7298751084916476
    }
  ],
  "epoch_15": [
    "out/114_113_5sec/fold2/checkpoints/train.16.pth",
    0.7429174113867991,
    {
      "epoch_lwlrap": 0.7429174113867991,
      "loss": 0.024255752076735956,
      "lwlrap": 0.7428911417243246
    }
  ],
  "epoch_16": [
    "out/114_113_5sec/fold2/checkpoints/train.17.pth",
    0.7611134064015217,
    {
      "epoch_lwlrap": 0.7611134064015217,
      "loss": 0.022775148654762854,
      "lwlrap": 0.7612603180021748
    }
  ],
  "epoch_17": [
    "out/114_113_5sec/fold2/checkpoints/train.18.pth",
    0.7775505709232884,
    {
      "epoch_lwlrap": 0.7775505709232884,
      "loss": 0.022543261475370502,
      "lwlrap": 0.777912427649349
    }
  ],
  "epoch_18": [
    "out/114_113_5sec/fold2/checkpoints/train.19.pth",
    0.7599577859781941,
    {
      "epoch_lwlrap": 0.7599577859781941,
      "loss": 0.023127690660901395,
      "lwlrap": 0.7599642255544092
    }
  ],
  "epoch_19": [
    "out/114_113_5sec/fold2/checkpoints/train.20.pth",
    0.8238987389827725,
    {
      "epoch_lwlrap": 0.8238987389827725,
      "loss": 0.018435179106431242,
      "lwlrap": 0.823878752338908
    }
  ],
  "epoch_20": [
    "out/114_113_5sec/fold2/checkpoints/train.21.pth",
    0.8302529669876608,
    {
      "epoch_lwlrap": 0.8302529669876608,
      "loss": 0.01868959384828561,
      "lwlrap": 0.8304677088778263
    }
  ],
  "epoch_21": [
    "out/114_113_5sec/fold2/checkpoints/train.22.pth",
    0.8188712853562476,
    {
      "epoch_lwlrap": 0.8188712853562476,
      "loss": 0.01828148507861873,
      "lwlrap": 0.8189841857227631
    }
  ],
  "epoch_22": [
    "out/114_113_5sec/fold2/checkpoints/train.23.pth",
    0.8399518678600311,
    {
      "epoch_lwlrap": 0.8399518678600311,
      "loss": 0.017528590088932476,
      "lwlrap": 0.839753919338382
    }
  ],
  "epoch_23": [
    "out/114_113_5sec/fold2/checkpoints/train.24.pth",
    0.8472021891463353,
    {
      "epoch_lwlrap": 0.8472021891463353,
      "loss": 0.01782501418595758,
      "lwlrap": 0.8471145179520114
    }
  ],
  "epoch_24": [
    "out/114_113_5sec/fold2/checkpoints/train.25.pth",
    0.8479608033689666,
    {
      "epoch_lwlrap": 0.8479608033689666,
      "loss": 0.01719141432559386,
      "lwlrap": 0.8478166039743879
    }
  ],
  "epoch_25": [
    "out/114_113_5sec/fold2/checkpoints/train.26.pth",
    0.8611060028406967,
    {
      "epoch_lwlrap": 0.8611060028406967,
      "loss": 0.01474907810688632,
      "lwlrap": 0.8610281392801717
    }
  ],
  "epoch_26": [
    "out/114_113_5sec/fold2/checkpoints/train.27.pth",
    0.8638695997879671,
    {
      "epoch_lwlrap": 0.8638695997879671,
      "loss": 0.01545197056479936,
      "lwlrap": 0.8637298371941551
    }
  ],
  "epoch_27": [
    "out/114_113_5sec/fold2/checkpoints/train.28.pth",
    0.875098801425332,
    {
      "epoch_lwlrap": 0.875098801425332,
      "loss": 0.014332789958381848,
      "lwlrap": 0.8749167953172771
    }
  ],
  "epoch_28": [
    "out/114_113_5sec/fold2/checkpoints/train.29.pth",
    0.8724572253143682,
    {
      "epoch_lwlrap": 0.8724572253143682,
      "loss": 0.01491405063312608,
      "lwlrap": 0.8723105541006776
    }
  ],
  "epoch_29": [
    "out/114_113_5sec/fold2/checkpoints/train.30.pth",
    0.8734113732072915,
    {
      "epoch_lwlrap": 0.8734113732072915,
      "loss": 0.014549924443004491,
      "lwlrap": 0.8733229000693621
    }
  ],
  "epoch_30": [
    "out/114_113_5sec/fold2/checkpoints/train.31.pth",
    0.8700667020054775,
    {
      "epoch_lwlrap": 0.8700667020054775,
      "loss": 0.014612201104944749,
      "lwlrap": 0.8698720764664757
    }
  ],
  "epoch_31": [
    "out/114_113_5sec/fold2/checkpoints/train.32.pth",
    0.8720455734741448,
    {
      "epoch_lwlrap": 0.8720455734741448,
      "loss": 0.014616843417417183,
      "lwlrap": 0.8719056371043724
    }
  ],
  "epoch_32": [
    "out/114_113_5sec/fold2/checkpoints/train.33.pth",
    0.8704892952852137,
    {
      "epoch_lwlrap": 0.8704892952852137,
      "loss": 0.015348260907969846,
      "lwlrap": 0.8703414828226632
    }
  ],
  "epoch_33": [
    "out/114_113_5sec/fold2/checkpoints/train.34.pth",
    0.8809622463704097,
    {
      "epoch_lwlrap": 0.8809622463704097,
      "loss": 0.014896594063635657,
      "lwlrap": 0.8808535122521874
    }
  ],