{
  "best": {
    "epoch_lwlrap": 0.8976595006934812,
    "loss": 0.01588848433116587,
    "lwlrap": 0.8976609727769752
  },
  "last": {
    "epoch_lwlrap": 0.8650713633723341,
    "loss": 0.016485469915517945,
    "lwlrap": 0.8648758624546846
  },
  "train.53": {
    "epoch_lwlrap": 0.8976595006934812,
    "loss": 0.01588848433116587,
    "lwlrap": 0.8976609727769752
  },
  "epoch_0": [
    "out/102_101_bce_focal_loss/fold3/checkpoints/train.1.pth",
    0.2627951595734961,
    {
      "epoch_lwlrap": 0.2627951595734961,
      "loss": 0.046765274209220234,
      "lwlrap": 0.26296095164105426
    }
  ],
  "epoch_1": [
    "out/102_101_bce_focal_loss/fold3/checkpoints/train.2.pth",
    0.2623688709699302,
    {
      "epoch_lwlrap": 0.2623688709699302,
      "loss": 0.04319688677787781,
      "lwlrap": 0.26260214726926867
    }
  ],
  "epoch_2": [
    "out/102_101_bce_focal_loss/fold3/checkpoints/train.3.pth",
    0.31740174958749306,
    {
      "epoch_lwlrap": 0.31740174958749306,
      "loss": 0.04138307873068786,
      "lwlrap": 0.3175908843861816
    }
  ],
  "epoch_3": [
    "out/102_101_bce_focal_loss/fold3/checkpoints/train.4.pth",
    0.2782667300720894,
    {
      "epoch_lwlrap": 0.2782667300720894,
      "loss": 0.04165227511307088,
      "lwlrap": 0.2785017347848102
    }
  ],
  "epoch_4": [
    "out/102_101_bce_focal_loss/fold3/checkpoints/train.5.pth",
    0.30824336642797523,
    {
      "epoch_lwlrap": 0.30824336642797523,
      "loss": 0.04127395289336763,
      "lwlrap": 0.3084289344172292
    }
  ],
  "epoch_5": [
    "out/102_101_bce_focal_loss/fold3/checkpoints/train.6.pth",
    0.3509446354591234,
    {
      "epoch_lwlrap": 0.3509446354591234,
      "loss": 0.03969417021768849,
      "lwlrap": 0.350857681998524
    }
  ],
  "epoch_6": [
    "out/102_101_bce_focal_loss/fold3/checkpoints/train.7.pth",
    0.35072389051111735,
    {
      "epoch_lwlrap": 0.35072389051111735,
      "loss": 0.038883233124889977,
      "lwlrap": 0.35059967779098267
    }
  ],
  "epoch_7": [
    "out/102_101_bce_focal_loss/fold3/checkpoints/train.8.pth",
    0.4114270313391492,
    {
      "epoch_lwlrap": 0.4114270313391492,
      "loss": 0.038042384313374034,
      "lwlrap": 0.411501644790193
    }
  ],
  "epoch_8": [
    "out/102_101_bce_focal_loss/fold3/checkpoints/train.9.pth",
    0.40626686227696174,
    {
      "epoch_lwlrap": 0.40626686227696174,
      "loss": 0.037515542401773176,
      "lwlrap": 0.4063983299695033
    }
  ],
  "epoch_9": [
    "out/102_101_bce_focal_loss/fold3/checkpoints/train.10.pth",
    0.40834889844309274,
    {
      "epoch_lwlrap": 0.40834889844309274,
      "loss": 0.03716220597668392,
      "lwlrap": 0.4085339960709461
    }
  ],
  "epoch_10": [
    "out/102_101_bce_focal_loss/fold3/checkpoints/train.11.pth",
    0.4076411307906844,
    {
      "epoch_lwlrap": 0.4076411307906844,
      "loss": 0.037140837166367506,
      "lwlrap": 0.4078123779210087
    }
  ],
  "epoch_11": [
    "out/102_101_bce_focal_loss/fold3/checkpoints/train.12.pth",
    0.41931398909836043,
    {
      "epoch_lwlrap": 0.41931398909836043,
      "loss": 0.03683176900192005,
      "lwlrap": 0.41950421679437744
    }
  ],
  "epoch_12": [
    "out/102_101_bce_focal_loss/fold3/checkpoints/train.13.pth",
    0.4288751514115216,
    {
      "epoch_lwlrap": 0.4288751514115216,
      "loss": 0.03658384775243154,
      "lwlrap": 0.42896271254893303
    }
  ],
  "epoch_13": [
    "out/102_101_bce_focal_loss/fold3/checkpoints/train.14.pth",
    0.46726126162087567,
    {
      "epoch_lwlrap": 0.46726126162087567,
      "loss": 0.035655924914086735,
      "lwlrap": 0.4674618941071305
    }
  ],
  "epoch_14": [
    "out/102_101_bce_focal_loss/fold3/checkpoints/train.15.pth",
    0.5001992608638436,
    {
      "epoch_lwlrap": 0.5001992608638436,
      "loss": 0.03460881441104703,
      "lwlrap": 0.5004475891207676
    }
  ],
  "epoch_15": [
    "out/102_101_bce_focal_loss/fold3/checkpoints/train.16.pth",
    0.5012416872489311,
    {
      "epoch_lwlrap": 0.5012416872489311,
      "loss": 0.03375423136280804,
      "lwlrap": 0.501228629426688
    }
  ],
  "epoch_16": [
    "out/102_101_bce_focal_loss/fold3/checkpoints/train.17.pth",
    0.5497867483268682,
    {
      "epoch_lwlrap": 0.5497867483268682,
      "loss": 0.03283970993829936,
      "lwlrap": 0.5498070136424408
    }
  ],
  "epoch_17": [
    "out/102_101_bce_focal_loss/fold3/checkpoints/train.18.pth",
    0.5230866914511975,
    {
      "epoch_lwlrap": 0.5230866914511975,
      "loss": 0.031090791814210938,
      "lwlrap": 0.523223152031197
    }
  ],
  "epoch_18": [
    "out/102_101_bce_focal_loss/fold3/checkpoints/train.19.pth",
    0.5750803471070461,
    {
      "epoch_lwlrap": 0.5750803471070461,
      "loss": 0.0302635937383989,
      "lwlrap": 0.5749293269028547
    }
  ],
  "epoch_19": [
    "out/102_101_bce_focal_loss/fold3/checkpoints/train.20.pth",
    0.6239334421396534,
    {
      "epoch_lwlrap": 0.6239334421396534,
      "loss": 0.02881576729620375,
      "lwlrap": 0.6241307994909744
    }
  ],
  "epoch_20": [
    "out/102_101_bce_focal_loss/fold3/checkpoints/train.21.pth",
    0.6171082372347798,
    {
      "epoch_lwlrap": 0.6171082372347798,
      "loss": 0.028044054966147352,
      "lwlrap": 0.61711731212878
    }
  ],
  "epoch_21": [
    "out/102_101_bce_focal_loss/fold3/checkpoints/train.22.pth",
    0.655268881603833,
    {
      "epoch_lwlrap": 0.655268881603833,
      "loss": 0.02688317391567114,
      "lwlrap": 0.6550025237502929
    }
  ],
  "epoch_22": [
    "out/102_101_bce_focal_loss/fold3/checkpoints/train.23.pth",
    0.7075379559233506,
    {
      "epoch_lwlrap": 0.7075379559233506,
      "loss": 0.026423896867327573,
      "lwlrap": 0.7075058898631825
    }
  ],
  "epoch_23": [
    "out/102_101_bce_focal_loss/fold3/checkpoints/train.24.pth",
    0.7543883705291472,
    {
      "epoch_lwlrap": 0.7543883705291472,
      "loss": 0.023004458263152984,
      "lwlrap": 0.7542450510029332
    }
  ],
  "epoch_24": [
    "out/102_101_bce_focal_loss/fold3/checkpoints/train.25.pth",
    0.7702291303626254,
    {
      "epoch_lwlrap": 0.7702291303626254,
      "loss": 0.02314564940042612,
      "lwlrap": 0.7699039541990168
    }
  ],
  "epoch_25": [
    "out/102_101_bce_focal_loss/fold3/checkpoints/train.26.pth",
    0.7908926294848624,
    {
      "epoch_lwlrap": 0.7908926294848624,
      "loss": 0.022384529206447488,
      "lwlrap": 0.7906406548702802
    }
  ],
  "epoch_26": [
    "out/102_101_bce_focal_loss/fold3/checkpoints/train.27.pth",
    0.8182905686546463,
    {
      "epoch_lwlrap": 0.8182905686546463,
      "loss": 0.02064164091901081,
      "lwlrap": 0.8182380102546669
    }
  ],
  "epoch_27": [
    "out/102_101_bce_focal_loss/fold3/checkpoints/train.28.pth",
    0.8253294036061025,
    {
      "epoch_lwlrap": 0.8253294036061025,
      "loss": 0.019776859025402764,
      "lwlrap": 0.8254311492592278
    }
  ],
  "epoch_28": [
    "out/102_101_bce_focal_loss/fold3/checkpoints/train.29.pth",
    0.8415955673237228,
    {
      "epoch_lwlrap": 0.8415955673237228,
      "loss": 0.019510221190568878,
      "lwlrap": 0.8415525871444968
    }
  ],
  "epoch_29": [
    "out/102_101_bce_focal_loss/fold3/checkpoints/train.30.pth",
    0.8450570195715827,
    {
      "epoch_lwlrap": 0.8450570195715827,
      "loss": 0.019497315785506876,
      "lwlrap": 0.8450031632720507
    }
  ],
  "epoch_30": [
    "out/102_101_bce_focal_loss/fold3/checkpoints/train.31.pth",
    0.8405977248210257,
    {
      "epoch_lwlrap": 0.8405977248210257,
      "loss": 0.019543348289117583,
      "lwlrap": 0.8406093655171585
    }
  ],
  "epoch_31": [
    "out/102_101_bce_focal_loss/fold3/checkpoints/train.32.pth",
    0.8428014542092211,
    {
      "epoch_lwlrap": 0.8428014542092211,
      "loss": 0.01950855734871655,
      "lwlrap": 0.8427703052450227
    }
  ],