{
  "best": {
    "epoch_lwlrap": 0.8876955321822242,
    "loss": 0.017228090071252415,
    "lwlrap": 0.8885068220810852
  },
  "last": {
    "epoch_lwlrap": 0.8625755792580887,
    "loss": 0.018866727527763163,
    "lwlrap": 0.8630743533852
  },
  "train.48": {
    "epoch_lwlrap": 0.8876955321822242,
    "loss": 0.017228090071252415,
    "lwlrap": 0.8885068220810852
  },
  "epoch_0": [
    "out/102_101_bce_focal_loss/fold1/checkpoints/train.1.pth",
    0.2351719543901861,
    {
      "epoch_lwlrap": 0.2351719543901861,
      "loss": 0.046032755620895864,
      "lwlrap": 0.23602384719753203
    }
  ],
  "epoch_1": [
    "out/102_101_bce_focal_loss/fold1/checkpoints/train.2.pth",
    0.2613381103332427,
    {
      "epoch_lwlrap": 0.2613381103332427,
      "loss": 0.04269665751665357,
      "lwlrap": 0.2620440921705679
    }
  ],
  "epoch_2": [
    "out/102_101_bce_focal_loss/fold1/checkpoints/train.3.pth",
    0.3021421978972084,
    {
      "epoch_lwlrap": 0.3021421978972084,
      "loss": 0.04184388901506152,
      "lwlrap": 0.30321386383997856
    }
  ],
  "epoch_3": [
    "out/102_101_bce_focal_loss/fold1/checkpoints/train.4.pth",
    0.3290019187904978,
    {
      "epoch_lwlrap": 0.3290019187904978,
      "loss": 0.04052113280409858,
      "lwlrap": 0.32988091974134354
    }
  ],
  "epoch_4": [
    "out/102_101_bce_focal_loss/fold1/checkpoints/train.5.pth",
    0.386818748921746,
    {
      "epoch_lwlrap": 0.386818748921746,
      "loss": 0.03848929123746024,
      "lwlrap": 0.3873859617826649
    }
  ],
  "epoch_5": [
    "out/102_101_bce_focal_loss/fold1/checkpoints/train.6.pth",
    0.4425821761698863,
    {
      "epoch_lwlrap": 0.4425821761698863,
      "loss": 0.03751366561840451,
      "lwlrap": 0.44541700104336335
    }
  ],
  "epoch_6": [
    "out/102_101_bce_focal_loss/fold1/checkpoints/train.7.pth",
    0.5134585346612563,
    {
      "epoch_lwlrap": 0.5134585346612563,
      "loss": 0.03506860834738565,
      "lwlrap": 0.5138358414798297
    }
  ],
  "epoch_7": [
    "out/102_101_bce_focal_loss/fold1/checkpoints/train.8.pth",
    0.5587702850893118,
    {
      "epoch_lwlrap": 0.5587702850893118,
      "loss": 0.03377510323410943,
      "lwlrap": 0.5612364128076993
    }
  ],
  "epoch_8": [
    "out/102_101_bce_focal_loss/fold1/checkpoints/train.9.pth",
    0.5598976257771535,
    {
      "epoch_lwlrap": 0.5598976257771535,
      "loss": 0.032908404571196384,
      "lwlrap": 0.5615931044973415
    }
  ],
  "epoch_9": [
    "out/102_101_bce_focal_loss/fold1/checkpoints/train.10.pth",
    0.5503567019776745,
    {
      "epoch_lwlrap": 0.5503567019776745,
      "loss": 0.03292244773298975,
      "lwlrap": 0.5516204293075787
    }
  ],
  "epoch_10": [
    "out/102_101_bce_focal_loss/fold1/checkpoints/train.11.pth",
    0.5506704111266849,
    {
      "epoch_lwlrap": 0.5506704111266849,
      "loss": 0.033147795125842094,
      "lwlrap": 0.551929968547032
    }
  ],
  "epoch_11": [
    "out/102_101_bce_focal_loss/fold1/checkpoints/train.12.pth",
    0.558583774412594,
    {
      "epoch_lwlrap": 0.558583774412594,
      "loss": 0.0325958559969588,
      "lwlrap": 0.5603117339643473
    }
  ],
  "epoch_12": [
    "out/102_101_bce_focal_loss/fold1/checkpoints/train.13.pth",
    0.5695108756895828,
    {
      "epoch_lwlrap": 0.5695108756895828,
      "loss": 0.03219151964026784,
      "lwlrap": 0.5706856312936245
    }
  ],
  "epoch_13": [
    "out/102_101_bce_focal_loss/fold1/checkpoints/train.14.pth",
    0.5644338373475856,
    {
      "epoch_lwlrap": 0.5644338373475856,
      "loss": 0.03244506768764012,
      "lwlrap": 0.5659657922569665
    }
  ],
  "epoch_14": [
    "out/102_101_bce_focal_loss/fold1/checkpoints/train.15.pth",
    0.6135092938324878,
    {
      "epoch_lwlrap": 0.6135092938324878,
      "loss": 0.03195122457922451,
      "lwlrap": 0.6152128178748549
    }
  ],
  "epoch_15": [
    "out/102_101_bce_focal_loss/fold1/checkpoints/train.16.pth",
    0.6381442226974545,
    {
      "epoch_lwlrap": 0.6381442226974545,
      "loss": 0.030139973534951132,
      "lwlrap": 0.6396916648185716
    }
  ],
  "epoch_16": [
    "out/102_101_bce_focal_loss/fold1/checkpoints/train.17.pth",
    0.6559179798555778,
    {
      "epoch_lwlrap": 0.6559179798555778,
      "loss": 0.029709372787721573,
      "lwlrap": 0.6583242523332953
    }
  ],
  "epoch_17": [
    "out/102_101_bce_focal_loss/fold1/checkpoints/train.18.pth",
    0.6185113728812006,
    {
      "epoch_lwlrap": 0.6185113728812006,
      "loss": 0.03633076975506449,
      "lwlrap": 0.620412465577615
    }
  ],
  "epoch_18": [
    "out/102_101_bce_focal_loss/fold1/checkpoints/train.19.pth",
    0.6368419863074009,
    {
      "epoch_lwlrap": 0.6368419863074009,
      "loss": 0.03138516405745158,
      "lwlrap": 0.6386940841938923
    }
  ],
  "epoch_19": [
    "out/102_101_bce_focal_loss/fold1/checkpoints/train.20.pth",
    0.6870448184661713,
    {
      "epoch_lwlrap": 0.6870448184661713,
      "loss": 0.02670636566148864,
      "lwlrap": 0.6888425478080419
    }
  ],
  "epoch_20": [
    "out/102_101_bce_focal_loss/fold1/checkpoints/train.21.pth",
    0.7154616665548225,
    {
      "epoch_lwlrap": 0.7154616665548225,
      "loss": 0.0272968862028349,
      "lwlrap": 0.7173687769061147
    }
  ],
  "epoch_21": [
    "out/102_101_bce_focal_loss/fold1/checkpoints/train.22.pth",
    0.7278170076649164,
    {
      "epoch_lwlrap": 0.7278170076649164,
      "loss": 0.02547721623901337,
      "lwlrap": 0.7291401830092306
    }
  ],
  "epoch_22": [
    "out/102_101_bce_focal_loss/fold1/checkpoints/train.23.pth",
    0.7378457991100577,
    {
      "epoch_lwlrap": 0.7378457991100577,
      "loss": 0.027693881461071587,
      "lwlrap": 0.7379117339576523
    }
  ],
  "epoch_23": [
    "out/102_101_bce_focal_loss/fold1/checkpoints/train.24.pth",
    0.8135199084818856,
    {
      "epoch_lwlrap": 0.8135199084818856,
      "loss": 0.022391653368397366,
      "lwlrap": 0.8144998378734549
    }
  ],
  "epoch_24": [
    "out/102_101_bce_focal_loss/fold1/checkpoints/train.25.pth",
    0.8334871402361897,
    {
      "epoch_lwlrap": 0.8334871402361897,
      "loss": 0.021143127424967666,
      "lwlrap": 0.8341786593770721
    }
  ],
  "epoch_25": [
    "out/102_101_bce_focal_loss/fold1/checkpoints/train.26.pth",
    0.8544080477590583,
    {
      "epoch_lwlrap": 0.8544080477590583,
      "loss": 0.020449989224000584,
      "lwlrap": 0.8537899044008066
    }
  ],
  "epoch_26": [
    "out/102_101_bce_focal_loss/fold1/checkpoints/train.27.pth",
    0.8391473930279566,
    {
      "epoch_lwlrap": 0.8391473930279566,
      "loss": 0.02070181510810341,
      "lwlrap": 0.8392317220298414
    }
  ],
  "epoch_27": [
    "out/102_101_bce_focal_loss/fold1/checkpoints/train.28.pth",
    0.8417240026555617,
    {
      "epoch_lwlrap": 0.8417240026555617,
      "loss": 0.019927070535246342,
      "lwlrap": 0.8414923039923039
    }
  ],
  "epoch_28": [
    "out/102_101_bce_focal_loss/fold1/checkpoints/train.29.pth",
    0.8559476222974323,
    {
      "epoch_lwlrap": 0.8559476222974323,
      "loss": 0.019351657627830428,
      "lwlrap": 0.8563518271851605
    }
  ],
  "epoch_29": [
    "out/102_101_bce_focal_loss/fold1/checkpoints/train.30.pth",
    0.8460538227698524,
    {
      "epoch_lwlrap": 0.8460538227698524,
      "loss": 0.019406276621988842,
      "lwlrap": 0.8459444140051908
    }
  ],
  "epoch_30": [
    "out/102_101_bce_focal_loss/fold1/checkpoints/train.31.pth",
    0.8506683219610977,
    {
      "epoch_lwlrap": 0.8506683219610977,
      "loss": 0.01946813423955251,
      "lwlrap": 0.8509159627640355
    }
  ],
  "epoch_31": [
    "out/102_101_bce_focal_loss/fold1/checkpoints/train.32.pth",
    0.849443237370994,
    {
      "epoch_lwlrap": 0.849443237370994,
      "loss": 0.019700372088996193,
      "lwlrap": 0.8493592522787534
    }
  ],