{
  "best": {
    "epoch_lwlrap": 0.868111592240512,
    "loss": 0.02261924452997826,
    "lwlrap": 0.8677499090502755
  },
  "last": {
    "epoch_lwlrap": 0.8443906122913092,
    "loss": 0.031475641379207914,
    "lwlrap": 0.8441348385029704
  },
  "train.29": {
    "epoch_lwlrap": 0.868111592240512,
    "loss": 0.02261924452997826,
    "lwlrap": 0.8677499090502755
  },
  "epoch_0": [
    "out/118_117_EffnetB3/fold2/checkpoints/train.1.pth",
    0.31881864173877816,
    {
      "epoch_lwlrap": 0.31881864173877816,
      "loss": 0.05254981606762051,
      "lwlrap": 0.3176801726333817
    }
  ],
  "epoch_1": [
    "out/118_117_EffnetB3/fold2/checkpoints/train.2.pth",
    0.32837063604584404,
    {
      "epoch_lwlrap": 0.32837063604584404,
      "loss": 0.05183694620818009,
      "lwlrap": 0.3262471949481871
    }
  ],
  "epoch_2": [
    "out/118_117_EffnetB3/fold2/checkpoints/train.3.pth",
    0.38057774676190337,
    {
      "epoch_lwlrap": 0.38057774676190337,
      "loss": 0.04571923560329846,
      "lwlrap": 0.3777211241344331
    }
  ],
  "epoch_3": [
    "out/118_117_EffnetB3/fold2/checkpoints/train.4.pth",
    0.46627443546638053,
    {
      "epoch_lwlrap": 0.46627443546638053,
      "loss": 0.043331767231116806,
      "lwlrap": 0.4628110949243248
    }
  ],
  "epoch_4": [
    "out/118_117_EffnetB3/fold2/checkpoints/train.5.pth",
    0.5098864370923194,
    {
      "epoch_lwlrap": 0.5098864370923194,
      "loss": 0.037700410127203106,
      "lwlrap": 0.5067639259345429
    }
  ],
  "epoch_5": [
    "out/118_117_EffnetB3/fold2/checkpoints/train.6.pth",
    0.5864122085811982,
    {
      "epoch_lwlrap": 0.5864122085811982,
      "loss": 0.035641207676994933,
      "lwlrap": 0.5839677393706698
    }
  ],
  "epoch_6": [
    "out/118_117_EffnetB3/fold2/checkpoints/train.7.pth",
    0.6068761909789785,
    {
      "epoch_lwlrap": 0.6068761909789785,
      "loss": 0.03390863172082237,
      "lwlrap": 0.6051949934886444
    }
  ],
  "epoch_7": [
    "out/118_117_EffnetB3/fold2/checkpoints/train.8.pth",
    0.6446435774832988,
    {
      "epoch_lwlrap": 0.6446435774832988,
      "loss": 0.03286530833432089,
      "lwlrap": 0.6431817521866363
    }
  ],
  "epoch_8": [
    "out/118_117_EffnetB3/fold2/checkpoints/train.9.pth",
    0.650191465522476,
    {
      "epoch_lwlrap": 0.650191465522476,
      "loss": 0.03200158950337124,
      "lwlrap": 0.6485071590993449
    }
  ],
  "epoch_9": [
    "out/118_117_EffnetB3/fold2/checkpoints/train.10.pth",
    0.6613031132630436,
    {
      "epoch_lwlrap": 0.6613031132630436,
      "loss": 0.0316167828309667,
      "lwlrap": 0.6601522936840397
    }
  ],
  "epoch_10": [
    "out/118_117_EffnetB3/fold2/checkpoints/train.11.pth",
    0.6657331262142699,
    {
      "epoch_lwlrap": 0.6657331262142699,
      "loss": 0.031668459539448385,
      "lwlrap": 0.665217918742662
    }
  ],
  "epoch_11": [
    "out/118_117_EffnetB3/fold2/checkpoints/train.12.pth",
    0.662593694024315,
    {
      "epoch_lwlrap": 0.662593694024315,
      "loss": 0.031619005560219945,
      "lwlrap": 0.6614373064150412
    }
  ],
  "epoch_12": [
    "out/118_117_EffnetB3/fold2/checkpoints/train.13.pth",
    0.6523114177730902,
    {
      "epoch_lwlrap": 0.6523114177730902,
      "loss": 0.030962147009678375,
      "lwlrap": 0.6512272765783145
    }
  ],
  "epoch_13": [
    "out/118_117_EffnetB3/fold2/checkpoints/train.14.pth",
    0.6743288167504196,
    {
      "epoch_lwlrap": 0.6743288167504196,
      "loss": 0.030544535499134346,
      "lwlrap": 0.6742241502009512
    }
  ],
  "epoch_14": [
    "out/118_117_EffnetB3/fold2/checkpoints/train.15.pth",
    0.709147322866835,
    {
      "epoch_lwlrap": 0.709147322866835,
      "loss": 0.0298536071901793,
      "lwlrap": 0.7085833141236072
    }
  ],
  "epoch_15": [
    "out/118_117_EffnetB3/fold2/checkpoints/train.16.pth",
    0.6973214855900858,
    {
      "epoch_lwlrap": 0.6973214855900858,
      "loss": 0.0313686242279334,
      "lwlrap": 0.6978573318828651
    }
  ],
  "epoch_16": [
    "out/118_117_EffnetB3/fold2/checkpoints/train.17.pth",
    0.6897448916458959,
    {
      "epoch_lwlrap": 0.6897448916458959,
      "loss": 0.031026354967019498,
      "lwlrap": 0.6899644107357963
    }
  ],
  "epoch_17": [
    "out/118_117_EffnetB3/fold2/checkpoints/train.18.pth",
    0.7066029305576345,
    {
      "epoch_lwlrap": 0.7066029305576345,
      "loss": 0.028823857506116234,
      "lwlrap": 0.7078147351956875
    }
  ],
  "epoch_18": [
    "out/118_117_EffnetB3/fold2/checkpoints/train.19.pth",
    0.7560949417388634,
    {
      "epoch_lwlrap": 0.7560949417388634,
      "loss": 0.02747730890991705,
      "lwlrap": 0.7550599872357444
    }
  ],
  "epoch_19": [
    "out/118_117_EffnetB3/fold2/checkpoints/train.20.pth",
    0.7770497530262797,
    {
      "epoch_lwlrap": 0.7770497530262797,
      "loss": 0.02969069097996195,
      "lwlrap": 0.7763786342203539
    }
  ],
  "epoch_20": [
    "out/118_117_EffnetB3/fold2/checkpoints/train.21.pth",
    0.8094240447898985,
    {
      "epoch_lwlrap": 0.8094240447898985,
      "loss": 0.02455905207429395,
      "lwlrap": 0.8070772009111448
    }
  ],
  "epoch_21": [
    "out/118_117_EffnetB3/fold2/checkpoints/train.22.pth",
    0.7995821348608805,
    {
      "epoch_lwlrap": 0.7995821348608805,
      "loss": 0.023198106786706946,
      "lwlrap": 0.7994155990798237
    }
  ],
  "epoch_22": [
    "out/118_117_EffnetB3/fold2/checkpoints/train.23.pth",
    0.8219748505462792,
    {
      "epoch_lwlrap": 0.8219748505462792,
      "loss": 0.023962880331245096,
      "lwlrap": 0.8214442635077557
    }
  ],
  "epoch_23": [
    "out/118_117_EffnetB3/fold2/checkpoints/train.24.pth",
    0.8197323679030997,
    {
      "epoch_lwlrap": 0.8197323679030997,
      "loss": 0.02376181132845826,
      "lwlrap": 0.8178116627139826
    }
  ],
  "epoch_24": [
    "out/118_117_EffnetB3/fold2/checkpoints/train.25.pth",
    0.8410873226250083,
    {
      "epoch_lwlrap": 0.8410873226250083,
      "loss": 0.02260038540476844,
      "lwlrap": 0.8405974987219766
    }
  ],
  "epoch_25": [
    "out/118_117_EffnetB3/fold2/checkpoints/train.26.pth",
    0.8373088777269961,
    {
      "epoch_lwlrap": 0.8373088777269961,
      "loss": 0.022661146738535757,
      "lwlrap": 0.8357212960387564
    }
  ],
  "epoch_26": [
    "out/118_117_EffnetB3/fold2/checkpoints/train.27.pth",
    0.8441447828207409,
    {
      "epoch_lwlrap": 0.8441447828207409,
      "loss": 0.0231173206257187,
      "lwlrap": 0.8432107932107933
    }
  ],
  "epoch_27": [
    "out/118_117_EffnetB3/fold2/checkpoints/train.28.pth",
    0.8645857530003871,
    {
      "epoch_lwlrap": 0.8645857530003871,
      "loss": 0.022098655686219097,
      "lwlrap": 0.8637850697374508
    }
  ],
  "epoch_28": [
    "out/118_117_EffnetB3/fold2/checkpoints/train.29.pth",
    0.868111592240512,
    {
      "epoch_lwlrap": 0.868111592240512,
      "loss": 0.02261924452997826,
      "lwlrap": 0.8677499090502755
    }
  ],
  "epoch_29": [
    "out/118_117_EffnetB3/fold2/checkpoints/train.30.pth",
    0.8595481318913376,
    {
      "epoch_lwlrap": 0.8595481318913376,
      "loss": 0.021687583417901186,
      "lwlrap": 0.8588852785281357
    }
  ],
  "epoch_30": [
    "out/118_117_EffnetB3/fold2/checkpoints/train.31.pth",
    0.8487007475683435,
    {
      "epoch_lwlrap": 0.8487007475683435,
      "loss": 0.023220662832696796,
      "lwlrap": 0.8486746872278007
    }
  ],
  "epoch_31": [
    "out/118_117_EffnetB3/fold2/checkpoints/train.32.pth",
    0.8582205831334752,
    {
      "epoch_lwlrap": 0.8582205831334752,
      "loss": 0.021590038226583064,
      "lwlrap": 0.8584889084889086
    }
  ],
  "epoch_32": [
    "out/118_117_EffnetB3/fold2/checkpoints/train.33.pth",
    0.8574411264306734,
    {
      "epoch_lwlrap": 0.8574411264306734,
      "loss": 0.02253569687133307,
      "lwlrap": 0.8569039942666317
    }
  ],