{
  "best": {
    "epoch_lwlrap": 0.8453380588876773,
    "loss": 0.025619471736717973,
    "lwlrap": 0.8454944539214737
  },
  "last": {
    "epoch_lwlrap": 0.8345054326806389,
    "loss": 0.02758410357637331,
    "lwlrap": 0.8346190161808554
  },
  "train.32": {
    "epoch_lwlrap": 0.8453380588876773,
    "loss": 0.025619471736717973,
    "lwlrap": 0.8454944539214737
  },
  "epoch_0": [
    "out/110_109_mixup/fold2/checkpoints/train.1.pth",
    0.2642244927735421,
    {
      "epoch_lwlrap": 0.2642244927735421,
      "loss": 0.10687051364220679,
      "lwlrap": 0.26372266404530825
    }
  ],
  "epoch_1": [
    "out/110_109_mixup/fold2/checkpoints/train.2.pth",
    0.3395533098297576,
    {
      "epoch_lwlrap": 0.3395533098297576,
      "loss": 0.06795520149171352,
      "lwlrap": 0.3391667184981261
    }
  ],
  "epoch_2": [
    "out/110_109_mixup/fold2/checkpoints/train.3.pth",
    0.3722881752494401,
    {
      "epoch_lwlrap": 0.3722881752494401,
      "loss": 0.06547614675946534,
      "lwlrap": 0.3720070845798603
    }
  ],
  "epoch_3": [
    "out/110_109_mixup/fold2/checkpoints/train.4.pth",
    0.45268494033309226,
    {
      "epoch_lwlrap": 0.45268494033309226,
      "loss": 0.06066205957904458,
      "lwlrap": 0.45205586512788754
    }
  ],
  "epoch_4": [
    "out/110_109_mixup/fold2/checkpoints/train.5.pth",
    0.5366038555547394,
    {
      "epoch_lwlrap": 0.5366038555547394,
      "loss": 0.05563165363855661,
      "lwlrap": 0.5355609761688644
    }
  ],
  "epoch_5": [
    "out/110_109_mixup/fold2/checkpoints/train.6.pth",
    0.601470426245909,
    {
      "epoch_lwlrap": 0.601470426245909,
      "loss": 0.05229273333679885,
      "lwlrap": 0.6009803167332133
    }
  ],
  "epoch_6": [
    "out/110_109_mixup/fold2/checkpoints/train.7.pth",
    0.6361352493986082,
    {
      "epoch_lwlrap": 0.6361352493986082,
      "loss": 0.04952770611271263,
      "lwlrap": 0.6350712456522606
    }
  ],
  "epoch_7": [
    "out/110_109_mixup/fold2/checkpoints/train.8.pth",
    0.6455818878679465,
    {
      "epoch_lwlrap": 0.6455818878679465,
      "loss": 0.048258684459142394,
      "lwlrap": 0.6454383668656608
    }
  ],
  "epoch_8": [
    "out/110_109_mixup/fold2/checkpoints/train.9.pth",
    0.6556608626742214,
    {
      "epoch_lwlrap": 0.6556608626742214,
      "loss": 0.04683001420926303,
      "lwlrap": 0.655459188969177
    }
  ],
  "epoch_9": [
    "out/110_109_mixup/fold2/checkpoints/train.10.pth",
    0.6467904017404171,
    {
      "epoch_lwlrap": 0.6467904017404171,
      "loss": 0.04655597230885177,
      "lwlrap": 0.6467042386335196
    }
  ],
  "epoch_10": [
    "out/110_109_mixup/fold2/checkpoints/train.11.pth",
    0.6571156366957893,
    {
      "epoch_lwlrap": 0.6571156366957893,
      "loss": 0.04642229061573744,
      "lwlrap": 0.6569826361310419
    }
  ],
  "epoch_11": [
    "out/110_109_mixup/fold2/checkpoints/train.12.pth",
    0.6642708099342289,
    {
      "epoch_lwlrap": 0.6642708099342289,
      "loss": 0.046192188281565905,
      "lwlrap": 0.6640568837516672
    }
  ],
  "epoch_12": [
    "out/110_109_mixup/fold2/checkpoints/train.13.pth",
    0.6842896130586971,
    {
      "epoch_lwlrap": 0.6842896130586971,
      "loss": 0.04539281805045903,
      "lwlrap": 0.6839462360585488
    }
  ],
  "epoch_13": [
    "out/110_109_mixup/fold2/checkpoints/train.14.pth",
    0.6571082013830105,
    {
      "epoch_lwlrap": 0.6571082013830105,
      "loss": 0.045252146315760904,
      "lwlrap": 0.6567353863331695
    }
  ],
  "epoch_14": [
    "out/110_109_mixup/fold2/checkpoints/train.15.pth",
    0.6900333617991312,
    {
      "epoch_lwlrap": 0.6900333617991312,
      "loss": 0.0431317223701626,
      "lwlrap": 0.6895459308812266
    }
  ],
  "epoch_15": [
    "out/110_109_mixup/fold2/checkpoints/train.16.pth",
    0.6924596315631577,
    {
      "epoch_lwlrap": 0.6924596315631577,
      "loss": 0.042218694696202874,
      "lwlrap": 0.692289296264377
    }
  ],
  "epoch_16": [
    "out/110_109_mixup/fold2/checkpoints/train.17.pth",
    0.6899219842922133,
    {
      "epoch_lwlrap": 0.6899219842922133,
      "loss": 0.04126854182686657,
      "lwlrap": 0.6902857616097581
    }
  ],
  "epoch_17": [
    "out/110_109_mixup/fold2/checkpoints/train.18.pth",
    0.7584354222132184,
    {
      "epoch_lwlrap": 0.7584354222132184,
      "loss": 0.0376855512149632,
      "lwlrap": 0.7565461974633377
    }
  ],
  "epoch_18": [
    "out/110_109_mixup/fold2/checkpoints/train.19.pth",
    0.7887460234598513,
    {
      "epoch_lwlrap": 0.7887460234598513,
      "loss": 0.03628458268940449,
      "lwlrap": 0.7881066707398935
    }
  ],
  "epoch_19": [
    "out/110_109_mixup/fold2/checkpoints/train.20.pth",
    0.7578448745910578,
    {
      "epoch_lwlrap": 0.7578448745910578,
      "loss": 0.03407095547299832,
      "lwlrap": 0.758057037601626
    }
  ],
  "epoch_20": [
    "out/110_109_mixup/fold2/checkpoints/train.21.pth",
    0.791124439597722,
    {
      "epoch_lwlrap": 0.791124439597722,
      "loss": 0.03291089134290814,
      "lwlrap": 0.7902027554966768
    }
  ],
  "epoch_21": [
    "out/110_109_mixup/fold2/checkpoints/train.22.pth",
    0.7915983189838152,
    {
      "epoch_lwlrap": 0.7915983189838152,
      "loss": 0.03261331387329846,
      "lwlrap": 0.7905864648457065
    }
  ],
  "epoch_22": [
    "out/110_109_mixup/fold2/checkpoints/train.23.pth",
    0.7718311725995535,
    {
      "epoch_lwlrap": 0.7718311725995535,
      "loss": 0.0325490947579965,
      "lwlrap": 0.7710879809802206
    }
  ],
  "epoch_23": [
    "out/110_109_mixup/fold2/checkpoints/train.24.pth",
    0.7920295512375666,
    {
      "epoch_lwlrap": 0.7920295512375666,
      "loss": 0.030477390799205747,
      "lwlrap": 0.7915531365071666
    }
  ],
  "epoch_24": [
    "out/110_109_mixup/fold2/checkpoints/train.25.pth",
    0.8137360519039909,
    {
      "epoch_lwlrap": 0.8137360519039909,
      "loss": 0.02904906083131209,
      "lwlrap": 0.8136946720367388
    }
  ],
  "epoch_25": [
    "out/110_109_mixup/fold2/checkpoints/train.26.pth",
    0.810129847380926,
    {
      "epoch_lwlrap": 0.810129847380926,
      "loss": 0.028730836580507457,
      "lwlrap": 0.8098645749171001
    }
  ],
  "epoch_26": [
    "out/110_109_mixup/fold2/checkpoints/train.27.pth",
    0.8103012937768214,
    {
      "epoch_lwlrap": 0.8103012937768214,
      "loss": 0.02913196210283786,
      "lwlrap": 0.8103477924856658
    }
  ],
  "epoch_27": [
    "out/110_109_mixup/fold2/checkpoints/train.28.pth",
    0.8315874927347761,
    {
      "epoch_lwlrap": 0.8315874927347761,
      "loss": 0.0264549195417203,
      "lwlrap": 0.8310610670265889
    }
  ],
  "epoch_28": [
    "out/110_109_mixup/fold2/checkpoints/train.29.pth",
    0.8427527730962846,
    {
      "epoch_lwlrap": 0.8427527730962846,
      "loss": 0.026127370307222012,
      "lwlrap": 0.8431399613024358
    }
  ],
  "epoch_29": [
    "out/110_109_mixup/fold2/checkpoints/train.30.pth",
    0.8372977054751864,
    {
      "epoch_lwlrap": 0.8372977054751864,
      "loss": 0.02582595637068152,
      "lwlrap": 0.8374674157496185
    }
  ],
  "epoch_30": [
    "out/110_109_mixup/fold2/checkpoints/train.31.pth",
    0.8384058689402201,
    {
      "epoch_lwlrap": 0.8384058689402201,
      "loss": 0.025998771423473954,
      "lwlrap": 0.8390191086789791
    }
  ],
  "epoch_31": [
    "out/110_109_mixup/fold2/checkpoints/train.32.pth",
    0.8453380588876773,
    {
      "epoch_lwlrap": 0.8453380588876773,
      "loss": 0.025619471736717973,
      "lwlrap": 0.8454944539214737
    }
  ],
  "epoch_32": [
    "out/110_109_mixup/fold2/checkpoints/train.33.pth",
    0.8375680617092831,
    {
      "epoch_lwlrap": 0.8375680617092831,
      "loss": 0.025417616066988558,
      "lwlrap": 0.837258058323226
    }
  ],
  "epoch_33": [
    "out/110_109_mixup/fold2/checkpoints/train.34.pth",
    0.8426617239013523,
    {
      "epoch_lwlrap": 0.8426617239013523,
      "loss": 0.0261068640393205,