{
  "best": {
    "epoch_lwlrap": 0.8628628452481936,
    "loss": 0.4221741136622756,
    "lwlrap": 0.8628628452481938
  },
  "last": {
    "epoch_lwlrap": 0.8628628452481936,
    "loss": 0.4221741136622756,
    "lwlrap": 0.8628628452481938
  },
  "train.55": {
    "epoch_lwlrap": 0.8628628452481936,
    "loss": 0.4221741136622756,
    "lwlrap": 0.8628628452481938
  },
  "epoch_0": [
    "out/080_EfficientNetB3_focal_SAM_loss_weight/fold4/checkpoints/train.1.pth",
    0.5150397278796812,
    {
      "epoch_lwlrap": 0.5150397278796812,
      "loss": 0.6397537578186487,
      "lwlrap": 0.5150397278796813
    }
  ],
  "epoch_1": [
    "out/080_EfficientNetB3_focal_SAM_loss_weight/fold4/checkpoints/train.2.pth",
    0.7051702293140649,
    {
      "epoch_lwlrap": 0.7051702293140649,
      "loss": 0.4844329621149525,
      "lwlrap": 0.7051702293140648
    }
  ],
  "epoch_2": [
    "out/080_EfficientNetB3_focal_SAM_loss_weight/fold4/checkpoints/train.3.pth",
    0.7834897553874185,
    {
      "epoch_lwlrap": 0.7834897553874185,
      "loss": 0.3909861358333396,
      "lwlrap": 0.7834897553874186
    }
  ],
  "epoch_3": [
    "out/080_EfficientNetB3_focal_SAM_loss_weight/fold4/checkpoints/train.4.pth",
    0.8088035039008362,
    {
      "epoch_lwlrap": 0.8088035039008362,
      "loss": 0.37309284351732086,
      "lwlrap": 0.8088035039008362
    }
  ],
  "epoch_4": [
    "out/080_EfficientNetB3_focal_SAM_loss_weight/fold4/checkpoints/train.5.pth",
    0.8208343869101322,
    {
      "epoch_lwlrap": 0.8208343869101322,
      "loss": 0.37701313762359967,
      "lwlrap": 0.8208343869101323
    }
  ],
  "epoch_5": [
    "out/080_EfficientNetB3_focal_SAM_loss_weight/fold4/checkpoints/train.6.pth",
    0.828089842878956,
    {
      "epoch_lwlrap": 0.828089842878956,
      "loss": 0.3345410685016684,
      "lwlrap": 0.8280898428789562
    }
  ],
  "epoch_6": [
    "out/080_EfficientNetB3_focal_SAM_loss_weight/fold4/checkpoints/train.7.pth",
    0.8434887854408402,
    {
      "epoch_lwlrap": 0.8434887854408402,
      "loss": 0.34031405970114004,
      "lwlrap": 0.8434887854408403
    }
  ],
  "epoch_7": [
    "out/080_EfficientNetB3_focal_SAM_loss_weight/fold4/checkpoints/train.8.pth",
    0.8530213761378145,
    {
      "epoch_lwlrap": 0.8530213761378145,
      "loss": 0.32558170342009907,
      "lwlrap": 0.8530213761378145
    }
  ],
  "epoch_8": [
    "out/080_EfficientNetB3_focal_SAM_loss_weight/fold4/checkpoints/train.9.pth",
    0.8493420070904273,
    {
      "epoch_lwlrap": 0.8493420070904273,
      "loss": 0.3432895113207978,
      "lwlrap": 0.8493420070904274
    }
  ],
  "epoch_9": [
    "out/080_EfficientNetB3_focal_SAM_loss_weight/fold4/checkpoints/train.10.pth",
    0.8551874070508236,
    {
      "epoch_lwlrap": 0.8551874070508236,
      "loss": 0.3381926620115428,
      "lwlrap": 0.8551874070508236
    }
  ],
  "epoch_10": [
    "out/080_EfficientNetB3_focal_SAM_loss_weight/fold4/checkpoints/train.11.pth",
    0.853710801464629,
    {
      "epoch_lwlrap": 0.853710801464629,
      "loss": 0.3364660166986457,
      "lwlrap": 0.8537108014646291
    }
  ],
  "epoch_11": [
    "out/080_EfficientNetB3_focal_SAM_loss_weight/fold4/checkpoints/train.12.pth",
    0.8501989805702855,
    {
      "epoch_lwlrap": 0.8501989805702855,
      "loss": 0.3343508885195266,
      "lwlrap": 0.8501989805702855
    }
  ],
  "epoch_12": [
    "out/080_EfficientNetB3_focal_SAM_loss_weight/fold4/checkpoints/train.13.pth",
    0.8446275666763177,
    {
      "epoch_lwlrap": 0.8446275666763177,
      "loss": 0.3469074708005609,
      "lwlrap": 0.8446275666763178
    }
  ],
  "epoch_13": [
    "out/080_EfficientNetB3_focal_SAM_loss_weight/fold4/checkpoints/train.14.pth",
    0.8484776512173772,
    {
      "epoch_lwlrap": 0.8484776512173772,
      "loss": 0.3445018890513677,
      "lwlrap": 0.8484776512173774
    }
  ],
  "epoch_14": [
    "out/080_EfficientNetB3_focal_SAM_loss_weight/fold4/checkpoints/train.15.pth",
    0.8430753733835925,
    {
      "epoch_lwlrap": 0.8430753733835925,
      "loss": 0.3606784038892075,
      "lwlrap": 0.8430753733835925
    }
  ],
  "epoch_15": [
    "out/080_EfficientNetB3_focal_SAM_loss_weight/fold4/checkpoints/train.16.pth",
    0.8212584092721078,
    {
      "epoch_lwlrap": 0.8212584092721078,
      "loss": 0.38774402786607615,
      "lwlrap": 0.8212584092721079
    }
  ],
  "epoch_16": [
    "out/080_EfficientNetB3_focal_SAM_loss_weight/fold4/checkpoints/train.17.pth",
    0.8244906724788186,
    {
      "epoch_lwlrap": 0.8244906724788186,
      "loss": 0.3806983335241335,
      "lwlrap": 0.8244906724788188
    }
  ],
  "epoch_17": [
    "out/080_EfficientNetB3_focal_SAM_loss_weight/fold4/checkpoints/train.18.pth",
    0.8247964404417181,
    {
      "epoch_lwlrap": 0.8247964404417181,
      "loss": 0.37615049239162984,
      "lwlrap": 0.824796440441718
    }
  ],
  "epoch_18": [
    "out/080_EfficientNetB3_focal_SAM_loss_weight/fold4/checkpoints/train.19.pth",
    0.8237499752910711,
    {
      "epoch_lwlrap": 0.8237499752910711,
      "loss": 0.3887386628209728,
      "lwlrap": 0.8237499752910712
    }
  ],
  "epoch_19": [
    "out/080_EfficientNetB3_focal_SAM_loss_weight/fold4/checkpoints/train.20.pth",
    0.7983595932226069,
    {
      "epoch_lwlrap": 0.7983595932226069,
      "loss": 0.3686664707312301,
      "lwlrap": 0.7983595932226069
    }
  ],
  "epoch_20": [
    "out/080_EfficientNetB3_focal_SAM_loss_weight/fold4/checkpoints/train.21.pth",
    0.8297322744468509,
    {
      "epoch_lwlrap": 0.8297322744468509,
      "loss": 0.3957710831540905,
      "lwlrap": 0.829732274446851
    }
  ],
  "epoch_21": [
    "out/080_EfficientNetB3_focal_SAM_loss_weight/fold4/checkpoints/train.22.pth",
    0.8163122262459227,
    {
      "epoch_lwlrap": 0.8163122262459227,
      "loss": 0.38991948662827547,
      "lwlrap": 0.8163122262459227
    }
  ],
  "epoch_22": [
    "out/080_EfficientNetB3_focal_SAM_loss_weight/fold4/checkpoints/train.23.pth",
    0.844094516850534,
    {
      "epoch_lwlrap": 0.844094516850534,
      "loss": 0.34367899535453483,
      "lwlrap": 0.8440945168505342
    }
  ],
  "epoch_23": [
    "out/080_EfficientNetB3_focal_SAM_loss_weight/fold4/checkpoints/train.24.pth",
    0.7924534767854725,
    {
      "epoch_lwlrap": 0.7924534767854725,
      "loss": 0.41963242640778353,
      "lwlrap": 0.7924534767854726
    }
  ],
  "epoch_24": [
    "out/080_EfficientNetB3_focal_SAM_loss_weight/fold4/checkpoints/train.25.pth",
    0.8429020497513647,
    {
      "epoch_lwlrap": 0.8429020497513647,
      "loss": 0.3783777337096053,
      "lwlrap": 0.8429020497513648
    }
  ],
  "epoch_25": [
    "out/080_EfficientNetB3_focal_SAM_loss_weight/fold4/checkpoints/train.26.pth",
    0.8537076081146016,
    {
      "epoch_lwlrap": 0.8537076081146016,
      "loss": 0.39990415447923144,
      "lwlrap": 0.8537076081146017
    }
  ],
  "epoch_26": [
    "out/080_EfficientNetB3_focal_SAM_loss_weight/fold4/checkpoints/train.27.pth",
    0.8549857549857549,
    {
      "epoch_lwlrap": 0.8549857549857549,
      "loss": 0.3739262187861961,
      "lwlrap": 0.854985754985755
    }
  ],
  "epoch_27": [
    "out/080_EfficientNetB3_focal_SAM_loss_weight/fold4/checkpoints/train.28.pth",
    0.8610166089618143,
    {
      "epoch_lwlrap": 0.8610166089618143,
      "loss": 0.36647938484470594,
      "lwlrap": 0.8610166089618144
    }
  ],
  "epoch_28": [
    "out/080_EfficientNetB3_focal_SAM_loss_weight/fold4/checkpoints/train.29.pth",
    0.8545680998589997,
    {
      "epoch_lwlrap": 0.8545680998589997,
      "loss": 0.36583994403821696,
      "lwlrap": 0.8545680998589998
    }
  ],
  "epoch_29": [
    "out/080_EfficientNetB3_focal_SAM_loss_weight/fold4/checkpoints/train.30.pth",
    0.8616528955570051,
    {
      "epoch_lwlrap": 0.8616528955570051,
      "loss": 0.3694363049992687,
      "lwlrap": 0.8616528955570052
    }
  ],