{
    "best": {
        "lwlrap": 0.8283107965692236,
        "loss": 0.09987415047362447,
        "epoch": 35
    },
    "last": {
        "lwlrap": 0.8222023606855067,
        "loss": 0.09762204019352794,
        "epoch": 50
    },
    "epoch_1": {
        "lwlrap": 0.2878499295681958,
        "loss": 0.16355055337771773
    },
    "epoch_2": {
        "lwlrap": 0.30783851118038164,
        "loss": 0.1889178790152073
    },
    "epoch_3": {
        "lwlrap": 0.5199414647496187,
        "loss": 0.13982444303110242
    },
    "epoch_4": {
        "lwlrap": 0.5564217923594554,
        "loss": 0.13414186984300613
    },
    "epoch_5": {
        "lwlrap": 0.6741818262885678,
        "loss": 0.121027369517833
    },
    "epoch_6": {
        "lwlrap": 0.6780568526355043,
        "loss": 0.11496788449585438
    },
    "epoch_7": {
        "lwlrap": 0.7543976983657645,
        "loss": 0.10315390303730965
    },
    "epoch_8": {
        "lwlrap": 0.7735475744604958,
        "loss": 0.10134288109838963
    },
    "epoch_9": {
        "lwlrap": 0.78042368056413,
        "loss": 0.09939812822267413
    },
    "epoch_10": {
        "lwlrap": 0.7864767255216693,
        "loss": 0.09752678638324142
    },
    "epoch_11": {
        "lwlrap": 0.7831795077581594,
        "loss": 0.09764926740899682
    },
    "epoch_12": {
        "lwlrap": 0.788364990190833,
        "loss": 0.09751577256247401
    },
    "epoch_13": {
        "lwlrap": 0.7740566393656281,
        "loss": 0.09987367317080498
    },
    "epoch_14": {
        "lwlrap": 0.7882492663391539,
        "loss": 0.10042373789474368
    },
    "epoch_15": {
        "lwlrap": 0.7180983186601164,
        "loss": 0.1407057847827673
    },
    "epoch_16": {
        "lwlrap": 0.7570984726883603,
        "loss": 0.11104436405003071
    },
    "epoch_17": {
        "lwlrap": 0.6722803881511746,
        "loss": 0.12186057632789016
    },
    "epoch_18": {
        "lwlrap": 0.6923381082088947,
        "loss": 0.12010898673906922
    },
    "epoch_19": {
        "lwlrap": 0.6269020461436192,
        "loss": 0.13129169307649136
    },
    "epoch_20": {
        "lwlrap": 0.6950287384276148,
        "loss": 0.11246059089899063
    },
    "epoch_21": {
        "lwlrap": 0.7103087455615545,
        "loss": 0.10904547711834311
    },
    "epoch_22": {
        "lwlrap": 0.727427628551224,
        "loss": 0.11477788398042321
    },
    "epoch_23": {
        "lwlrap": 0.779788657035848,
        "loss": 0.0976273245178163
    },
    "epoch_24": {
        "lwlrap": 0.7402978419832353,
        "loss": 0.10400040773674846
    },
    "epoch_25": {
        "lwlrap": 0.8033696718387731,
        "loss": 0.09925941238179803
    },
    "epoch_26": {
        "lwlrap": 0.7831412657255353,
        "loss": 0.10142918257042766
    },
    "epoch_27": {
        "lwlrap": 0.8053395106765893,
        "loss": 0.09534859331324697
    },
    "epoch_28": {
        "lwlrap": 0.8139892099161762,
        "loss": 0.09755633678287268
    },
    "epoch_29": {
        "lwlrap": 0.8157392545032993,
        "loss": 0.09720486216247082
    },
    "epoch_30": {
        "lwlrap": 0.8108543921746169,
        "loss": 0.09684150293469429
    },
    "epoch_31": {
        "lwlrap": 0.8157389115254283,
        "loss": 0.09760022442787886
    },
    "epoch_32": {
        "lwlrap": 0.811855030113457,
        "loss": 0.09714426286518574
    },
    "epoch_33": {
        "lwlrap": 0.8120248041596355,
        "loss": 0.0968663115054369
    },
    "epoch_34": {
        "lwlrap": 0.8099940633648499,
        "loss": 0.10471632378175855
    },
    "epoch_35": {
        "lwlrap": 0.8283107965692236,
        "loss": 0.09987415047362447
    },
    "epoch_36": {
        "lwlrap": 0.7805143124665597,
        "loss": 0.11009805416688323
    },
    "epoch_37": {
        "lwlrap": 0.6996607218591251,
        "loss": 0.12233848590403795
    },
    "epoch_38": {
        "lwlrap": 0.7393603587423812,
        "loss": 0.11671681609004736
    },
    "epoch_39": {
        "lwlrap": 0.7645264847512039,
        "loss": 0.11008480004966259
    },
    "epoch_40": {
        "lwlrap": 0.6266935357731789,
        "loss": 0.1312267309986055
    },
    "epoch_41": {
        "lwlrap": 0.7865235420010701,
        "loss": 0.09906179923564196
    },
    "epoch_42": {
        "lwlrap": 0.6851634944331574,
        "loss": 0.1216603759676218
    },
    "epoch_43": {
        "lwlrap": 0.7605638041733547,
        "loss": 0.1044626166112721
    },
    "epoch_44": {
        "lwlrap": 0.8131979911474294,
        "loss": 0.09904941357672215
    },
    "epoch_45": {
        "lwlrap": 0.7734706616729088,
        "loss": 0.10561155108734965
    },
    "epoch_46": {
        "lwlrap": 0.819871568818198,
        "loss": 0.09787492081522942
    },
    "epoch_47": {
        "lwlrap": 0.8240170566013263,
        "loss": 0.09975026687607169
    },
    "epoch_48": {
        "lwlrap": 0.8240005390988536,
        "loss": 0.09763647150248289
    },
    "epoch_49": {
        "lwlrap": 0.821856992056926,
        "loss": 0.0971924471668899
    },
    "epoch_50": {
        "lwlrap": 0.8222023606855067,
        "loss": 0.09762204019352794
    }
}