{
    "best": {
        "lwlrap": 0.8082148344788794,
        "loss": 0.07136841268549042,
        "epoch": 53
    },
    "last": {
        "lwlrap": 0.806284212042639,
        "loss": 0.0741319460493903,
        "epoch": 55
    },
    "epoch_1": {
        "lwlrap": 0.28102210850802006,
        "loss": 0.11672991370001147
    },
    "epoch_2": {
        "lwlrap": 0.3661873518821635,
        "loss": 0.10539632603045433
    },
    "epoch_3": {
        "lwlrap": 0.4984544325836461,
        "loss": 0.09925422120478845
    },
    "epoch_4": {
        "lwlrap": 0.6232858277802098,
        "loss": 0.08454834525623629
    },
    "epoch_5": {
        "lwlrap": 0.6422738856025373,
        "loss": 0.08227779391792513
    },
    "epoch_6": {
        "lwlrap": 0.7088736481994908,
        "loss": 0.08507222177520875
    },
    "epoch_7": {
        "lwlrap": 0.7673370841984088,
        "loss": 0.0718416862430111
    },
    "epoch_8": {
        "lwlrap": 0.7618579454253611,
        "loss": 0.07243294629358477
    },
    "epoch_9": {
        "lwlrap": 0.7969883424939606,
        "loss": 0.07314298169747475
    },
    "epoch_10": {
        "lwlrap": 0.7944110041020154,
        "loss": 0.07254984361990806
    },
    "epoch_11": {
        "lwlrap": 0.8004438445449681,
        "loss": 0.07191625501840346
    },
    "epoch_12": {
        "lwlrap": 0.8027911539147494,
        "loss": 0.0727335900789307
    },
    "epoch_13": {
        "lwlrap": 0.7948126935486486,
        "loss": 0.07343536939832472
    },
    "epoch_14": {
        "lwlrap": 0.7750423577670769,
        "loss": 0.07345112196860774
    },
    "epoch_15": {
        "lwlrap": 0.7706488836858962,
        "loss": 0.07890844152819726
    },
    "epoch_16": {
        "lwlrap": 0.7703792718994305,
        "loss": 0.08164964375957366
    },
    "epoch_17": {
        "lwlrap": 0.6063244651727797,
        "loss": 0.09282411562819634
    },
    "epoch_18": {
        "lwlrap": 0.7166833868378811,
        "loss": 0.0794463669580798
    },
    "epoch_19": {
        "lwlrap": 0.6474968634659211,
        "loss": 0.08022003128163276
    },
    "epoch_20": {
        "lwlrap": 0.7045262243998198,
        "loss": 0.07517108104882701
    },
    "epoch_21": {
        "lwlrap": 0.7312648961525365,
        "loss": 0.07246077048682398
    },
    "epoch_22": {
        "lwlrap": 0.8063897400976052,
        "loss": 0.0758189995202326
    },
    "epoch_23": {
        "lwlrap": 0.7030497592295344,
        "loss": 0.08210989856912244
    },
    "epoch_24": {
        "lwlrap": 0.6969606126413792,
        "loss": 0.08351286284385188
    },
    "epoch_25": {
        "lwlrap": 0.7406031234682919,
        "loss": 0.07742049280674226
    },
    "epoch_26": {
        "lwlrap": 0.7779998013846328,
        "loss": 0.07179552436836305
    },
    "epoch_27": {
        "lwlrap": 0.7786942458290773,
        "loss": 0.07327322974320381
    },
    "epoch_28": {
        "lwlrap": 0.7829183301093413,
        "loss": 0.07528622328273711
    },
    "epoch_29": {
        "lwlrap": 0.7937367251973992,
        "loss": 0.07186122671250374
    },
    "epoch_30": {
        "lwlrap": 0.7954377239489598,
        "loss": 0.072087915554162
    },
    "epoch_31": {
        "lwlrap": 0.7877719814517568,
        "loss": 0.073277116302521
    },
    "epoch_32": {
        "lwlrap": 0.7905063881187476,
        "loss": 0.07239819450243827
    },
    "epoch_33": {
        "lwlrap": 0.7900226178316065,
        "loss": 0.07384736319222758
    },
    "epoch_34": {
        "lwlrap": 0.793110478784636,
        "loss": 0.07141180624884944
    },
    "epoch_35": {
        "lwlrap": 0.7814672219166601,
        "loss": 0.07378980325114343
    },
    "epoch_36": {
        "lwlrap": 0.7556584901842667,
        "loss": 0.07457644888950933
    },
    "epoch_37": {
        "lwlrap": 0.7165466867714059,
        "loss": 0.07870289070471641
    },
    "epoch_38": {
        "lwlrap": 0.781102867576976,
        "loss": 0.07380259902246537
    },
    "epoch_39": {
        "lwlrap": 0.660368836843556,
        "loss": 0.08744819089770317
    },
    "epoch_40": {
        "lwlrap": 0.6936753789281879,
        "loss": 0.08517635986208916
    },
    "epoch_41": {
        "lwlrap": 0.7121228513536841,
        "loss": 0.08454216151468215
    },
    "epoch_42": {
        "lwlrap": 0.7014694341239285,
        "loss": 0.08722585740108643
    },
    "epoch_43": {
        "lwlrap": 0.6576441816610356,
        "loss": 0.08073411881923676
    },
    "epoch_44": {
        "lwlrap": 0.7909707824488063,
        "loss": 0.07751504848560979
    },
    "epoch_45": {
        "lwlrap": 0.7908512310345545,
        "loss": 0.07320335110829722
    },
    "epoch_46": {
        "lwlrap": 0.7718728213110235,
        "loss": 0.0746980809396313
    },
    "epoch_47": {
        "lwlrap": 0.7930477528089888,
        "loss": 0.07185932945820593
    },
    "epoch_48": {
        "lwlrap": 0.7969381819803167,
        "loss": 0.07066838833833894
    },
    "epoch_49": {
        "lwlrap": 0.7984658599827139,
        "loss": 0.07212874713924623
    },
    "epoch_50": {
        "lwlrap": 0.7967228464419476,
        "loss": 0.0723159933282483
    },
    "epoch_51": {
        "lwlrap": 0.7950354264961006,
        "loss": 0.07197407332639541
    },
    "epoch_52": {
        "lwlrap": 0.796217897271268,
        "loss": 0.07184512384476201
    },
    "epoch_53": {
        "lwlrap": 0.8082148344788794,
        "loss": 0.07136841268549042
    },
    "epoch_54": {
        "lwlrap": 0.7867420239886044,
        "loss": 0.07198663548596444
    },
    "epoch_55": {
        "lwlrap": 0.806284212042639,
        "loss": 0.0741319460493903
    }
}