{
  "best": {
    "epoch_lwlrap": 0.8716623678296153,
    "loss": 0.022193947540862218,
    "lwlrap": 0.8699949438044676
  },
  "last": {
    "epoch_lwlrap": 0.8663544353439825,
    "loss": 0.025641468186409045,
    "lwlrap": 0.8650632864918578
  },
  "train.46": {
    "epoch_lwlrap": 0.8716623678296153,
    "loss": 0.022193947540862218,
    "lwlrap": 0.8699949438044676
  },
  "epoch_0": [
    "out/117_116_10sec/fold2/checkpoints/train.1.pth",
    0.29632142783480675,
    {
      "epoch_lwlrap": 0.29632142783480675,
      "loss": 0.061502033592143776,
      "lwlrap": 0.29434964658787627
    }
  ],
  "epoch_1": [
    "out/117_116_10sec/fold2/checkpoints/train.2.pth",
    0.3902005568192275,
    {
      "epoch_lwlrap": 0.3902005568192275,
      "loss": 0.04855553669370574,
      "lwlrap": 0.3887744360992453
    }
  ],
  "epoch_2": [
    "out/117_116_10sec/fold2/checkpoints/train.3.pth",
    0.45021557964730097,
    {
      "epoch_lwlrap": 0.45021557964730097,
      "loss": 0.04795965376299816,
      "lwlrap": 0.4481749775994059
    }
  ],
  "epoch_3": [
    "out/117_116_10sec/fold2/checkpoints/train.4.pth",
    0.5063366010275968,
    {
      "epoch_lwlrap": 0.5063366010275968,
      "loss": 0.042920692799947195,
      "lwlrap": 0.5048632171696242
    }
  ],
  "epoch_4": [
    "out/117_116_10sec/fold2/checkpoints/train.5.pth",
    0.5328565705481811,
    {
      "epoch_lwlrap": 0.5328565705481811,
      "loss": 0.04043398576450872,
      "lwlrap": 0.5314738602925132
    }
  ],
  "epoch_5": [
    "out/117_116_10sec/fold2/checkpoints/train.6.pth",
    0.5795772616313927,
    {
      "epoch_lwlrap": 0.5795772616313927,
      "loss": 0.04053298415336416,
      "lwlrap": 0.5789030926865143
    }
  ],
  "epoch_6": [
    "out/117_116_10sec/fold2/checkpoints/train.7.pth",
    0.6219180790173822,
    {
      "epoch_lwlrap": 0.6219180790173822,
      "loss": 0.03651082844579176,
      "lwlrap": 0.6215535636323182
    }
  ],
  "epoch_7": [
    "out/117_116_10sec/fold2/checkpoints/train.8.pth",
    0.6437029206474789,
    {
      "epoch_lwlrap": 0.6437029206474789,
      "loss": 0.035339858765021354,
      "lwlrap": 0.6426618161651919
    }
  ],
  "epoch_8": [
    "out/117_116_10sec/fold2/checkpoints/train.9.pth",
    0.6416027028242647,
    {
      "epoch_lwlrap": 0.6416027028242647,
      "loss": 0.03478628066760716,
      "lwlrap": 0.6402654460490416
    }
  ],
  "epoch_9": [
    "out/117_116_10sec/fold2/checkpoints/train.10.pth",
    0.648637326821354,
    {
      "epoch_lwlrap": 0.648637326821354,
      "loss": 0.03431460029367126,
      "lwlrap": 0.6476072209484265
    }
  ],
  "epoch_10": [
    "out/117_116_10sec/fold2/checkpoints/train.11.pth",
    0.6445265922617839,
    {
      "epoch_lwlrap": 0.6445265922617839,
      "loss": 0.03489529256855611,
      "lwlrap": 0.6431455883836836
    }
  ],
  "epoch_11": [
    "out/117_116_10sec/fold2/checkpoints/train.12.pth",
    0.6461498365725397,
    {
      "epoch_lwlrap": 0.6461498365725397,
      "loss": 0.03446488269355707,
      "lwlrap": 0.6449368990015478
    }
  ],
  "epoch_12": [
    "out/117_116_10sec/fold2/checkpoints/train.13.pth",
    0.6544753301286402,
    {
      "epoch_lwlrap": 0.6544753301286402,
      "loss": 0.035431662403838535,
      "lwlrap": 0.6532724790813924
    }
  ],
  "epoch_13": [
    "out/117_116_10sec/fold2/checkpoints/train.14.pth",
    0.6439102467412572,
    {
      "epoch_lwlrap": 0.6439102467412572,
      "loss": 0.03432931242026253,
      "lwlrap": 0.6431321905223004
    }
  ],
  "epoch_14": [
    "out/117_116_10sec/fold2/checkpoints/train.15.pth",
    0.6680797570605933,
    {
      "epoch_lwlrap": 0.6680797570605933,
      "loss": 0.03387503646614351,
      "lwlrap": 0.6684207845837883
    }
  ],
  "epoch_15": [
    "out/117_116_10sec/fold2/checkpoints/train.16.pth",
    0.6902994121635236,
    {
      "epoch_lwlrap": 0.6902994121635236,
      "loss": 0.030289817847065872,
      "lwlrap": 0.6889938016311642
    }
  ],
  "epoch_16": [
    "out/117_116_10sec/fold2/checkpoints/train.17.pth",
    0.7136901644326052,
    {
      "epoch_lwlrap": 0.7136901644326052,
      "loss": 0.029248284496667186,
      "lwlrap": 0.712070306126336
    }
  ],
  "epoch_17": [
    "out/117_116_10sec/fold2/checkpoints/train.18.pth",
    0.6797285159264803,
    {
      "epoch_lwlrap": 0.6797285159264803,
      "loss": 0.029924043423526888,
      "lwlrap": 0.6786388357503645
    }
  ],
  "epoch_18": [
    "out/117_116_10sec/fold2/checkpoints/train.19.pth",
    0.7624114156825509,
    {
      "epoch_lwlrap": 0.7624114156825509,
      "loss": 0.029191909733163567,
      "lwlrap": 0.7617780686968079
    }
  ],
  "epoch_19": [
    "out/117_116_10sec/fold2/checkpoints/train.20.pth",
    0.765410731351498,
    {
      "epoch_lwlrap": 0.765410731351498,
      "loss": 0.028772189046491634,
      "lwlrap": 0.7641153326135012
    }
  ],
  "epoch_20": [
    "out/117_116_10sec/fold2/checkpoints/train.21.pth",
    0.7620977696326128,
    {
      "epoch_lwlrap": 0.7620977696326128,
      "loss": 0.02833041855758363,
      "lwlrap": 0.7613198746135255
    }
  ],
  "epoch_21": [
    "out/117_116_10sec/fold2/checkpoints/train.22.pth",
    0.8124526750833372,
    {
      "epoch_lwlrap": 0.8124526750833372,
      "loss": 0.027792138931078788,
      "lwlrap": 0.8110957277623945
    }
  ],
  "epoch_22": [
    "out/117_116_10sec/fold2/checkpoints/train.23.pth",
    0.8325372942968763,
    {
      "epoch_lwlrap": 0.8325372942968763,
      "loss": 0.022472104746780117,
      "lwlrap": 0.8316854709711853
    }
  ],
  "epoch_23": [
    "out/117_116_10sec/fold2/checkpoints/train.24.pth",
    0.8416532910281629,
    {
      "epoch_lwlrap": 0.8416532910281629,
      "loss": 0.020797214876764863,
      "lwlrap": 0.8400235427546352
    }
  ],
  "epoch_24": [
    "out/117_116_10sec/fold2/checkpoints/train.25.pth",
    0.8514657525981568,
    {
      "epoch_lwlrap": 0.8514657525981568,
      "loss": 0.023112605868296308,
      "lwlrap": 0.8503501932073361
    }
  ],
  "epoch_25": [
    "out/117_116_10sec/fold2/checkpoints/train.26.pth",
    0.8485151414593923,
    {
      "epoch_lwlrap": 0.8485151414593923,
      "loss": 0.021837803838781384,
      "lwlrap": 0.8465982041378867
    }
  ],
  "epoch_26": [
    "out/117_116_10sec/fold2/checkpoints/train.27.pth",
    0.8461077927105802,
    {
      "epoch_lwlrap": 0.8461077927105802,
      "loss": 0.02079657061987526,
      "lwlrap": 0.845046891475463
    }
  ],
  "epoch_27": [
    "out/117_116_10sec/fold2/checkpoints/train.28.pth",
    0.8601017642829489,
    {
      "epoch_lwlrap": 0.8601017642829489,
      "loss": 0.021448325086043867,
      "lwlrap": 0.8585679609489134
    }
  ],
  "epoch_28": [
    "out/117_116_10sec/fold2/checkpoints/train.29.pth",
    0.8612466124661247,
    {
      "epoch_lwlrap": 0.8612466124661247,
      "loss": 0.02054376583614629,
      "lwlrap": 0.8596609429942763
    }
  ],
  "epoch_29": [
    "out/117_116_10sec/fold2/checkpoints/train.30.pth",
    0.8622034179525468,
    {
      "epoch_lwlrap": 0.8622034179525468,
      "loss": 0.021076508139297637,
      "lwlrap": 0.8611821397535684
    }
  ],
  "epoch_30": [
    "out/117_116_10sec/fold2/checkpoints/train.31.pth",
    0.8643078369559205,
    {
      "epoch_lwlrap": 0.8643078369559205,
      "loss": 0.020643709247911368,
      "lwlrap": 0.8625526101716577
    }
  ],
  "epoch_31": [
    "out/117_116_10sec/fold2/checkpoints/train.32.pth",
    0.8567433921092458,
    {
      "epoch_lwlrap": 0.8567433921092458,
      "loss": 0.02054632502870682,
      "lwlrap": 0.8547586976158406
    }
  ],
  "epoch_32": [
    "out/117_116_10sec/fold2/checkpoints/train.33.pth",
    0.8632957247939826,
    {
      "epoch_lwlrap": 0.8632957247939826,
      "loss": 0.02086482290519681,
      "lwlrap": 0.8615097436526008
    }
  ],
  "epoch_33": [
    "out/117_116_10sec/fold2/checkpoints/train.34.pth",
    0.8619614512471656,
    {
      "epoch_lwlrap": 0.8619614512471656,
      "loss": 0.0208662609013664,