{
    "blend_score": 0.9048208997606588,
    "blend_weight": {
        "s0": [
            0.26797493200290634,
            0.07656381934400316,
            0.26170212655323916,
            0.3937591220998513
        ],
        "s1": [
            0.14659308978666025,
            0.23874886029312106,
            0.3034416723547332,
            0.3112163775654854
        ],
        "s2": [
            0.17774083814831815,
            0.5103247221920587,
            0.24697821190120017,
            0.06495622775842294
        ],
        "s3": [
            0.32937331617477256,
            0.1738335325857742,
            0.14865075932779234,
            0.3481423919116611
        ],
        "s4": [
            0.1635435494216333,
            0.3240861837110596,
            0.30666907738641064,
            0.20570118948089644
        ],
        "s5": [
            0.10045854609178562,
            0.3296899643089585,
            0.3569706014594872,
            0.21288088813976866
        ],
        "s6": [
            0.18183464589220252,
            0.287606145500025,
            0.33051037661802307,
            0.20004883198974932
        ],
        "s7": [
            0.2642084403466493,
            0.28549463439270334,
            0.24750278382084778,
            0.2027941414397996
        ],
        "s8": [
            0.1631265824915436,
            0.3717322538131222,
            0.31954552924426505,
            0.14559563445106918
        ],
        "s9": [
            0.1976669527982581,
            0.17026523478922156,
            0.11433899386243505,
            0.5177288185500852
        ],
        "s10": [
            0.3154122375479407,
            0.20801804548897948,
            0.466041430418614,
            0.010528286544465809
        ],
        "s11": [
            0.21967461357315804,
            0.30833312970118804,
            0.09433156552548526,
            0.37766069120016876
        ],
        "s12": [
            0.2008705665534455,
            0.5351354225789721,
            0.11666359160990793,
            0.1473304192576744
        ],
        "s13": [
            0.01178339137298749,
            0.3318672035529517,
            0.27276268057243763,
            0.3835867245016233
        ],
        "s14": [
            0.2381037817572373,
            0.2597852007423416,
            0.2083224150368619,
            0.29378860246355926
        ],
        "s15": [
            0.3938542091567412,
            0.012565157983610133,
            0.28774607351799747,
            0.3058345593416513
        ],
        "s16": [
            0.4176474295426243,
            0.08071305160640306,
            0.49061908732435927,
            0.011020431526613387
        ],
        "s17": [
            0.18681995007775526,
            0.4598164295209756,
            0.012970371300488772,
            0.34039324910078034
        ],
        "s18": [
            0.2731142193157342,
            0.01066984487419392,
            0.5244002999445663,
            0.19181563586550562
        ],
        "s19": [
            0.32873885702974565,
            0.035810396772593275,
            0.39641616003312646,
            0.2390345861645347
        ],
        "s20": [
            0.10086978438654771,
            0.30431797871581984,
            0.5822629541202429,
            0.012549282777389545
        ],
        "s21": [
            0.39597183879973336,
            0.3840338273653061,
            0.016950938424322343,
            0.20304339541063823
        ],
        "s22": [
            0.25976421916942344,
            0.3373925565611502,
            0.11466924601543016,
            0.28817397825399615
        ],
        "s23": [
            0.10771736778757975,
            0.025480777321961853,
            0.36197222710630883,
            0.5048296277841495
        ]
    },
    "blend": [
        0.9322222222222223,
        0.8796666666666667,
        0.9774436090225563,
        0.5835130278526505,
        0.9033333333333333,
        0.9134615384615385,
        1.0,
        0.8443396226415094,
        0.8839869281045752,
        0.9211711711711711,
        0.9516666666666665,
        0.8918571428571428,
        0.9066666666666666,
        0.945,
        0.9052287581699346,
        0.9330065359477123,
        0.9318181818181819,
        0.9552816901408451,
        0.7944285714285714,
        0.9888888888888889,
        0.913125,
        0.7565359477124182,
        0.9888888888888889,
        0.9766355140186916
    ],
    "078_ResNest_focal_strong_SAM_pitch_shift_score": 0.8786133946374911,
    "078_ResNest_focal_strong_SAM_pitch_shift": [
        0.8944444444444444,
        0.8307808857808857,
        0.9780701754385966,
        0.5658355795148248,
        0.8941904761904762,
        0.9044871794871795,
        0.99,
        0.7437106918238995,
        0.8104575163398693,
        0.8382473382473382,
        0.9390000000000001,
        0.8815238095238095,
        0.8441666666666667,
        0.9133333333333333,
        0.9052287581699346,
        0.9346405228758169,
        0.9255555555555556,
        0.9287726358148892,
        0.7826753246753246,
        0.974074074074074,
        0.8960714285714285,
        0.7441176470588236,
        0.9777777777777777,
        0.9507788161993771
    ],
    "083_ResNest_LogmelMixup_score": 0.8881613611734093,
    "083_ResNest_LogmelMixup": [
        0.945,
        0.867111111111111,
        0.9539473684210527,
        0.5343148465789974,
        0.9136363636363636,
        0.8692307692307695,
        0.9722222222222223,
        0.789937106918239,
        0.866013071895425,
        0.8603603603603603,
        0.9525,
        0.91,
        0.8956666666666666,
        0.94,
        0.869281045751634,
        0.9313725490196079,
        0.9533333333333333,
        0.9414486921529177,
        0.7366601731601731,
        0.974074074074074,
        0.8598214285714285,
        0.7532679738562092,
        0.9888888888888889,
        0.9719626168224299
    ],
    "084_ResNest_bce_weak_SAM_pitch_shift_score": 0.8829088640985887,
    "084_ResNest_bce_weak_SAM_pitch_shift": [
        0.9125,
        0.8702857142857142,
        0.9490131578947368,
        0.5153938304881701,
        0.8643030303030302,
        0.9375,
        0.99,
        0.7679245283018868,
        0.8856209150326798,
        0.8326898326898327,
        0.9573333333333331,
        0.8890757575757577,
        0.8765238095238095,
        0.935,
        0.880718954248366,
        0.869934640522876,
        0.937536231884058,
        0.8996414383738326,
        0.8110952380952381,
        0.9777777777777777,
        0.9350657894736842,
        0.6826797385620914,
        0.9777777777777777,
        0.9799732977303072
    ],
    "087_086_plus_mixup_score": 0.8893749893674481,
    "087_086_plus_mixup": [
        0.904,
        0.8543888888888889,
        0.9366028708133972,
        0.4765580331618067,
        0.8929385964912281,
        0.935897435897436,
        0.975,
        0.8207547169811321,
        0.8734015345268542,
        0.9864864864864865,
        0.98,
        0.8891666666666665,
        0.8985238095238094,
        0.94,
        0.877217553688142,
        0.8790849673202613,
        0.9283333333333332,
        0.9569640062597811,
        0.7320336134453781,
        0.9777777777777777,
        0.9054945054945055,
        0.7653594771241831,
        0.9666666666666667,
        0.9647196261682243
    ]
}