{
  "best": {
    "epoch_lwlrap": 0.8910117434507678,
    "loss": 0.08919189437656613,
    "lwlrap": 0.8912163364236033
  },
  "last": {
    "epoch_lwlrap": 0.8798296554394115,
    "loss": 0.08888225107733543,
    "lwlrap": 0.8801599364360151
  },
  "train.72": {
    "epoch_lwlrap": 0.8910117434507678,
    "loss": 0.08919189437656613,
    "lwlrap": 0.8912163364236033
  },
  "epoch_0": [
    "out/088_087_dataset_change/fold2/checkpoints/train.1.pth",
    0.21324606029339294,
    {
      "epoch_lwlrap": 0.21324606029339294,
      "loss": 0.2661394312548539,
      "lwlrap": 0.2136149140948295
    }
  ],
  "epoch_1": [
    "out/088_087_dataset_change/fold2/checkpoints/train.2.pth",
    0.2558306137037025,
    {
      "epoch_lwlrap": 0.2558306137037025,
      "loss": 0.252463163355741,
      "lwlrap": 0.25596443807642466
    }
  ],
  "epoch_2": [
    "out/088_087_dataset_change/fold2/checkpoints/train.3.pth",
    0.31747555473073713,
    {
      "epoch_lwlrap": 0.31747555473073713,
      "loss": 0.24279098592913198,
      "lwlrap": 0.3181194557526203
    }
  ],
  "epoch_3": [
    "out/088_087_dataset_change/fold2/checkpoints/train.4.pth",
    0.36179706762609054,
    {
      "epoch_lwlrap": 0.36179706762609054,
      "loss": 0.23506030857317733,
      "lwlrap": 0.3623573134403415
    }
  ],
  "epoch_4": [
    "out/088_087_dataset_change/fold2/checkpoints/train.5.pth",
    0.4388521596825656,
    {
      "epoch_lwlrap": 0.4388521596825656,
      "loss": 0.2238377754580337,
      "lwlrap": 0.43980744611049183
    }
  ],
  "epoch_5": [
    "out/088_087_dataset_change/fold2/checkpoints/train.6.pth",
    0.4798418122377006,
    {
      "epoch_lwlrap": 0.4798418122377006,
      "loss": 0.210829204002035,
      "lwlrap": 0.4803947093284527
    }
  ],
  "epoch_6": [
    "out/088_087_dataset_change/fold2/checkpoints/train.7.pth",
    0.5345704404816438,
    {
      "epoch_lwlrap": 0.5345704404816438,
      "loss": 0.20246129627090426,
      "lwlrap": 0.5357295905763958
    }
  ],
  "epoch_7": [
    "out/088_087_dataset_change/fold2/checkpoints/train.8.pth",
    0.5554763054045695,
    {
      "epoch_lwlrap": 0.5554763054045695,
      "loss": 0.18589407205581665,
      "lwlrap": 0.5564567982351176
    }
  ],
  "epoch_8": [
    "out/088_087_dataset_change/fold2/checkpoints/train.9.pth",
    0.5815048729523029,
    {
      "epoch_lwlrap": 0.5815048729523029,
      "loss": 0.18440467088556092,
      "lwlrap": 0.5825455214429779
    }
  ],
  "epoch_9": [
    "out/088_087_dataset_change/fold2/checkpoints/train.10.pth",
    0.5928403810885409,
    {
      "epoch_lwlrap": 0.5928403810885409,
      "loss": 0.18222181725894473,
      "lwlrap": 0.593830881393548
    }
  ],
  "epoch_10": [
    "out/088_087_dataset_change/fold2/checkpoints/train.11.pth",
    0.592342749776394,
    {
      "epoch_lwlrap": 0.592342749776394,
      "loss": 0.18263711372520697,
      "lwlrap": 0.5931700360377643
    }
  ],
  "epoch_11": [
    "out/088_087_dataset_change/fold2/checkpoints/train.12.pth",
    0.5936230054972647,
    {
      "epoch_lwlrap": 0.5936230054972647,
      "loss": 0.18101153305038012,
      "lwlrap": 0.5946990936417215
    }
  ],
  "epoch_12": [
    "out/088_087_dataset_change/fold2/checkpoints/train.13.pth",
    0.6145244146807525,
    {
      "epoch_lwlrap": 0.6145244146807525,
      "loss": 0.17646780573291543,
      "lwlrap": 0.6156697784020853
    }
  ],
  "epoch_13": [
    "out/088_087_dataset_change/fold2/checkpoints/train.14.pth",
    0.6221335381977469,
    {
      "epoch_lwlrap": 0.6221335381977469,
      "loss": 0.17057067131309353,
      "lwlrap": 0.6229690058347241
    }
  ],
  "epoch_14": [
    "out/088_087_dataset_change/fold2/checkpoints/train.15.pth",
    0.6339181157618872,
    {
      "epoch_lwlrap": 0.6339181157618872,
      "loss": 0.17183338912058269,
      "lwlrap": 0.6348058782769963
    }
  ],
  "epoch_15": [
    "out/088_087_dataset_change/fold2/checkpoints/train.16.pth",
    0.6052983223535591,
    {
      "epoch_lwlrap": 0.6052983223535591,
      "loss": 0.1881144050156138,
      "lwlrap": 0.6064347649241588
    }
  ],
  "epoch_16": [
    "out/088_087_dataset_change/fold2/checkpoints/train.17.pth",
    0.6511260701809483,
    {
      "epoch_lwlrap": 0.6511260701809483,
      "loss": 0.16494347317596525,
      "lwlrap": 0.652538835353643
    }
  ],
  "epoch_17": [
    "out/088_087_dataset_change/fold2/checkpoints/train.18.pth",
    0.6780290863952987,
    {
      "epoch_lwlrap": 0.6780290863952987,
      "loss": 0.17077471959738083,
      "lwlrap": 0.6788336923236367
    }
  ],
  "epoch_18": [
    "out/088_087_dataset_change/fold2/checkpoints/train.19.pth",
    0.7042481658916429,
    {
      "epoch_lwlrap": 0.7042481658916429,
      "loss": 0.1534760730195438,
      "lwlrap": 0.7045786398325586
    }
  ],
  "epoch_19": [
    "out/088_087_dataset_change/fold2/checkpoints/train.20.pth",
    0.7279064241516103,
    {
      "epoch_lwlrap": 0.7279064241516103,
      "loss": 0.1440431838356909,
      "lwlrap": 0.7287106464549092
    }
  ],
  "epoch_20": [
    "out/088_087_dataset_change/fold2/checkpoints/train.21.pth",
    0.7648437492949689,
    {
      "epoch_lwlrap": 0.7648437492949689,
      "loss": 0.12877921223517796,
      "lwlrap": 0.7647879814320646
    }
  ],
  "epoch_21": [
    "out/088_087_dataset_change/fold2/checkpoints/train.22.pth",
    0.7643014183408781,
    {
      "epoch_lwlrap": 0.7643014183408781,
      "loss": 0.14638554565455197,
      "lwlrap": 0.7644691463888167
    }
  ],
  "epoch_22": [
    "out/088_087_dataset_change/fold2/checkpoints/train.23.pth",
    0.7946321237479774,
    {
      "epoch_lwlrap": 0.7946321237479774,
      "loss": 0.11327381896567934,
      "lwlrap": 0.7947938068860482
    }
  ],
  "epoch_23": [
    "out/088_087_dataset_change/fold2/checkpoints/train.24.pth",
    0.8052114664919543,
    {
      "epoch_lwlrap": 0.8052114664919543,
      "loss": 0.11896293447832021,
      "lwlrap": 0.8053900894149097
    }
  ],
  "epoch_24": [
    "out/088_087_dataset_change/fold2/checkpoints/train.25.pth",
    0.8249058376927816,
    {
      "epoch_lwlrap": 0.8249058376927816,
      "loss": 0.10856444403958418,
      "lwlrap": 0.8250333562637617
    }
  ],
  "epoch_25": [
    "out/088_087_dataset_change/fold2/checkpoints/train.26.pth",
    0.8636196459367191,
    {
      "epoch_lwlrap": 0.8636196459367191,
      "loss": 0.09434383019896937,
      "lwlrap": 0.8636317361249611
    }
  ],
  "epoch_26": [
    "out/088_087_dataset_change/fold2/checkpoints/train.27.pth",
    0.8379988913525499,
    {
      "epoch_lwlrap": 0.8379988913525499,
      "loss": 0.1006055136475666,
      "lwlrap": 0.8382024059003883
    }
  ],
  "epoch_27": [
    "out/088_087_dataset_change/fold2/checkpoints/train.28.pth",
    0.8529055931315616,
    {
      "epoch_lwlrap": 0.8529055931315616,
      "loss": 0.09263641742123252,
      "lwlrap": 0.8528875804729869
    }
  ],
  "epoch_28": [
    "out/088_087_dataset_change/fold2/checkpoints/train.29.pth",
    0.8576971075446684,
    {
      "epoch_lwlrap": 0.8576971075446684,
      "loss": 0.09193842859609137,
      "lwlrap": 0.85771732540545
    }
  ],
  "epoch_29": [
    "out/088_087_dataset_change/fold2/checkpoints/train.30.pth",
    0.8507339656729901,
    {
      "epoch_lwlrap": 0.8507339656729901,
      "loss": 0.08889819043899269,
      "lwlrap": 0.8508054271704778
    }
  ],
  "epoch_30": [
    "out/088_087_dataset_change/fold2/checkpoints/train.31.pth",
    0.8518148969368482,
    {
      "epoch_lwlrap": 0.8518148969368482,
      "loss": 0.0910190815803568,
      "lwlrap": 0.8519062353700515
    }
  ],
  "epoch_31": [
    "out/088_087_dataset_change/fold2/checkpoints/train.32.pth",
    0.8537536086316574,
    {
      "epoch_lwlrap": 0.8537536086316574,
      "loss": 0.09079324244042482,
      "lwlrap": 0.8538151910579895
    }
  ],
  "epoch_32": [
    "out/088_087_dataset_change/fold2/checkpoints/train.33.pth",
    0.8531696623160039,
    {
      "epoch_lwlrap": 0.8531696623160039,