{
  "best": {
    "epoch_lwlrap": 0.8947006472491909,
    "lwlrap": 0.8946674057649667,
    "loss": 0.1878166929977696
  },
  "last": {
    "epoch_lwlrap": 0.8805037195813894,
    "lwlrap": 0.8802534051314539,
    "loss": 0.22477483196956355
  },
  "train.33": {
    "epoch_lwlrap": 0.8947006472491909,
    "lwlrap": 0.8946674057649667,
    "loss": 0.1878166929977696
  },
  "epoch_0": [
    "out/056_ResNest_focal_48kHz/fold3/checkpoints/train.1.pth",
    0.6164873442998746,
    {
      "epoch_lwlrap": 0.25455133649894374,
      "lwlrap": 0.2546655125616447,
      "loss": 0.6164873442998746
    }
  ],
  "epoch_1": [
    "out/056_ResNest_focal_48kHz/fold3/checkpoints/train.2.pth",
    0.6320925165967244,
    {
      "epoch_lwlrap": 0.29470476060338247,
      "lwlrap": 0.2948476063150882,
      "loss": 0.6320925165967244
    }
  ],
  "epoch_2": [
    "out/056_ResNest_focal_48kHz/fold3/checkpoints/train.3.pth",
    0.5490022083608116,
    {
      "epoch_lwlrap": 0.33671433466907474,
      "lwlrap": 0.33657505781804725,
      "loss": 0.5490022083608116
    }
  ],
  "epoch_3": [
    "out/056_ResNest_focal_48kHz/fold3/checkpoints/train.4.pth",
    0.5707231553589426,
    {
      "epoch_lwlrap": 0.33843801246721217,
      "lwlrap": 0.33871243634000464,
      "loss": 0.5707231553589426
    }
  ],
  "epoch_4": [
    "out/056_ResNest_focal_48kHz/fold3/checkpoints/train.5.pth",
    0.5229850513179128,
    {
      "epoch_lwlrap": 0.42514919433033893,
      "lwlrap": 0.4251589795279257,
      "loss": 0.5229850513179128
    }
  ],
  "epoch_5": [
    "out/056_ResNest_focal_48kHz/fold3/checkpoints/train.6.pth",
    0.49944518964465073,
    {
      "epoch_lwlrap": 0.46979082136849126,
      "lwlrap": 0.4697046201314494,
      "loss": 0.49944518964465073
    }
  ],
  "epoch_6": [
    "out/056_ResNest_focal_48kHz/fold3/checkpoints/train.7.pth",
    0.4747052474719722,
    {
      "epoch_lwlrap": 0.48930363254677933,
      "lwlrap": 0.489169899392281,
      "loss": 0.4747052474719722
    }
  ],
  "epoch_7": [
    "out/056_ResNest_focal_48kHz/fold3/checkpoints/train.8.pth",
    0.45771656676036554,
    {
      "epoch_lwlrap": 0.516980214538001,
      "lwlrap": 0.5171304472705556,
      "loss": 0.45771656676036554
    }
  ],
  "epoch_8": [
    "out/056_ResNest_focal_48kHz/fold3/checkpoints/train.9.pth",
    0.4237836067269488,
    {
      "epoch_lwlrap": 0.5740721252857175,
      "lwlrap": 0.5742421850958436,
      "loss": 0.4237836067269488
    }
  ],
  "epoch_9": [
    "out/056_ResNest_focal_48kHz/fold3/checkpoints/train.10.pth",
    0.4234651356208615,
    {
      "epoch_lwlrap": 0.5728881530523073,
      "lwlrap": 0.5731572075871294,
      "loss": 0.4234651356208615
    }
  ],
  "epoch_10": [
    "out/056_ResNest_focal_48kHz/fold3/checkpoints/train.11.pth",
    0.421202938149615,
    {
      "epoch_lwlrap": 0.5766423301617476,
      "lwlrap": 0.5767729416842499,
      "loss": 0.421202938149615
    }
  ],
  "epoch_11": [
    "out/056_ResNest_focal_48kHz/fold3/checkpoints/train.12.pth",
    0.4205199257629674,
    {
      "epoch_lwlrap": 0.5757246057610135,
      "lwlrap": 0.5759473422610895,
      "loss": 0.4205199257629674
    }
  ],
  "epoch_12": [
    "out/056_ResNest_focal_48kHz/fold3/checkpoints/train.13.pth",
    0.425398947698314,
    {
      "epoch_lwlrap": 0.5902122933133409,
      "lwlrap": 0.590315759596014,
      "loss": 0.425398947698314
    }
  ],
  "epoch_13": [
    "out/056_ResNest_focal_48kHz/fold3/checkpoints/train.14.pth",
    0.42029233662093557,
    {
      "epoch_lwlrap": 0.6129269126235146,
      "lwlrap": 0.6130113224625421,
      "loss": 0.42029233662093557
    }
  ],
  "epoch_14": [
    "out/056_ResNest_focal_48kHz/fold3/checkpoints/train.15.pth",
    0.42219294338691526,
    {
      "epoch_lwlrap": 0.5699534395766983,
      "lwlrap": 0.5701321915584906,
      "loss": 0.42219294338691526
    }
  ],
  "epoch_15": [
    "out/056_ResNest_focal_48kHz/fold3/checkpoints/train.16.pth",
    0.35318924246764766,
    {
      "epoch_lwlrap": 0.7153933013334783,
      "lwlrap": 0.7150901461841204,
      "loss": 0.35318924246764766
    }
  ],
  "epoch_16": [
    "out/056_ResNest_focal_48kHz/fold3/checkpoints/train.17.pth",
    0.4156806422442925,
    {
      "epoch_lwlrap": 0.6441727496188857,
      "lwlrap": 0.6441884939294892,
      "loss": 0.4156806422442925
    }
  ],
  "epoch_17": [
    "out/056_ResNest_focal_48kHz/fold3/checkpoints/train.18.pth",
    0.31888983671258136,
    {
      "epoch_lwlrap": 0.7551361212554815,
      "lwlrap": 0.7547961969482774,
      "loss": 0.31888983671258136
    }
  ],
  "epoch_18": [
    "out/056_ResNest_focal_48kHz/fold3/checkpoints/train.19.pth",
    0.3628797282532948,
    {
      "epoch_lwlrap": 0.6616396817853128,
      "lwlrap": 0.6612458453921869,
      "loss": 0.3628797282532948
    }
  ],
  "epoch_19": [
    "out/056_ResNest_focal_48kHz/fold3/checkpoints/train.20.pth",
    0.39140208974117185,
    {
      "epoch_lwlrap": 0.6657320969214173,
      "lwlrap": 0.6657234319429441,
      "loss": 0.39140208974117185
    }
  ],
  "epoch_20": [
    "out/056_ResNest_focal_48kHz/fold3/checkpoints/train.21.pth",
    0.3131032794713974,
    {
      "epoch_lwlrap": 0.7310882031541655,
      "lwlrap": 0.7307561834785651,
      "loss": 0.3131032794713974
    }
  ],
  "epoch_21": [
    "out/056_ResNest_focal_48kHz/fold3/checkpoints/train.22.pth",
    0.35774235681789673,
    {
      "epoch_lwlrap": 0.6953734641841438,
      "lwlrap": 0.694838454228698,
      "loss": 0.35774235681789673
    }
  ],
  "epoch_22": [
    "out/056_ResNest_focal_48kHz/fold3/checkpoints/train.23.pth",
    0.34688849042101605,
    {
      "epoch_lwlrap": 0.7573667654764171,
      "lwlrap": 0.7571440165127394,
      "loss": 0.34688849042101605
    }
  ],
  "epoch_23": [
    "out/056_ResNest_focal_48kHz/fold3/checkpoints/train.24.pth",
    0.24609519541263583,
    {
      "epoch_lwlrap": 0.8294344274926799,
      "lwlrap": 0.8291567240347727,
      "loss": 0.24609519541263583
    }
  ],
  "epoch_24": [
    "out/056_ResNest_focal_48kHz/fold3/checkpoints/train.25.pth",
    0.24647410933564348,
    {
      "epoch_lwlrap": 0.8693096008629988,
      "lwlrap": 0.8691278640059127,
      "loss": 0.24647410933564348
    }
  ],
  "epoch_25": [
    "out/056_ResNest_focal_48kHz/fold3/checkpoints/train.26.pth",
    0.2091145346077477,
    {
      "epoch_lwlrap": 0.8766914989002368,
      "lwlrap": 0.8765285256748672,
      "loss": 0.2091145346077477
    }
  ],
  "epoch_26": [
    "out/056_ResNest_focal_48kHz/fold3/checkpoints/train.27.pth",
    0.2062064817765864,
    {
      "epoch_lwlrap": 0.8930923310777679,
      "lwlrap": 0.8929978648271332,
      "loss": 0.2062064817765864
    }
  ],
  "epoch_27": [
    "out/056_ResNest_focal_48kHz/fold3/checkpoints/train.28.pth",
    0.19817884142805892,
    {
      "epoch_lwlrap": 0.8763079827400215,
      "lwlrap": 0.8761924119241192,
      "loss": 0.19817884142805892
    }
  ],
  "epoch_28": [
    "out/056_ResNest_focal_48kHz/fold3/checkpoints/train.29.pth",
    0.19566915355077605,
    {
      "epoch_lwlrap": 0.8955906148867313,
      "lwlrap": 0.8954878048780487,
      "loss": 0.19566915355077605
    }
  ],
  "epoch_29": [
    "out/056_ResNest_focal_48kHz/fold3/checkpoints/train.30.pth",
    0.19745337730500756,
    {
      "epoch_lwlrap": 0.8935679611650486,
      "lwlrap": 0.8934552845528455,
      "loss": 0.19745337730500756
    }
  ],
  "epoch_30": [
    "out/056_ResNest_focal_48kHz/fold3/checkpoints/train.31.pth",
    0.19296095400321775,
    {
      "epoch_lwlrap": 0.9022306981044845,
      "lwlrap": 0.9021676697286454,
      "loss": 0.19296095400321775
    }
  ],
  "epoch_31": [
    "out/056_ResNest_focal_48kHz/fold3/checkpoints/train.32.pth",
    0.1896428554523282,
    {
      "epoch_lwlrap": 0.9110183505814573,
      "lwlrap": 0.9108552964650525,
      "loss": 0.1896428554523282
    }
  ],