{
  "best": {
    "epoch_lwlrap": 0.8945643187830687,
    "loss": 0.0163922061705414,
    "lwlrap": 0.8947153861544618
  },
  "last": {
    "epoch_lwlrap": 0.8945643187830687,
    "loss": 0.0163922061705414,
    "lwlrap": 0.8947153861544618
  },
  "train.55": {
    "epoch_lwlrap": 0.8945643187830687,
    "loss": 0.0163922061705414,
    "lwlrap": 0.8947153861544618
  },
  "epoch_0": [
    "out/118_117_EffnetB3/fold0/checkpoints/train.1.pth",
    0.287537314515058,
    {
      "epoch_lwlrap": 0.287537314515058,
      "loss": 0.049723767683285625,
      "lwlrap": 0.2873289731918838
    }
  ],
  "epoch_1": [
    "out/118_117_EffnetB3/fold0/checkpoints/train.2.pth",
    0.37513365531312515,
    {
      "epoch_lwlrap": 0.37513365531312515,
      "loss": 0.04808536876274758,
      "lwlrap": 0.37455790882313966
    }
  ],
  "epoch_2": [
    "out/118_117_EffnetB3/fold0/checkpoints/train.3.pth",
    0.45865380160416924,
    {
      "epoch_lwlrap": 0.45865380160416924,
      "loss": 0.03997692916573597,
      "lwlrap": 0.45870858393764613
    }
  ],
  "epoch_3": [
    "out/118_117_EffnetB3/fold0/checkpoints/train.4.pth",
    0.50847837091887,
    {
      "epoch_lwlrap": 0.50847837091887,
      "loss": 0.039171759226993355,
      "lwlrap": 0.5085531833731346
    }
  ],
  "epoch_4": [
    "out/118_117_EffnetB3/fold0/checkpoints/train.5.pth",
    0.5478116576370253,
    {
      "epoch_lwlrap": 0.5478116576370253,
      "loss": 0.03619985996174211,
      "lwlrap": 0.5477995405556135
    }
  ],
  "epoch_5": [
    "out/118_117_EffnetB3/fold0/checkpoints/train.6.pth",
    0.6170866864616864,
    {
      "epoch_lwlrap": 0.6170866864616864,
      "loss": 0.032676368983102444,
      "lwlrap": 0.6169163369643561
    }
  ],
  "epoch_6": [
    "out/118_117_EffnetB3/fold0/checkpoints/train.7.pth",
    0.6218156414663767,
    {
      "epoch_lwlrap": 0.6218156414663767,
      "loss": 0.0312505572596017,
      "lwlrap": 0.6216633492832208
    }
  ],
  "epoch_7": [
    "out/118_117_EffnetB3/fold0/checkpoints/train.8.pth",
    0.660171716380598,
    {
      "epoch_lwlrap": 0.660171716380598,
      "loss": 0.03011155640315108,
      "lwlrap": 0.6598066881115627
    }
  ],
  "epoch_8": [
    "out/118_117_EffnetB3/fold0/checkpoints/train.9.pth",
    0.6653795081552434,
    {
      "epoch_lwlrap": 0.6653795081552434,
      "loss": 0.029103472359290644,
      "lwlrap": 0.6655296290879936
    }
  ],
  "epoch_9": [
    "out/118_117_EffnetB3/fold0/checkpoints/train.10.pth",
    0.6704195977633478,
    {
      "epoch_lwlrap": 0.6704195977633478,
      "loss": 0.028134196229717308,
      "lwlrap": 0.6702156367597544
    }
  ],
  "epoch_10": [
    "out/118_117_EffnetB3/fold0/checkpoints/train.11.pth",
    0.6693194515645173,
    {
      "epoch_lwlrap": 0.6693194515645173,
      "loss": 0.02850152979440549,
      "lwlrap": 0.669190334104326
    }
  ],
  "epoch_11": [
    "out/118_117_EffnetB3/fold0/checkpoints/train.12.pth",
    0.6687655494481152,
    {
      "epoch_lwlrap": 0.6687655494481152,
      "loss": 0.028939415254637977,
      "lwlrap": 0.6683476088468349
    }
  ],
  "epoch_12": [
    "out/118_117_EffnetB3/fold0/checkpoints/train.13.pth",
    0.6840683002999179,
    {
      "epoch_lwlrap": 0.6840683002999179,
      "loss": 0.027771992843692042,
      "lwlrap": 0.6839693478613752
    }
  ],
  "epoch_13": [
    "out/118_117_EffnetB3/fold0/checkpoints/train.14.pth",
    0.696879283910534,
    {
      "epoch_lwlrap": 0.696879283910534,
      "loss": 0.02776689935444283,
      "lwlrap": 0.6968765536517638
    }
  ],
  "epoch_14": [
    "out/118_117_EffnetB3/fold0/checkpoints/train.15.pth",
    0.681838924963925,
    {
      "epoch_lwlrap": 0.681838924963925,
      "loss": 0.026924081929341086,
      "lwlrap": 0.6815740365410233
    }
  ],
  "epoch_15": [
    "out/118_117_EffnetB3/fold0/checkpoints/train.16.pth",
    0.7143769540644541,
    {
      "epoch_lwlrap": 0.7143769540644541,
      "loss": 0.026309568888875617,
      "lwlrap": 0.7144363950486399
    }
  ],
  "epoch_16": [
    "out/118_117_EffnetB3/fold0/checkpoints/train.17.pth",
    0.7098713323713324,
    {
      "epoch_lwlrap": 0.7098713323713324,
      "loss": 0.02523884123989514,
      "lwlrap": 0.709438522883901
    }
  ],
  "epoch_17": [
    "out/118_117_EffnetB3/fold0/checkpoints/train.18.pth",
    0.7512150696525697,
    {
      "epoch_lwlrap": 0.7512150696525697,
      "loss": 0.024973804663334574,
      "lwlrap": 0.7506598160409684
    }
  ],
  "epoch_18": [
    "out/118_117_EffnetB3/fold0/checkpoints/train.19.pth",
    0.7101700961075961,
    {
      "epoch_lwlrap": 0.7101700961075961,
      "loss": 0.030500711434904265,
      "lwlrap": 0.7099444822884198
    }
  ],
  "epoch_19": [
    "out/118_117_EffnetB3/fold0/checkpoints/train.20.pth",
    0.7097008621824797,
    {
      "epoch_lwlrap": 0.7097008621824797,
      "loss": 0.030115206545891882,
      "lwlrap": 0.7095653904742245
    }
  ],
  "epoch_20": [
    "out/118_117_EffnetB3/fold0/checkpoints/train.21.pth",
    0.774336069023569,
    {
      "epoch_lwlrap": 0.774336069023569,
      "loss": 0.023380454825315655,
      "lwlrap": 0.7742938084324639
    }
  ],
  "epoch_21": [
    "out/118_117_EffnetB3/fold0/checkpoints/train.22.pth",
    0.7732870832870833,
    {
      "epoch_lwlrap": 0.7732870832870833,
      "loss": 0.023334177993551024,
      "lwlrap": 0.7730692743297786
    }
  ],
  "epoch_22": [
    "out/118_117_EffnetB3/fold0/checkpoints/train.23.pth",
    0.8078834938209938,
    {
      "epoch_lwlrap": 0.8078834938209938,
      "loss": 0.020527126658864383,
      "lwlrap": 0.8073628402409916
    }
  ],
  "epoch_23": [
    "out/118_117_EffnetB3/fold0/checkpoints/train.24.pth",
    0.810474537037037,
    {
      "epoch_lwlrap": 0.810474537037037,
      "loss": 0.021677809665683938,
      "lwlrap": 0.8103157929838603
    }
  ],
  "epoch_24": [
    "out/118_117_EffnetB3/fold0/checkpoints/train.25.pth",
    0.8433200017575017,
    {
      "epoch_lwlrap": 0.8433200017575017,
      "loss": 0.01887681877569241,
      "lwlrap": 0.8430637872864764
    }
  ],
  "epoch_25": [
    "out/118_117_EffnetB3/fold0/checkpoints/train.26.pth",
    0.8300431397306397,
    {
      "epoch_lwlrap": 0.8300431397306397,
      "loss": 0.021129594834036185,
      "lwlrap": 0.8298087416784895
    }
  ],
  "epoch_26": [
    "out/118_117_EffnetB3/fold0/checkpoints/train.27.pth",
    0.840265983586417,
    {
      "epoch_lwlrap": 0.840265983586417,
      "loss": 0.017613477519705517,
      "lwlrap": 0.8400574677755519
    }
  ],
  "epoch_27": [
    "out/118_117_EffnetB3/fold0/checkpoints/train.28.pth",
    0.8525694444444445,
    {
      "epoch_lwlrap": 0.8525694444444445,
      "loss": 0.01854105625583344,
      "lwlrap": 0.8523992930505535
    }
  ],
  "epoch_28": [
    "out/118_117_EffnetB3/fold0/checkpoints/train.29.pth",
    0.852503306878307,
    {
      "epoch_lwlrap": 0.852503306878307,
      "loss": 0.01729021335662413,
      "lwlrap": 0.8523476057089502
    }
  ],
  "epoch_29": [
    "out/118_117_EffnetB3/fold0/checkpoints/train.30.pth",
    0.8509771825396826,
    {
      "epoch_lwlrap": 0.8509771825396826,
      "loss": 0.017170669784878984,
      "lwlrap": 0.8508853541416567
    }
  ],
  "epoch_30": [
    "out/118_117_EffnetB3/fold0/checkpoints/train.31.pth",
    0.851736111111111,
    {
      "epoch_lwlrap": 0.851736111111111,
      "loss": 0.017628415816408744,
      "lwlrap": 0.8514739229024944
    }
  ],
  "epoch_31": [
    "out/118_117_EffnetB3/fold0/checkpoints/train.32.pth",
    0.8414436026936027,
    {
      "epoch_lwlrap": 0.8414436026936027,
      "loss": 0.017741190332199345,
      "lwlrap": 0.8411549468272158
    }
  ],
  "epoch_32": [
    "out/118_117_EffnetB3/fold0/checkpoints/train.33.pth",
    0.839672619047619,
    {
      "epoch_lwlrap": 0.839672619047619,
      "loss": 0.01857460422457016,
      "lwlrap": 0.839625850340136
    }
  ],