{
    "078_ResNest_focal_strong_SAM_pitch_shift": [
        0.9077777777777777,
        0.8309090909090909,
        0.9824561403508772,
        0.5395166678185546,
        0.8742717086834734,
        0.902120315581854,
        0.99,
        0.740566037735849,
        0.7947712418300653,
        0.8208655083655083,
        0.9390000000000001,
        0.8601515151515153,
        0.8241666666666666,
        0.8916666666666666,
        0.9248366013071896,
        0.9444444444444445,
        0.9158333333333333,
        0.9291350668111232,
        0.7660000000000001,
        0.9722222222222222,
        0.9223214285714286,
        0.7441176470588236,
        0.9722222222222222,
        0.9353360035603026
    ],
    "Identity": [
        0.8944444444444444,
        0.8307808857808858,
        0.9780701754385964,
        0.5658355795148248,
        0.894190476190476,
        0.9044871794871795,
        0.99,
        0.7437106918238995,
        0.8104575163398693,
        0.8382473382473382,
        0.9390000000000001,
        0.8815238095238095,
        0.8441666666666666,
        0.9133333333333333,
        0.9052287581699348,
        0.9346405228758171,
        0.9255555555555555,
        0.9287726358148894,
        0.7826753246753249,
        0.974074074074074,
        0.8960714285714287,
        0.7441176470588236,
        0.9777777777777777,
        0.9507788161993769
    ],
    "PitchUp": [
        0.9011111111111112,
        0.8392577597840757,
        0.9517543859649124,
        0.5408931739120417,
        0.8618571428571429,
        0.8729967948717948,
        0.99,
        0.7591644204851752,
        0.7908496732026145,
        0.7680891417733523,
        0.9406666666666668,
        0.8413419913419915,
        0.8158333333333333,
        0.8583333333333334,
        0.8823529411764706,
        0.915686274509804,
        0.918888888888889,
        0.9430918846411803,
        0.7436363636363638,
        0.9722222222222222,
        0.9223214285714286,
        0.7009803921568627,
        0.9506172839506173,
        0.913640409434802
    ],
    "PitchDown": [
        0.8845098039215686,
        0.8015757575757577,
        1.0,
        0.5533018867924528,
        0.8578138528138528,
        0.8823717948717948,
        0.99,
        0.7513477088948787,
        0.8181605975723623,
        0.756493993993994,
        0.9366666666666668,
        0.8560000000000001,
        0.7938888888888889,
        0.8766666666666666,
        0.8594771241830066,
        0.9150326797385621,
        0.8895940170940172,
        0.922914409534128,
        0.7630476190476192,
        0.9444444444444444,
        0.9083333333333332,
        0.6967320261437908,
        0.9777777777777777,
        0.937805963506898
    ]
}