{
  "best": {
    "epoch_lwlrap": 0.8946428571428571,
    "loss": 0.08734362227160757,
    "lwlrap": 0.8946920767117079
  },
  "last": {
    "epoch_lwlrap": 0.8763431100595578,
    "loss": 0.10585988440164705,
    "lwlrap": 0.8764824609201206
  },
  "train.27": {
    "epoch_lwlrap": 0.8946428571428571,
    "loss": 0.08734362227160757,
    "lwlrap": 0.8946920767117079
  },
  "epoch_0": [
    "out/085_EfficientNetB0_bce_weak_SAM_pitch_shift/fold3/checkpoints/train.1.pth",
    0.3170478693647376,
    {
      "epoch_lwlrap": 0.3170478693647376,
      "loss": 0.2585041057772753,
      "lwlrap": 0.31689847385685355
    }
  ],
  "epoch_1": [
    "out/085_EfficientNetB0_bce_weak_SAM_pitch_shift/fold3/checkpoints/train.2.pth",
    0.4542372470187011,
    {
      "epoch_lwlrap": 0.4542372470187011,
      "loss": 0.2135398791330617,
      "lwlrap": 0.45453751364603967
    }
  ],
  "epoch_2": [
    "out/085_EfficientNetB0_bce_weak_SAM_pitch_shift/fold3/checkpoints/train.3.pth",
    0.6084677992294693,
    {
      "epoch_lwlrap": 0.6084677992294693,
      "loss": 0.17867999687427427,
      "lwlrap": 0.6086414797542075
    }
  ],
  "epoch_3": [
    "out/085_EfficientNetB0_bce_weak_SAM_pitch_shift/fold3/checkpoints/train.4.pth",
    0.6821348953480216,
    {
      "epoch_lwlrap": 0.6821348953480216,
      "loss": 0.15628290067358716,
      "lwlrap": 0.6821723436444513
    }
  ],
  "epoch_4": [
    "out/085_EfficientNetB0_bce_weak_SAM_pitch_shift/fold3/checkpoints/train.5.pth",
    0.7729571197411003,
    {
      "epoch_lwlrap": 0.7729571197411003,
      "loss": 0.13347127179547053,
      "lwlrap": 0.7731705192487466
    }
  ],
  "epoch_5": [
    "out/085_EfficientNetB0_bce_weak_SAM_pitch_shift/fold3/checkpoints/train.6.pth",
    0.807100181372026,
    {
      "epoch_lwlrap": 0.807100181372026,
      "loss": 0.11590683314858413,
      "lwlrap": 0.8071316131815836
    }
  ],
  "epoch_6": [
    "out/085_EfficientNetB0_bce_weak_SAM_pitch_shift/fold3/checkpoints/train.7.pth",
    0.8265277602656242,
    {
      "epoch_lwlrap": 0.8265277602656242,
      "loss": 0.10388140871030528,
      "lwlrap": 0.8265064085230653
    }
  ],
  "epoch_7": [
    "out/085_EfficientNetB0_bce_weak_SAM_pitch_shift/fold3/checkpoints/train.8.pth",
    0.8423295016741618,
    {
      "epoch_lwlrap": 0.8423295016741618,
      "loss": 0.09517211376166924,
      "lwlrap": 0.8422584646498983
    }
  ],
  "epoch_8": [
    "out/085_EfficientNetB0_bce_weak_SAM_pitch_shift/fold3/checkpoints/train.9.pth",
    0.8480988806231524,
    {
      "epoch_lwlrap": 0.8480988806231524,
      "loss": 0.09229439624199053,
      "lwlrap": 0.8479915411444264
    }
  ],
  "epoch_9": [
    "out/085_EfficientNetB0_bce_weak_SAM_pitch_shift/fold3/checkpoints/train.10.pth",
    0.8591907283654856,
    {
      "epoch_lwlrap": 0.8591907283654856,
      "loss": 0.09156078645368902,
      "lwlrap": 0.8591969838608744
    }
  ],
  "epoch_10": [
    "out/085_EfficientNetB0_bce_weak_SAM_pitch_shift/fold3/checkpoints/train.11.pth",
    0.8519631124000056,
    {
      "epoch_lwlrap": 0.8519631124000056,
      "loss": 0.09134124364794755,
      "lwlrap": 0.8518873703466209
    }
  ],
  "epoch_11": [
    "out/085_EfficientNetB0_bce_weak_SAM_pitch_shift/fold3/checkpoints/train.12.pth",
    0.8488154779416917,
    {
      "epoch_lwlrap": 0.8488154779416917,
      "loss": 0.09067644724031775,
      "lwlrap": 0.8487909519259906
    }
  ],
  "epoch_12": [
    "out/085_EfficientNetB0_bce_weak_SAM_pitch_shift/fold3/checkpoints/train.13.pth",
    0.8501773981142913,
    {
      "epoch_lwlrap": 0.8501773981142913,
      "loss": 0.09105644902078117,
      "lwlrap": 0.8500564023853732
    }
  ],
  "epoch_13": [
    "out/085_EfficientNetB0_bce_weak_SAM_pitch_shift/fold3/checkpoints/train.14.pth",
    0.8603446041552838,
    {
      "epoch_lwlrap": 0.8603446041552838,
      "loss": 0.08973687051272974,
      "lwlrap": 0.8602342066024399
    }
  ],
  "epoch_14": [
    "out/085_EfficientNetB0_bce_weak_SAM_pitch_shift/fold3/checkpoints/train.15.pth",
    0.8589478347973494,
    {
      "epoch_lwlrap": 0.8589478347973494,
      "loss": 0.08782150451003051,
      "lwlrap": 0.8587356826529939
    }
  ],
  "epoch_15": [
    "out/085_EfficientNetB0_bce_weak_SAM_pitch_shift/fold3/checkpoints/train.16.pth",
    0.8697187767206762,
    {
      "epoch_lwlrap": 0.8697187767206762,
      "loss": 0.09026804202940406,
      "lwlrap": 0.8694835849818651
    }
  ],
  "epoch_16": [
    "out/085_EfficientNetB0_bce_weak_SAM_pitch_shift/fold3/checkpoints/train.17.pth",
    0.8428818888770344,
    {
      "epoch_lwlrap": 0.8428818888770344,
      "loss": 0.09740327843805639,
      "lwlrap": 0.8428392345971168
    }
  ],
  "epoch_17": [
    "out/085_EfficientNetB0_bce_weak_SAM_pitch_shift/fold3/checkpoints/train.18.pth",
    0.8092184422345383,
    {
      "epoch_lwlrap": 0.8092184422345383,
      "loss": 0.1162278216059615,
      "lwlrap": 0.8093481350533858
    }
  ],
  "epoch_18": [
    "out/085_EfficientNetB0_bce_weak_SAM_pitch_shift/fold3/checkpoints/train.19.pth",
    0.8287612983845571,
    {
      "epoch_lwlrap": 0.8287612983845571,
      "loss": 0.1104312695381118,
      "lwlrap": 0.8287142089418168
    }
  ],
  "epoch_19": [
    "out/085_EfficientNetB0_bce_weak_SAM_pitch_shift/fold3/checkpoints/train.20.pth",
    0.8633422624713316,
    {
      "epoch_lwlrap": 0.8633422624713316,
      "loss": 0.0938893661993306,
      "lwlrap": 0.8633427592730528
    }
  ],
  "epoch_20": [
    "out/085_EfficientNetB0_bce_weak_SAM_pitch_shift/fold3/checkpoints/train.21.pth",
    0.8339189397441824,
    {
      "epoch_lwlrap": 0.8339189397441824,
      "loss": 0.10052244874035439,
      "lwlrap": 0.833784973041368
    }
  ],
  "epoch_21": [
    "out/085_EfficientNetB0_bce_weak_SAM_pitch_shift/fold3/checkpoints/train.22.pth",
    0.8435125506513285,
    {
      "epoch_lwlrap": 0.8435125506513285,
      "loss": 0.11496307973454638,
      "lwlrap": 0.8435661712632703
    }
  ],
  "epoch_22": [
    "out/085_EfficientNetB0_bce_weak_SAM_pitch_shift/fold3/checkpoints/train.23.pth",
    0.8530127908768685,
    {
      "epoch_lwlrap": 0.8530127908768685,
      "loss": 0.09179261835609995,
      "lwlrap": 0.8529032227604507
    }
  ],
  "epoch_23": [
    "out/085_EfficientNetB0_bce_weak_SAM_pitch_shift/fold3/checkpoints/train.24.pth",
    0.8763349514563106,
    {
      "epoch_lwlrap": 0.8763349514563106,
      "loss": 0.09383930084181995,
      "lwlrap": 0.8765357921871902
    }
  ],
  "epoch_24": [
    "out/085_EfficientNetB0_bce_weak_SAM_pitch_shift/fold3/checkpoints/train.25.pth",
    0.865499306518724,
    {
      "epoch_lwlrap": 0.865499306518724,
      "loss": 0.0926156131232657,
      "lwlrap": 0.865612588878502
    }
  ],
  "epoch_25": [
    "out/085_EfficientNetB0_bce_weak_SAM_pitch_shift/fold3/checkpoints/train.26.pth",
    0.8760228848821082,
    {
      "epoch_lwlrap": 0.8760228848821082,
      "loss": 0.0899248315793712,
      "lwlrap": 0.8760444463329652
    }
  ],
  "epoch_26": [
    "out/085_EfficientNetB0_bce_weak_SAM_pitch_shift/fold3/checkpoints/train.27.pth",
    0.8946428571428571,
    {
      "epoch_lwlrap": 0.8946428571428571,
      "loss": 0.08734362227160757,
      "lwlrap": 0.8946920767117079
    }
  ],
  "epoch_27": [
    "out/085_EfficientNetB0_bce_weak_SAM_pitch_shift/fold3/checkpoints/train.28.pth",
    0.8841789952226845,
    {
      "epoch_lwlrap": 0.8841789952226845,
      "loss": 0.08797611259832615,
      "lwlrap": 0.8841642824093746
    }
  ],
  "epoch_28": [
    "out/085_EfficientNetB0_bce_weak_SAM_pitch_shift/fold3/checkpoints/train.29.pth",
    0.8860976267529665,
    {
      "epoch_lwlrap": 0.8860976267529665,
      "loss": 0.08868295971940204,
      "lwlrap": 0.8860522836935687
    }
  ],
  "epoch_29": [
    "out/085_EfficientNetB0_bce_weak_SAM_pitch_shift/fold3/checkpoints/train.30.pth",
    0.8941477885652642,
    {
      "epoch_lwlrap": 0.8941477885652642,
      "loss": 0.0876337427918504,
      "lwlrap": 0.8940703285081631
    }
  ],