{
  "best": {
    "epoch_lwlrap": 0.8633807443962298,
    "lwlrap": 0.8633807443962298,
    "loss": 0.3396715737164837
  },
  "last": {
    "epoch_lwlrap": 0.8582452913155711,
    "lwlrap": 0.8582452913155711,
    "loss": 0.34605277690305014
  },
  "train.66": {
    "epoch_lwlrap": 0.8633807443962298,
    "lwlrap": 0.8633807443962298,
    "loss": 0.3396715737164837
  },
  "epoch_0": [
    "out/049_ResNest_strong_focal_5fold_70epochs/fold4/checkpoints/train.1.pth",
    0.2404711942837246,
    {
      "epoch_lwlrap": 0.2404711942837246,
      "lwlrap": 0.24047119428372457,
      "loss": 0.8312105114601519
    }
  ],
  "epoch_1": [
    "out/049_ResNest_strong_focal_5fold_70epochs/fold4/checkpoints/train.2.pth",
    0.26990943071996676,
    {
      "epoch_lwlrap": 0.26990943071996676,
      "lwlrap": 0.2699094307199668,
      "loss": 0.5932645846719611
    }
  ],
  "epoch_2": [
    "out/049_ResNest_strong_focal_5fold_70epochs/fold4/checkpoints/train.3.pth",
    0.2954279765714314,
    {
      "epoch_lwlrap": 0.2954279765714314,
      "lwlrap": 0.2954279765714314,
      "loss": 0.6168644580666877
    }
  ],
  "epoch_3": [
    "out/049_ResNest_strong_focal_5fold_70epochs/fold4/checkpoints/train.4.pth",
    0.32896221676619025,
    {
      "epoch_lwlrap": 0.32896221676619025,
      "lwlrap": 0.32896221676619025,
      "loss": 0.5768124496555763
    }
  ],
  "epoch_4": [
    "out/049_ResNest_strong_focal_5fold_70epochs/fold4/checkpoints/train.5.pth",
    0.5169079325103385,
    {
      "epoch_lwlrap": 0.5169079325103385,
      "lwlrap": 0.5169079325103385,
      "loss": 0.509138172756047
    }
  ],
  "epoch_5": [
    "out/049_ResNest_strong_focal_5fold_70epochs/fold4/checkpoints/train.6.pth",
    0.5353919768329836,
    {
      "epoch_lwlrap": 0.5353919768329836,
      "lwlrap": 0.5353919768329837,
      "loss": 0.509709341204874
    }
  ],
  "epoch_6": [
    "out/049_ResNest_strong_focal_5fold_70epochs/fold4/checkpoints/train.7.pth",
    0.5664552089209623,
    {
      "epoch_lwlrap": 0.5664552089209623,
      "lwlrap": 0.5664552089209623,
      "loss": 0.4669194523602316
    }
  ],
  "epoch_7": [
    "out/049_ResNest_strong_focal_5fold_70epochs/fold4/checkpoints/train.8.pth",
    0.5933690630406987,
    {
      "epoch_lwlrap": 0.5933690630406987,
      "lwlrap": 0.5933690630406987,
      "loss": 0.4198602146753982
    }
  ],
  "epoch_8": [
    "out/049_ResNest_strong_focal_5fold_70epochs/fold4/checkpoints/train.9.pth",
    0.6080363700226714,
    {
      "epoch_lwlrap": 0.6080363700226714,
      "lwlrap": 0.6080363700226714,
      "loss": 0.4383321555509959
    }
  ],
  "epoch_9": [
    "out/049_ResNest_strong_focal_5fold_70epochs/fold4/checkpoints/train.10.pth",
    0.6360998102235008,
    {
      "epoch_lwlrap": 0.6360998102235008,
      "lwlrap": 0.6360998102235008,
      "loss": 0.40552976591401996
    }
  ],
  "epoch_10": [
    "out/049_ResNest_strong_focal_5fold_70epochs/fold4/checkpoints/train.11.pth",
    0.6443259746341938,
    {
      "epoch_lwlrap": 0.6443259746341938,
      "lwlrap": 0.6443259746341937,
      "loss": 0.4093556658590221
    }
  ],
  "epoch_11": [
    "out/049_ResNest_strong_focal_5fold_70epochs/fold4/checkpoints/train.12.pth",
    0.6519832183812844,
    {
      "epoch_lwlrap": 0.6519832183812844,
      "lwlrap": 0.6519832183812845,
      "loss": 0.40085987236401804
    }
  ],
  "epoch_12": [
    "out/049_ResNest_strong_focal_5fold_70epochs/fold4/checkpoints/train.13.pth",
    0.6586461774415037,
    {
      "epoch_lwlrap": 0.6586461774415037,
      "lwlrap": 0.6586461774415038,
      "loss": 0.4107253818207135
    }
  ],
  "epoch_13": [
    "out/049_ResNest_strong_focal_5fold_70epochs/fold4/checkpoints/train.14.pth",
    0.6714258508376155,
    {
      "epoch_lwlrap": 0.6714258508376155,
      "lwlrap": 0.6714258508376155,
      "loss": 0.39945871658521154
    }
  ],
  "epoch_14": [
    "out/049_ResNest_strong_focal_5fold_70epochs/fold4/checkpoints/train.15.pth",
    0.7093593006062788,
    {
      "epoch_lwlrap": 0.7093593006062788,
      "lwlrap": 0.7093593006062788,
      "loss": 0.3784817329280453
    }
  ],
  "epoch_15": [
    "out/049_ResNest_strong_focal_5fold_70epochs/fold4/checkpoints/train.16.pth",
    0.6568693351657005,
    {
      "epoch_lwlrap": 0.6568693351657005,
      "lwlrap": 0.6568693351657006,
      "loss": 0.43984023947693984
    }
  ],
  "epoch_16": [
    "out/049_ResNest_strong_focal_5fold_70epochs/fold4/checkpoints/train.17.pth",
    0.7592673599120012,
    {
      "epoch_lwlrap": 0.7592673599120012,
      "lwlrap": 0.7592673599120013,
      "loss": 0.342927243611584
    }
  ],
  "epoch_17": [
    "out/049_ResNest_strong_focal_5fold_70epochs/fold4/checkpoints/train.18.pth",
    0.727763053790451,
    {
      "epoch_lwlrap": 0.727763053790451,
      "lwlrap": 0.727763053790451,
      "loss": 0.35568235998284325
    }
  ],
  "epoch_18": [
    "out/049_ResNest_strong_focal_5fold_70epochs/fold4/checkpoints/train.19.pth",
    0.7438936000579837,
    {
      "epoch_lwlrap": 0.7438936000579837,
      "lwlrap": 0.7438936000579837,
      "loss": 0.4497049284852258
    }
  ],
  "epoch_19": [
    "out/049_ResNest_strong_focal_5fold_70epochs/fold4/checkpoints/train.20.pth",
    0.7354237507265625,
    {
      "epoch_lwlrap": 0.7354237507265625,
      "lwlrap": 0.7354237507265626,
      "loss": 0.3430091480141905
    }
  ],
  "epoch_20": [
    "out/049_ResNest_strong_focal_5fold_70epochs/fold4/checkpoints/train.21.pth",
    0.7752827036872161,
    {
      "epoch_lwlrap": 0.7752827036872161,
      "lwlrap": 0.7752827036872162,
      "loss": 0.36130177648100137
    }
  ],
  "epoch_21": [
    "out/049_ResNest_strong_focal_5fold_70epochs/fold4/checkpoints/train.22.pth",
    0.7598069942475981,
    {
      "epoch_lwlrap": 0.7598069942475981,
      "lwlrap": 0.759806994247598,
      "loss": 0.40943014934727046
    }
  ],
  "epoch_22": [
    "out/049_ResNest_strong_focal_5fold_70epochs/fold4/checkpoints/train.23.pth",
    0.8114992060197539,
    {
      "epoch_lwlrap": 0.8114992060197539,
      "lwlrap": 0.811499206019754,
      "loss": 0.29765344081131834
    }
  ],
  "epoch_23": [
    "out/049_ResNest_strong_focal_5fold_70epochs/fold4/checkpoints/train.24.pth",
    0.8196279494224699,
    {
      "epoch_lwlrap": 0.8196279494224699,
      "lwlrap": 0.81962794942247,
      "loss": 0.4116636588148875
    }
  ],
  "epoch_24": [
    "out/049_ResNest_strong_focal_5fold_70epochs/fold4/checkpoints/train.25.pth",
    0.7989575302931466,
    {
      "epoch_lwlrap": 0.7989575302931466,
      "lwlrap": 0.7989575302931468,
      "loss": 0.3667707927695148
    }
  ],
  "epoch_25": [
    "out/049_ResNest_strong_focal_5fold_70epochs/fold4/checkpoints/train.26.pth",
    0.827623598193878,
    {
      "epoch_lwlrap": 0.827623598193878,
      "lwlrap": 0.8276235981938781,
      "loss": 0.3148900983540435
    }
  ],
  "epoch_26": [
    "out/049_ResNest_strong_focal_5fold_70epochs/fold4/checkpoints/train.27.pth",
    0.8476803764474997,
    {
      "epoch_lwlrap": 0.8476803764474997,
      "lwlrap": 0.8476803764474996,
      "loss": 0.3000572180911286
    }
  ],
  "epoch_27": [
    "out/049_ResNest_strong_focal_5fold_70epochs/fold4/checkpoints/train.28.pth",
    0.8471695605257249,
    {
      "epoch_lwlrap": 0.8471695605257249,
      "lwlrap": 0.8471695605257249,
      "loss": 0.3125079098629625
    }
  ],
  "epoch_28": [
    "out/049_ResNest_strong_focal_5fold_70epochs/fold4/checkpoints/train.29.pth",
    0.8520871315391862,
    {
      "epoch_lwlrap": 0.8520871315391862,
      "lwlrap": 0.8520871315391862,
      "loss": 0.30965467130756813
    }
  ],
  "epoch_29": [
    "out/049_ResNest_strong_focal_5fold_70epochs/fold4/checkpoints/train.30.pth",
    0.8496194824961947,
    {
      "epoch_lwlrap": 0.8496194824961947,
      "lwlrap": 0.8496194824961949,
      "loss": 0.30759128002815594
    }
  ],