{
  "best": {
    "epoch_lwlrap": 0.8565718321226795,
    "loss": 0.03168055812244887,
    "lwlrap": 0.8554634783237107
  },
  "last": {
    "epoch_lwlrap": 0.8343893959148196,
    "loss": 0.03186747403098987,
    "lwlrap": 0.8333892450562417
  },
  "train.53": {
    "epoch_lwlrap": 0.8565718321226795,
    "loss": 0.03168055812244887,
    "lwlrap": 0.8554634783237107
  },
  "epoch_0": [
    "out/127_117_30s/fold2/checkpoints/train.1.pth",
    0.2718366937617823,
    {
      "epoch_lwlrap": 0.2718366937617823,
      "loss": 0.07833707673754883,
      "lwlrap": 0.2706606303896292
    }
  ],
  "epoch_1": [
    "out/127_117_30s/fold2/checkpoints/train.2.pth",
    0.31331343132930367,
    {
      "epoch_lwlrap": 0.31331343132930367,
      "loss": 0.05841152869410567,
      "lwlrap": 0.31207766309375745
    }
  ],
  "epoch_2": [
    "out/127_117_30s/fold2/checkpoints/train.3.pth",
    0.3764666586146882,
    {
      "epoch_lwlrap": 0.3764666586146882,
      "loss": 0.05551729857539519,
      "lwlrap": 0.3750943410131654
    }
  ],
  "epoch_3": [
    "out/127_117_30s/fold2/checkpoints/train.4.pth",
    0.44295508247153315,
    {
      "epoch_lwlrap": 0.44295508247153315,
      "loss": 0.05410263923443717,
      "lwlrap": 0.44087178426458806
    }
  ],
  "epoch_4": [
    "out/127_117_30s/fold2/checkpoints/train.5.pth",
    0.4586799569685123,
    {
      "epoch_lwlrap": 0.4586799569685123,
      "loss": 0.04845151673633974,
      "lwlrap": 0.4559271552641917
    }
  ],
  "epoch_5": [
    "out/127_117_30s/fold2/checkpoints/train.6.pth",
    0.4806537167828295,
    {
      "epoch_lwlrap": 0.4806537167828295,
      "loss": 0.047512406831259256,
      "lwlrap": 0.47765037248230346
    }
  ],
  "epoch_6": [
    "out/127_117_30s/fold2/checkpoints/train.7.pth",
    0.5048287112245238,
    {
      "epoch_lwlrap": 0.5048287112245238,
      "loss": 0.048725558315222954,
      "lwlrap": 0.5034465681204245
    }
  ],
  "epoch_7": [
    "out/127_117_30s/fold2/checkpoints/train.8.pth",
    0.5324408824807629,
    {
      "epoch_lwlrap": 0.5324408824807629,
      "loss": 0.045554544244493754,
      "lwlrap": 0.5297027499638004
    }
  ],
  "epoch_8": [
    "out/127_117_30s/fold2/checkpoints/train.9.pth",
    0.5391201138509214,
    {
      "epoch_lwlrap": 0.5391201138509214,
      "loss": 0.04486179467795533,
      "lwlrap": 0.5360896464415945
    }
  ],
  "epoch_9": [
    "out/127_117_30s/fold2/checkpoints/train.10.pth",
    0.5360645250221259,
    {
      "epoch_lwlrap": 0.5360645250221259,
      "loss": 0.0446556486707904,
      "lwlrap": 0.5321996164076676
    }
  ],
  "epoch_10": [
    "out/127_117_30s/fold2/checkpoints/train.11.pth",
    0.5445754003594954,
    {
      "epoch_lwlrap": 0.5445754003594954,
      "loss": 0.044808831775472284,
      "lwlrap": 0.5410539340172654
    }
  ],
  "epoch_11": [
    "out/127_117_30s/fold2/checkpoints/train.12.pth",
    0.5456277801830617,
    {
      "epoch_lwlrap": 0.5456277801830617,
      "loss": 0.04524323346959803,
      "lwlrap": 0.542659687978092
    }
  ],
  "epoch_12": [
    "out/127_117_30s/fold2/checkpoints/train.13.pth",
    0.5463745288720363,
    {
      "epoch_lwlrap": 0.5463745288720363,
      "loss": 0.044101360953334494,
      "lwlrap": 0.5434517186621184
    }
  ],
  "epoch_13": [
    "out/127_117_30s/fold2/checkpoints/train.14.pth",
    0.5531652932201288,
    {
      "epoch_lwlrap": 0.5531652932201288,
      "loss": 0.04352827869601302,
      "lwlrap": 0.5510399630717557
    }
  ],
  "epoch_14": [
    "out/127_117_30s/fold2/checkpoints/train.15.pth",
    0.5654177927801792,
    {
      "epoch_lwlrap": 0.5654177927801792,
      "loss": 0.0412781220679973,
      "lwlrap": 0.5638359781023584
    }
  ],
  "epoch_15": [
    "out/127_117_30s/fold2/checkpoints/train.16.pth",
    0.5785478389655332,
    {
      "epoch_lwlrap": 0.5785478389655332,
      "loss": 0.043320592752088126,
      "lwlrap": 0.5772044672147715
    }
  ],
  "epoch_16": [
    "out/127_117_30s/fold2/checkpoints/train.17.pth",
    0.623947449121401,
    {
      "epoch_lwlrap": 0.623947449121401,
      "loss": 0.04445005684490606,
      "lwlrap": 0.6236275722878305
    }
  ],
  "epoch_17": [
    "out/127_117_30s/fold2/checkpoints/train.18.pth",
    0.6651011700164242,
    {
      "epoch_lwlrap": 0.6651011700164242,
      "loss": 0.03808958174817728,
      "lwlrap": 0.6640916268780379
    }
  ],
  "epoch_18": [
    "out/127_117_30s/fold2/checkpoints/train.19.pth",
    0.6860141741497674,
    {
      "epoch_lwlrap": 0.6860141741497674,
      "loss": 0.038253088601124585,
      "lwlrap": 0.685014992818479
    }
  ],
  "epoch_19": [
    "out/127_117_30s/fold2/checkpoints/train.20.pth",
    0.7368552459504603,
    {
      "epoch_lwlrap": 0.7368552459504603,
      "loss": 0.033693897268383496,
      "lwlrap": 0.7352683119263156
    }
  ],
  "epoch_20": [
    "out/127_117_30s/fold2/checkpoints/train.21.pth",
    0.7175585271048881,
    {
      "epoch_lwlrap": 0.7175585271048881,
      "loss": 0.04015456185072333,
      "lwlrap": 0.7161211106243726
    }
  ],
  "epoch_21": [
    "out/127_117_30s/fold2/checkpoints/train.22.pth",
    0.7627534359782353,
    {
      "epoch_lwlrap": 0.7627534359782353,
      "loss": 0.03249312392794169,
      "lwlrap": 0.7589547125231275
    }
  ],
  "epoch_22": [
    "out/127_117_30s/fold2/checkpoints/train.23.pth",
    0.7795197740112993,
    {
      "epoch_lwlrap": 0.7795197740112993,
      "loss": 0.030387881515554455,
      "lwlrap": 0.779079247674916
    }
  ],
  "epoch_23": [
    "out/127_117_30s/fold2/checkpoints/train.24.pth",
    0.7871832122679581,
    {
      "epoch_lwlrap": 0.7871832122679581,
      "loss": 0.03239873983648234,
      "lwlrap": 0.7860716406282867
    }
  ],
  "epoch_24": [
    "out/127_117_30s/fold2/checkpoints/train.25.pth",
    0.7852247658179862,
    {
      "epoch_lwlrap": 0.7852247658179862,
      "loss": 0.02871816302393819,
      "lwlrap": 0.7840430353882707
    }
  ],
  "epoch_25": [
    "out/127_117_30s/fold2/checkpoints/train.26.pth",
    0.790138179295182,
    {
      "epoch_lwlrap": 0.790138179295182,
      "loss": 0.02955178291478873,
      "lwlrap": 0.7896855491532211
    }
  ],
  "epoch_26": [
    "out/127_117_30s/fold2/checkpoints/train.27.pth",
    0.8191222760290557,
    {
      "epoch_lwlrap": 0.8191222760290557,
      "loss": 0.027192087837191292,
      "lwlrap": 0.8187718661149755
    }
  ],
  "epoch_27": [
    "out/127_117_30s/fold2/checkpoints/train.28.pth",
    0.8232335837420584,
    {
      "epoch_lwlrap": 0.8232335837420584,
      "loss": 0.026425578109510652,
      "lwlrap": 0.8223998048507886
    }
  ],
  "epoch_28": [
    "out/127_117_30s/fold2/checkpoints/train.29.pth",
    0.8205421038471887,
    {
      "epoch_lwlrap": 0.8205421038471887,
      "loss": 0.02652129208184642,
      "lwlrap": 0.8202209497393037
    }
  ],
  "epoch_29": [
    "out/127_117_30s/fold2/checkpoints/train.30.pth",
    0.8180255337882456,
    {
      "epoch_lwlrap": 0.8180255337882456,
      "loss": 0.027745583391451573,
      "lwlrap": 0.8177984912979401
    }
  ],
  "epoch_30": [
    "out/127_117_30s/fold2/checkpoints/train.31.pth",
    0.8130225988700566,
    {
      "epoch_lwlrap": 0.8130225988700566,
      "loss": 0.02659538864489003,
      "lwlrap": 0.8126664470096114
    }
  ],
  "epoch_31": [
    "out/127_117_30s/fold2/checkpoints/train.32.pth",
    0.8187274683884853,
    {
      "epoch_lwlrap": 0.8187274683884853,
      "loss": 0.02614500618543162,
      "lwlrap": 0.8185736234426905
    }
  ],
  "epoch_32": [
    "out/127_117_30s/fold2/checkpoints/train.33.pth",
    0.8160318683200039,
    {
      "epoch_lwlrap": 0.8160318683200039,
      "loss": 0.027306093148641533,
      "lwlrap": 0.8157148327171421
    }
  ],
  "epoch_33": [
    "out/127_117_30s/fold2/checkpoints/train.34.pth",
    0.8194256120527307,
    {
      "epoch_lwlrap": 0.8194256120527307,
      "loss": 0.02798872665526011,
      "lwlrap": 0.8190678011295409
    }
  ],