{
    "best": {
        "lwlrap": 0.9828431372549019,
        "loss": 0.025080727620257273,
        "epoch": 10
    },
    "last": {
        "lwlrap": 0.9754901960784315,
        "loss": 0.024703713237411447,
        "epoch": 50
    },
    "epoch_1": {
        "lwlrap": 0.4598039215686274,
        "loss": 0.07194023372398482
    },
    "epoch_2": {
        "lwlrap": 0.8080882352941177,
        "loss": 0.05178154425488578
    },
    "epoch_3": {
        "lwlrap": 0.7019607843137254,
        "loss": 0.06399210749400987
    },
    "epoch_4": {
        "lwlrap": 0.8897058823529411,
        "loss": 0.035324904032879405
    },
    "epoch_5": {
        "lwlrap": 0.9178921568627451,
        "loss": 0.03582573061188062
    },
    "epoch_6": {
        "lwlrap": 0.8823529411764706,
        "loss": 0.040032393402523465
    },
    "epoch_7": {
        "lwlrap": 0.9416666666666665,
        "loss": 0.03119953369928731
    },
    "epoch_8": {
        "lwlrap": 0.9441176470588235,
        "loss": 0.03128307043678231
    },
    "epoch_9": {
        "lwlrap": 0.9754901960784313,
        "loss": 0.024755127934945956
    },
    "epoch_10": {
        "lwlrap": 0.9828431372549019,
        "loss": 0.025080727620257273
    },
    "epoch_11": {
        "lwlrap": 0.9828431372549019,
        "loss": 0.0249220777509941
    },
    "epoch_12": {
        "lwlrap": 0.9816176470588235,
        "loss": 0.025487579198347196
    },
    "epoch_13": {
        "lwlrap": 0.9742647058823529,
        "loss": 0.02526173523316781
    },
    "epoch_14": {
        "lwlrap": 0.971813725490196,
        "loss": 0.027072989485330053
    },
    "epoch_15": {
        "lwlrap": 0.9730392156862744,
        "loss": 0.02609052850554387
    },
    "epoch_16": {
        "lwlrap": 0.8374999999999999,
        "loss": 0.04887548213203748
    },
    "epoch_17": {
        "lwlrap": 0.8129901960784314,
        "loss": 0.04411899463997947
    },
    "epoch_18": {
        "lwlrap": 0.892156862745098,
        "loss": 0.040060610613889165
    },
    "epoch_19": {
        "lwlrap": 0.9313725490196079,
        "loss": 0.028851521097951464
    },
    "epoch_20": {
        "lwlrap": 0.8795518207282913,
        "loss": 0.03624046304159694
    },
    "epoch_21": {
        "lwlrap": 0.8865196078431372,
        "loss": 0.04586933304866155
    },
    "epoch_22": {
        "lwlrap": 0.9681372549019607,
        "loss": 0.027148955605096288
    },
    "epoch_23": {
        "lwlrap": 0.8909313725490196,
        "loss": 0.04732112027704716
    },
    "epoch_24": {
        "lwlrap": 0.9730392156862744,
        "loss": 0.0228315278266867
    },
    "epoch_25": {
        "lwlrap": 0.9669117647058824,
        "loss": 0.024635733829604253
    },
    "epoch_26": {
        "lwlrap": 0.9730392156862744,
        "loss": 0.021848652822275955
    },
    "epoch_27": {
        "lwlrap": 0.9730392156862744,
        "loss": 0.022837865269846387
    },
    "epoch_28": {
        "lwlrap": 0.9730392156862744,
        "loss": 0.0235129880408446
    },
    "epoch_29": {
        "lwlrap": 0.980392156862745,
        "loss": 0.023005893764396507
    },
    "epoch_30": {
        "lwlrap": 0.9828431372549018,
        "loss": 0.022157048910028405
    },
    "epoch_31": {
        "lwlrap": 0.9828431372549018,
        "loss": 0.021775564799706142
    },
    "epoch_32": {
        "lwlrap": 0.9828431372549018,
        "loss": 0.0221084567407767
    },
    "epoch_33": {
        "lwlrap": 0.9828431372549018,
        "loss": 0.02187086817704969
    },
    "epoch_34": {
        "lwlrap": 0.9730392156862744,
        "loss": 0.025878339695433777
    },
    "epoch_35": {
        "lwlrap": 0.9730392156862744,
        "loss": 0.023973385699921183
    },
    "epoch_36": {
        "lwlrap": 0.9705882352941176,
        "loss": 0.021901265097161133
    },
    "epoch_37": {
        "lwlrap": 0.9558823529411764,
        "loss": 0.026318996109896235
    },
    "epoch_38": {
        "lwlrap": 0.9620098039215685,
        "loss": 0.03543734995441304
    },
    "epoch_39": {
        "lwlrap": 0.9129901960784315,
        "loss": 0.04624874393145243
    },
    "epoch_40": {
        "lwlrap": 0.8764705882352941,
        "loss": 0.047548835476239525
    },
    "epoch_41": {
        "lwlrap": 0.9404411764705882,
        "loss": 0.03275464413066705
    },
    "epoch_42": {
        "lwlrap": 0.6605392156862745,
        "loss": 0.11143817793991831
    },
    "epoch_43": {
        "lwlrap": 0.9754901960784312,
        "loss": 0.02495624642405245
    },
    "epoch_44": {
        "lwlrap": 0.9348039215686275,
        "loss": 0.03156144027080801
    },
    "epoch_45": {
        "lwlrap": 0.9637254901960783,
        "loss": 0.028497548049522772
    },
    "epoch_46": {
        "lwlrap": 0.9509803921568627,
        "loss": 0.026937608814073935
    },
    "epoch_47": {
        "lwlrap": 0.974264705882353,
        "loss": 0.027173002974854574
    },
    "epoch_48": {
        "lwlrap": 0.974264705882353,
        "loss": 0.024115886642701097
    },
    "epoch_49": {
        "lwlrap": 0.9754901960784315,
        "loss": 0.02528357319533825
    },
    "epoch_50": {
        "lwlrap": 0.9754901960784315,
        "loss": 0.024703713237411447
    }
}