{
    "best": {
        "lwlrap": 0.9921875,
        "loss": 0.024645767523907125,
        "epoch": 27
    },
    "last": {
        "lwlrap": 0.9778645833333334,
        "loss": 0.027504619443789124,
        "epoch": 50
    },
    "epoch_1": {
        "lwlrap": 0.4598958333333333,
        "loss": 0.0917738345451653
    },
    "epoch_2": {
        "lwlrap": 0.6588541666666665,
        "loss": 0.06922399392351508
    },
    "epoch_3": {
        "lwlrap": 0.7080729166666666,
        "loss": 0.05246427096426487
    },
    "epoch_4": {
        "lwlrap": 0.85546875,
        "loss": 0.040913715260103345
    },
    "epoch_5": {
        "lwlrap": 0.8385416666666667,
        "loss": 0.04345323075540364
    },
    "epoch_6": {
        "lwlrap": 0.9302083333333333,
        "loss": 0.03489169885870069
    },
    "epoch_7": {
        "lwlrap": 0.9427083333333333,
        "loss": 0.029104137793183327
    },
    "epoch_8": {
        "lwlrap": 0.9270833333333333,
        "loss": 0.030545111978426576
    },
    "epoch_9": {
        "lwlrap": 0.9609375,
        "loss": 0.027098298189230263
    },
    "epoch_10": {
        "lwlrap": 0.9609375,
        "loss": 0.02617390954401344
    },
    "epoch_11": {
        "lwlrap": 0.9609375,
        "loss": 0.026316644391044974
    },
    "epoch_12": {
        "lwlrap": 0.9609375,
        "loss": 0.02593398606404662
    },
    "epoch_13": {
        "lwlrap": 0.96875,
        "loss": 0.02638696995563805
    },
    "epoch_14": {
        "lwlrap": 0.92578125,
        "loss": 0.033597422298043966
    },
    "epoch_15": {
        "lwlrap": 0.9453125,
        "loss": 0.029224140336737037
    },
    "epoch_16": {
        "lwlrap": 0.9372395833333333,
        "loss": 0.03560621943324804
    },
    "epoch_17": {
        "lwlrap": 0.9166666666666665,
        "loss": 0.04014840233139694
    },
    "epoch_18": {
        "lwlrap": 0.8213541666666666,
        "loss": 0.04709011455997825
    },
    "epoch_19": {
        "lwlrap": 0.6984375,
        "loss": 0.0571541334502399
    },
    "epoch_20": {
        "lwlrap": 0.9114583333333333,
        "loss": 0.036661579040810466
    },
    "epoch_21": {
        "lwlrap": 0.8239583333333333,
        "loss": 0.04748535784892738
    },
    "epoch_22": {
        "lwlrap": 0.9283854166666666,
        "loss": 0.0318426841404289
    },
    "epoch_23": {
        "lwlrap": 0.95703125,
        "loss": 0.03240203857421875
    },
    "epoch_24": {
        "lwlrap": 0.9140625,
        "loss": 0.03970104188192636
    },
    "epoch_25": {
        "lwlrap": 0.9583333333333334,
        "loss": 0.02759661409072578
    },
    "epoch_26": {
        "lwlrap": 0.9635416666666667,
        "loss": 0.02902163821272552
    },
    "epoch_27": {
        "lwlrap": 0.9921875,
        "loss": 0.024645767523907125
    },
    "epoch_28": {
        "lwlrap": 0.9739583333333333,
        "loss": 0.026645264122635126
    },
    "epoch_29": {
        "lwlrap": 0.96875,
        "loss": 0.026752894511446357
    },
    "epoch_30": {
        "lwlrap": 0.96875,
        "loss": 0.026194706559181213
    },
    "epoch_31": {
        "lwlrap": 0.96875,
        "loss": 0.026281849830411375
    },
    "epoch_32": {
        "lwlrap": 0.9713541666666667,
        "loss": 0.02666853542905301
    },
    "epoch_33": {
        "lwlrap": 0.984375,
        "loss": 0.024962236173450947
    },
    "epoch_34": {
        "lwlrap": 0.98046875,
        "loss": 0.028626856161281466
    },
    "epoch_35": {
        "lwlrap": 0.9661458333333333,
        "loss": 0.02865478361491114
    },
    "epoch_36": {
        "lwlrap": 0.9609375,
        "loss": 0.029297959757968783
    },
    "epoch_37": {
        "lwlrap": 0.90625,
        "loss": 0.040100554935634136
    },
    "epoch_38": {
        "lwlrap": 0.8893229166666666,
        "loss": 0.040193391498178244
    },
    "epoch_39": {
        "lwlrap": 0.9505208333333334,
        "loss": 0.030355542665347457
    },
    "epoch_40": {
        "lwlrap": 0.9296875,
        "loss": 0.03275373054202646
    },
    "epoch_41": {
        "lwlrap": 0.9427083333333335,
        "loss": 0.04143985384143889
    },
    "epoch_42": {
        "lwlrap": 0.9583333333333334,
        "loss": 0.0362189463339746
    },
    "epoch_43": {
        "lwlrap": 0.9244791666666667,
        "loss": 0.03591929760295898
    },
    "epoch_44": {
        "lwlrap": 0.9239583333333333,
        "loss": 0.04255110817030072
    },
    "epoch_45": {
        "lwlrap": 0.9505208333333334,
        "loss": 0.026753339916467667
    },
    "epoch_46": {
        "lwlrap": 0.9739583333333333,
        "loss": 0.030146529083140194
    },
    "epoch_47": {
        "lwlrap": 0.9635416666666666,
        "loss": 0.028289403184317052
    },
    "epoch_48": {
        "lwlrap": 0.9739583333333335,
        "loss": 0.029904305934906006
    },
    "epoch_49": {
        "lwlrap": 0.9700520833333334,
        "loss": 0.027308772900141776
    },
    "epoch_50": {
        "lwlrap": 0.9778645833333334,
        "loss": 0.027504619443789124
    }
}