{
  "best": {
    "epoch_lwlrap": 0.8703503323418578,
    "loss": 0.017647428362643425,
    "lwlrap": 0.8698598058008884
  },
  "last": {
    "epoch_lwlrap": 0.8475559468779807,
    "loss": 0.0187926382141214,
    "lwlrap": 0.8471611558001995
  },
  "train.52": {
    "epoch_lwlrap": 0.8703503323418578,
    "loss": 0.017647428362643425,
    "lwlrap": 0.8698598058008884
  },
  "epoch_0": [
    "out/112_103_Max/fold0/checkpoints/train.1.pth",
    0.2384350021678882,
    {
      "epoch_lwlrap": 0.2384350021678882,
      "loss": 0.05113898973229905,
      "lwlrap": 0.23756541600977973
    }
  ],
  "epoch_1": [
    "out/112_103_Max/fold0/checkpoints/train.2.pth",
    0.23807690329658177,
    {
      "epoch_lwlrap": 0.23807690329658177,
      "loss": 0.05046423703012332,
      "lwlrap": 0.23669378635286703
    }
  ],
  "epoch_2": [
    "out/112_103_Max/fold0/checkpoints/train.3.pth",
    0.26443670142880293,
    {
      "epoch_lwlrap": 0.26443670142880293,
      "loss": 0.046960894280756026,
      "lwlrap": 0.2631857407379026
    }
  ],
  "epoch_3": [
    "out/112_103_Max/fold0/checkpoints/train.4.pth",
    0.2684079215789862,
    {
      "epoch_lwlrap": 0.2684079215789862,
      "loss": 0.04619759520594503,
      "lwlrap": 0.267398107762572
    }
  ],
  "epoch_4": [
    "out/112_103_Max/fold0/checkpoints/train.5.pth",
    0.2684367263459677,
    {
      "epoch_lwlrap": 0.2684367263459677,
      "loss": 0.04492063327154643,
      "lwlrap": 0.26809132330948043
    }
  ],
  "epoch_5": [
    "out/112_103_Max/fold0/checkpoints/train.6.pth",
    0.320414833393449,
    {
      "epoch_lwlrap": 0.320414833393449,
      "loss": 0.043841826086732705,
      "lwlrap": 0.31938981725343946
    }
  ],
  "epoch_6": [
    "out/112_103_Max/fold0/checkpoints/train.7.pth",
    0.36258761342533485,
    {
      "epoch_lwlrap": 0.36258761342533485,
      "loss": 0.042793946576790066,
      "lwlrap": 0.3616363750512579
    }
  ],
  "epoch_7": [
    "out/112_103_Max/fold0/checkpoints/train.8.pth",
    0.3806004163040662,
    {
      "epoch_lwlrap": 0.3806004163040662,
      "loss": 0.041635862171230185,
      "lwlrap": 0.37976126784476466
    }
  ],
  "epoch_8": [
    "out/112_103_Max/fold0/checkpoints/train.9.pth",
    0.4028700957530772,
    {
      "epoch_lwlrap": 0.4028700957530772,
      "loss": 0.040735265895934174,
      "lwlrap": 0.4014543556957265
    }
  ],
  "epoch_9": [
    "out/112_103_Max/fold0/checkpoints/train.10.pth",
    0.39700557916659607,
    {
      "epoch_lwlrap": 0.39700557916659607,
      "loss": 0.0410837130227559,
      "lwlrap": 0.3954757860151772
    }
  ],
  "epoch_10": [
    "out/112_103_Max/fold0/checkpoints/train.11.pth",
    0.405839416205817,
    {
      "epoch_lwlrap": 0.405839416205817,
      "loss": 0.04052746311669619,
      "lwlrap": 0.40423137588528735
    }
  ],
  "epoch_11": [
    "out/112_103_Max/fold0/checkpoints/train.12.pth",
    0.40354368631450427,
    {
      "epoch_lwlrap": 0.40354368631450427,
      "loss": 0.04076060101809636,
      "lwlrap": 0.4021604000376824
    }
  ],
  "epoch_12": [
    "out/112_103_Max/fold0/checkpoints/train.13.pth",
    0.41079848895066284,
    {
      "epoch_lwlrap": 0.41079848895066284,
      "loss": 0.04021859625485581,
      "lwlrap": 0.4095639382333996
    }
  ],
  "epoch_13": [
    "out/112_103_Max/fold0/checkpoints/train.14.pth",
    0.4222247463091236,
    {
      "epoch_lwlrap": 0.4222247463091236,
      "loss": 0.03997705346891577,
      "lwlrap": 0.4220009874797162
    }
  ],
  "epoch_14": [
    "out/112_103_Max/fold0/checkpoints/train.15.pth",
    0.3905186836603627,
    {
      "epoch_lwlrap": 0.3905186836603627,
      "loss": 0.04097955401094867,
      "lwlrap": 0.3890987186096609
    }
  ],
  "epoch_15": [
    "out/112_103_Max/fold0/checkpoints/train.16.pth",
    0.3871105852162682,
    {
      "epoch_lwlrap": 0.3871105852162682,
      "loss": 0.04070700390238157,
      "lwlrap": 0.3873727196043305
    }
  ],
  "epoch_16": [
    "out/112_103_Max/fold0/checkpoints/train.17.pth",
    0.4096859898918198,
    {
      "epoch_lwlrap": 0.4096859898918198,
      "loss": 0.04067246962181279,
      "lwlrap": 0.4087849892193897
    }
  ],
  "epoch_17": [
    "out/112_103_Max/fold0/checkpoints/train.18.pth",
    0.4330874348142281,
    {
      "epoch_lwlrap": 0.4330874348142281,
      "loss": 0.04138482514191681,
      "lwlrap": 0.43082493297310837
    }
  ],
  "epoch_18": [
    "out/112_103_Max/fold0/checkpoints/train.19.pth",
    0.48192719546072527,
    {
      "epoch_lwlrap": 0.48192719546072527,
      "loss": 0.038759536149216366,
      "lwlrap": 0.48127790809535115
    }
  ],
  "epoch_19": [
    "out/112_103_Max/fold0/checkpoints/train.20.pth",
    0.455210437195928,
    {
      "epoch_lwlrap": 0.455210437195928,
      "loss": 0.04066066512129677,
      "lwlrap": 0.4550027227822831
    }
  ],
  "epoch_20": [
    "out/112_103_Max/fold0/checkpoints/train.21.pth",
    0.5243752810278235,
    {
      "epoch_lwlrap": 0.5243752810278235,
      "loss": 0.03740660518302883,
      "lwlrap": 0.5244398186975161
    }
  ],
  "epoch_21": [
    "out/112_103_Max/fold0/checkpoints/train.22.pth",
    0.5315203031155175,
    {
      "epoch_lwlrap": 0.5315203031155175,
      "loss": 0.03916167832491264,
      "lwlrap": 0.5312464791317778
    }
  ],
  "epoch_22": [
    "out/112_103_Max/fold0/checkpoints/train.23.pth",
    0.5253778062039318,
    {
      "epoch_lwlrap": 0.5253778062039318,
      "loss": 0.03904728622923435,
      "lwlrap": 0.5238192434880816
    }
  ],
  "epoch_23": [
    "out/112_103_Max/fold0/checkpoints/train.24.pth",
    0.6437365459399357,
    {
      "epoch_lwlrap": 0.6437365459399357,
      "loss": 0.030649594359204804,
      "lwlrap": 0.6426559779621596
    }
  ],
  "epoch_24": [
    "out/112_103_Max/fold0/checkpoints/train.25.pth",
    0.6501469058248719,
    {
      "epoch_lwlrap": 0.6501469058248719,
      "loss": 0.03212850498901286,
      "lwlrap": 0.6497655722970613
    }
  ],
  "epoch_25": [
    "out/112_103_Max/fold0/checkpoints/train.26.pth",
    0.7205800132071318,
    {
      "epoch_lwlrap": 0.7205800132071318,
      "loss": 0.027735691465122597,
      "lwlrap": 0.7196194641743728
    }
  ],
  "epoch_26": [
    "out/112_103_Max/fold0/checkpoints/train.27.pth",
    0.7676565944681335,
    {
      "epoch_lwlrap": 0.7676565944681335,
      "loss": 0.02435650584668341,
      "lwlrap": 0.7668825660415386
    }
  ],
  "epoch_27": [
    "out/112_103_Max/fold0/checkpoints/train.28.pth",
    0.7544273993426536,
    {
      "epoch_lwlrap": 0.7544273993426536,
      "loss": 0.025240727844582478,
      "lwlrap": 0.7541427814642685
    }
  ],
  "epoch_28": [
    "out/112_103_Max/fold0/checkpoints/train.29.pth",
    0.7563997490268677,
    {
      "epoch_lwlrap": 0.7563997490268677,
      "loss": 0.023370333560283334,
      "lwlrap": 0.7563367202001332
    }
  ],
  "epoch_29": [
    "out/112_103_Max/fold0/checkpoints/train.30.pth",
    0.7812942989214176,
    {
      "epoch_lwlrap": 0.7812942989214176,
      "loss": 0.022771141609885324,
      "lwlrap": 0.7809719518984624
    }
  ],
  "epoch_30": [
    "out/112_103_Max/fold0/checkpoints/train.31.pth",
    0.7957299698022267,
    {
      "epoch_lwlrap": 0.7957299698022267,
      "loss": 0.022653185185307352,
      "lwlrap": 0.7952494626512907
    }
  ],
  "epoch_31": [
    "out/112_103_Max/fold0/checkpoints/train.32.pth",
    0.7923025656076503,
    {
      "epoch_lwlrap": 0.7923025656076503,
      "loss": 0.022425623164630273,
      "lwlrap": 0.7915865851997972
    }
  ],
  "epoch_32": [
    "out/112_103_Max/fold0/checkpoints/train.33.pth",
    0.8033417208691386,
    {
      "epoch_lwlrap": 0.8033417208691386,
      "loss": 0.022013667511793088,
      "lwlrap": 0.8029119197629919
    }
  ],
  "epoch_33": [
    "out/112_103_Max/fold0/checkpoints/train.34.pth",
    0.7944158225558761,
    {
      "epoch_lwlrap": 0.7944158225558761,
      "loss": 0.02143579018367848,
      "lwlrap": 0.7941633644267595
    }
  ],