{
  "best": {
    "epoch_lwlrap": 0.9012396403989325,
    "loss": 0.014046110031483448,
    "lwlrap": 0.9012396403989325
  },
  "last": {
    "epoch_lwlrap": 0.8912241887905604,
    "loss": 0.01808163803482873,
    "lwlrap": 0.8912241887905604
  },
  "train.45": {
    "epoch_lwlrap": 0.9012396403989325,
    "loss": 0.014046110031483448,
    "lwlrap": 0.9012396403989325
  },
  "epoch_0": [
    "out/114_113_5sec/fold0/checkpoints/train.1.pth",
    0.23373391081768588,
    {
      "epoch_lwlrap": 0.23373391081768588,
      "loss": 0.0526893103940297,
      "lwlrap": 0.2337339108176859
    }
  ],
  "epoch_1": [
    "out/114_113_5sec/fold0/checkpoints/train.2.pth",
    0.3542030149273483,
    {
      "epoch_lwlrap": 0.3542030149273483,
      "loss": 0.04526957820078968,
      "lwlrap": 0.35420301492734835
    }
  ],
  "epoch_2": [
    "out/114_113_5sec/fold0/checkpoints/train.3.pth",
    0.46610978086378096,
    {
      "epoch_lwlrap": 0.46610978086378096,
      "loss": 0.038044557931412634,
      "lwlrap": 0.46610978086378096
    }
  ],
  "epoch_3": [
    "out/114_113_5sec/fold0/checkpoints/train.4.pth",
    0.5276501210545637,
    {
      "epoch_lwlrap": 0.5276501210545637,
      "loss": 0.03698066605535229,
      "lwlrap": 0.5276501210545637
    }
  ],
  "epoch_4": [
    "out/114_113_5sec/fold0/checkpoints/train.5.pth",
    0.6047704630669232,
    {
      "epoch_lwlrap": 0.6047704630669232,
      "loss": 0.03311683745247073,
      "lwlrap": 0.6047704630669232
    }
  ],
  "epoch_5": [
    "out/114_113_5sec/fold0/checkpoints/train.6.pth",
    0.6623609060555964,
    {
      "epoch_lwlrap": 0.6623609060555964,
      "loss": 0.029162766230581078,
      "lwlrap": 0.6623609060555963
    }
  ],
  "epoch_6": [
    "out/114_113_5sec/fold0/checkpoints/train.7.pth",
    0.682256877832099,
    {
      "epoch_lwlrap": 0.682256877832099,
      "loss": 0.027298928048890246,
      "lwlrap": 0.6822568778320991
    }
  ],
  "epoch_7": [
    "out/114_113_5sec/fold0/checkpoints/train.8.pth",
    0.7041520794839379,
    {
      "epoch_lwlrap": 0.7041520794839379,
      "loss": 0.02601214691139428,
      "lwlrap": 0.704152079483938
    }
  ],
  "epoch_8": [
    "out/114_113_5sec/fold0/checkpoints/train.9.pth",
    0.7074185278831296,
    {
      "epoch_lwlrap": 0.7074185278831296,
      "loss": 0.02581162960062512,
      "lwlrap": 0.7074185278831298
    }
  ],
  "epoch_9": [
    "out/114_113_5sec/fold0/checkpoints/train.10.pth",
    0.7128275892714645,
    {
      "epoch_lwlrap": 0.7128275892714645,
      "loss": 0.02528548695608578,
      "lwlrap": 0.7128275892714645
    }
  ],
  "epoch_10": [
    "out/114_113_5sec/fold0/checkpoints/train.11.pth",
    0.722410707532389,
    {
      "epoch_lwlrap": 0.722410707532389,
      "loss": 0.025198149618453684,
      "lwlrap": 0.7224107075323891
    }
  ],
  "epoch_11": [
    "out/114_113_5sec/fold0/checkpoints/train.12.pth",
    0.7178314126876074,
    {
      "epoch_lwlrap": 0.7178314126876074,
      "loss": 0.025037288913025264,
      "lwlrap": 0.7178314126876073
    }
  ],
  "epoch_12": [
    "out/114_113_5sec/fold0/checkpoints/train.13.pth",
    0.7291677756337747,
    {
      "epoch_lwlrap": 0.7291677756337747,
      "loss": 0.02437301857017838,
      "lwlrap": 0.7291677756337748
    }
  ],
  "epoch_13": [
    "out/114_113_5sec/fold0/checkpoints/train.14.pth",
    0.7418444221346355,
    {
      "epoch_lwlrap": 0.7418444221346355,
      "loss": 0.023361156356677543,
      "lwlrap": 0.7418444221346356
    }
  ],
  "epoch_14": [
    "out/114_113_5sec/fold0/checkpoints/train.15.pth",
    0.7461304875932674,
    {
      "epoch_lwlrap": 0.7461304875932674,
      "loss": 0.022942361726829435,
      "lwlrap": 0.7461304875932674
    }
  ],
  "epoch_15": [
    "out/114_113_5sec/fold0/checkpoints/train.16.pth",
    0.7613377772669807,
    {
      "epoch_lwlrap": 0.7613377772669807,
      "loss": 0.02206925584613222,
      "lwlrap": 0.7613377772669808
    }
  ],
  "epoch_16": [
    "out/114_113_5sec/fold0/checkpoints/train.17.pth",
    0.766378035681133,
    {
      "epoch_lwlrap": 0.766378035681133,
      "loss": 0.022290572474619984,
      "lwlrap": 0.766378035681133
    }
  ],
  "epoch_17": [
    "out/114_113_5sec/fold0/checkpoints/train.18.pth",
    0.7926120892381954,
    {
      "epoch_lwlrap": 0.7926120892381954,
      "loss": 0.0217749980006334,
      "lwlrap": 0.7926120892381955
    }
  ],
  "epoch_18": [
    "out/114_113_5sec/fold0/checkpoints/train.19.pth",
    0.7975156112324253,
    {
      "epoch_lwlrap": 0.7975156112324253,
      "loss": 0.02092256207447664,
      "lwlrap": 0.7975156112324254
    }
  ],
  "epoch_19": [
    "out/114_113_5sec/fold0/checkpoints/train.20.pth",
    0.8161978508217447,
    {
      "epoch_lwlrap": 0.8161978508217447,
      "loss": 0.020110418583241713,
      "lwlrap": 0.8161978508217447
    }
  ],
  "epoch_20": [
    "out/114_113_5sec/fold0/checkpoints/train.21.pth",
    0.8200203680292176,
    {
      "epoch_lwlrap": 0.8200203680292176,
      "loss": 0.018331868887211368,
      "lwlrap": 0.8200203680292175
    }
  ],
  "epoch_21": [
    "out/114_113_5sec/fold0/checkpoints/train.22.pth",
    0.8576434381744116,
    {
      "epoch_lwlrap": 0.8576434381744116,
      "loss": 0.017272731462345186,
      "lwlrap": 0.8576434381744116
    }
  ],
  "epoch_22": [
    "out/114_113_5sec/fold0/checkpoints/train.23.pth",
    0.8286418227789909,
    {
      "epoch_lwlrap": 0.8286418227789909,
      "loss": 0.018099293500119077,
      "lwlrap": 0.8286418227789909
    }
  ],
  "epoch_23": [
    "out/114_113_5sec/fold0/checkpoints/train.24.pth",
    0.8514679027953364,
    {
      "epoch_lwlrap": 0.8514679027953364,
      "loss": 0.016917583878786693,
      "lwlrap": 0.8514679027953365
    }
  ],
  "epoch_24": [
    "out/114_113_5sec/fold0/checkpoints/train.25.pth",
    0.867405885658098,
    {
      "epoch_lwlrap": 0.867405885658098,
      "loss": 0.0159526777874052,
      "lwlrap": 0.8674058856580981
    }
  ],
  "epoch_25": [
    "out/114_113_5sec/fold0/checkpoints/train.26.pth",
    0.8849558952239848,
    {
      "epoch_lwlrap": 0.8849558952239848,
      "loss": 0.01638407976391305,
      "lwlrap": 0.8849558952239848
    }
  ],
  "epoch_26": [
    "out/114_113_5sec/fold0/checkpoints/train.27.pth",
    0.8772577717267983,
    {
      "epoch_lwlrap": 0.8772577717267983,
      "loss": 0.016071270599104136,
      "lwlrap": 0.8772577717267983
    }
  ],
  "epoch_27": [
    "out/114_113_5sec/fold0/checkpoints/train.28.pth",
    0.8908737482657316,
    {
      "epoch_lwlrap": 0.8908737482657316,
      "loss": 0.015515916387393941,
      "lwlrap": 0.8908737482657316
    }
  ],
  "epoch_28": [
    "out/114_113_5sec/fold0/checkpoints/train.29.pth",
    0.8893022494597196,
    {
      "epoch_lwlrap": 0.8893022494597196,
      "loss": 0.015428056050322754,
      "lwlrap": 0.8893022494597196
    }
  ],
  "epoch_29": [
    "out/114_113_5sec/fold0/checkpoints/train.30.pth",
    0.887103334227228,
    {
      "epoch_lwlrap": 0.887103334227228,
      "loss": 0.015380823564410735,
      "lwlrap": 0.8871033342272281
    }
  ],
  "epoch_30": [
    "out/114_113_5sec/fold0/checkpoints/train.31.pth",
    0.8863404110638625,
    {
      "epoch_lwlrap": 0.8863404110638625,
      "loss": 0.015036045746729437,
      "lwlrap": 0.8863404110638624
    }
  ],
  "epoch_31": [
    "out/114_113_5sec/fold0/checkpoints/train.32.pth",
    0.8905448288191652,
    {
      "epoch_lwlrap": 0.8905448288191652,
      "loss": 0.015034514685383941,
      "lwlrap": 0.8905448288191651
    }
  ],
  "epoch_32": [
    "out/114_113_5sec/fold0/checkpoints/train.33.pth",
    0.8898546144121365,
    {
      "epoch_lwlrap": 0.8898546144121365,
      "loss": 0.015019615048921742,
      "lwlrap": 0.8898546144121366
    }
  ],
  "epoch_33": [
    "out/114_113_5sec/fold0/checkpoints/train.34.pth",
    0.8892253679922519,
    {
      "epoch_lwlrap": 0.8892253679922519,
      "loss": 0.015759614601203824,
      "lwlrap": 0.889225367992252
    }
  ],