{
    "best": {
        "lwlrap": 0.7639142311936429,
        "loss": 1.0771323515147697,
        "epoch": 27
    },
    "last": {
        "lwlrap": 0.7436391223155929,
        "loss": 1.3649407959565885,
        "epoch": 70
    },
    "epoch_1": {
        "lwlrap": 0.25095883600632973,
        "loss": 0.5493292350594591
    },
    "epoch_2": {
        "lwlrap": 0.21204500888581262,
        "loss": 0.805415788801705
    },
    "epoch_3": {
        "lwlrap": 0.2409009551684225,
        "loss": 0.7355691223609738
    },
    "epoch_4": {
        "lwlrap": 0.27068217498261626,
        "loss": 0.7477587548697867
    },
    "epoch_5": {
        "lwlrap": 0.27202590465258925,
        "loss": 0.7702243124566427
    },
    "epoch_6": {
        "lwlrap": 0.27853408243819827,
        "loss": 0.7847829475635435
    },
    "epoch_7": {
        "lwlrap": 0.317709550481928,
        "loss": 0.6549908853158718
    },
    "epoch_8": {
        "lwlrap": 0.326220871192757,
        "loss": 0.7484045115912833
    },
    "epoch_9": {
        "lwlrap": 0.3533654281195713,
        "loss": 0.6767386823165707
    },
    "epoch_10": {
        "lwlrap": 0.3381016301784377,
        "loss": 0.6847597985732846
    },
    "epoch_11": {
        "lwlrap": 0.3367547263041025,
        "loss": 0.6723693260332433
    },
    "epoch_12": {
        "lwlrap": 0.3477549348201324,
        "loss": 0.6847014150968412
    },
    "epoch_13": {
        "lwlrap": 0.3554459192355295,
        "loss": 0.696949583728139
    },
    "epoch_14": {
        "lwlrap": 0.40267615839915966,
        "loss": 0.7380265128321764
    },
    "epoch_15": {
        "lwlrap": 0.368374042960372,
        "loss": 0.7386004866623297
    },
    "epoch_16": {
        "lwlrap": 0.3755140886577556,
        "loss": 0.6553406628166757
    },
    "epoch_17": {
        "lwlrap": 0.40665026643901164,
        "loss": 0.7617504625785642
    },
    "epoch_18": {
        "lwlrap": 0.432981993416682,
        "loss": 0.54731274014566
    },
    "epoch_19": {
        "lwlrap": 0.562875624826505,
        "loss": 0.725750537907205
    },
    "epoch_20": {
        "lwlrap": 0.5728127914927905,
        "loss": 0.8239337474834628
    },
    "epoch_21": {
        "lwlrap": 0.47051122860181455,
        "loss": 0.6386353904154243
    },
    "epoch_22": {
        "lwlrap": 0.6088835632520754,
        "loss": 0.9581218710759791
    },
    "epoch_23": {
        "lwlrap": 0.7015502199325729,
        "loss": 0.8377981665657788
    },
    "epoch_24": {
        "lwlrap": 0.6882546239163886,
        "loss": 0.9119087661184916
    },
    "epoch_25": {
        "lwlrap": 0.7184459263503382,
        "loss": 0.9783198135655101
    },
    "epoch_26": {
        "lwlrap": 0.7231884537031597,
        "loss": 1.0783139888833209
    },
    "epoch_27": {
        "lwlrap": 0.7639142311936429,
        "loss": 1.0771323515147697
    },
    "epoch_28": {
        "lwlrap": 0.75288092898387,
        "loss": 1.0413740364516653
    },
    "epoch_29": {
        "lwlrap": 0.7572378737819914,
        "loss": 1.1211971466134234
    },
    "epoch_30": {
        "lwlrap": 0.7532305929364752,
        "loss": 1.1085863215167349
    },
    "epoch_31": {
        "lwlrap": 0.7607161085102261,
        "loss": 1.1146077484619328
    },
    "epoch_32": {
        "lwlrap": 0.7593805364025952,
        "loss": 1.1018320220272715
    },
    "epoch_33": {
        "lwlrap": 0.7610599912070499,
        "loss": 1.1304971226831761
    },
    "epoch_34": {
        "lwlrap": 0.7539425443837209,
        "loss": 1.1087234340062955
    },
    "epoch_35": {
        "lwlrap": 0.7303571242425732,
        "loss": 1.0764939450636142
    },
    "epoch_36": {
        "lwlrap": 0.6769877677749649,
        "loss": 1.2599170309741323
    },
    "epoch_37": {
        "lwlrap": 0.6478382904420966,
        "loss": 0.9943326755267817
    },
    "epoch_38": {
        "lwlrap": 0.6557352160754318,
        "loss": 0.9720076715073934
    },
    "epoch_39": {
        "lwlrap": 0.6479491209510391,
        "loss": 0.9589518454016709
    },
    "epoch_40": {
        "lwlrap": 0.4148834631157979,
        "loss": 6.2688226002018625
    },
    "epoch_41": {
        "lwlrap": 0.7053204148792385,
        "loss": 1.0845279751754389
    },
    "epoch_42": {
        "lwlrap": 0.6772701291083645,
        "loss": 1.0091003295851917
    },
    "epoch_43": {
        "lwlrap": 0.5944180615136497,
        "loss": 1.0923043438574163
    },
    "epoch_44": {
        "lwlrap": 0.6906509612391966,
        "loss": 1.1778105729963722
    },
    "epoch_45": {
        "lwlrap": 0.7330804544039838,
        "loss": 1.4160985030779025
    },
    "epoch_46": {
        "lwlrap": 0.7560904917522565,
        "loss": 1.1952160088027395
    },
    "epoch_47": {
        "lwlrap": 0.7389216987104439,
        "loss": 1.2804487609281772
    },
    "epoch_48": {
        "lwlrap": 0.7427815351286713,
        "loss": 1.298093855381012
    },
    "epoch_49": {
        "lwlrap": 0.7482553913378216,
        "loss": 1.2791365966564272
    },
    "epoch_50": {
        "lwlrap": 0.7396912931839402,
        "loss": 1.2806209267639532
    },
    "epoch_51": {
        "lwlrap": 0.7504003344537856,
        "loss": 1.2910100410624248
    },
    "epoch_52": {
        "lwlrap": 0.7482774621319512,
        "loss": 1.2616277511526899
    },
    "epoch_53": {
        "lwlrap": 0.7452290036632596,
        "loss": 1.3339723421306144
    },
    "epoch_54": {
        "lwlrap": 0.741629707438531,
        "loss": 1.3626528643980258
    },
    "epoch_55": {
        "lwlrap": 0.7390461526490938,
        "loss": 1.4470334518246535
    },
    "epoch_56": {
        "lwlrap": 0.7524997877939055,
        "loss": 1.3590499773258116
    },
    "epoch_57": {
        "lwlrap": 0.6518443226163815,
        "loss": 1.470065531207294
    },
    "epoch_58": {
        "lwlrap": 0.7101691084930705,
        "loss": 1.114222418971178
    },
    "epoch_59": {
        "lwlrap": 0.6439853719265484,
        "loss": 1.0642565997635447
    },
    "epoch_60": {
        "lwlrap": 0.6935026574732457,
        "loss": 1.1170712316908487
    },
    "epoch_61": {
        "lwlrap": 0.7566050575241752,
        "loss": 0.7900183346213364
    },
    "epoch_62": {
        "lwlrap": 0.6986693453605217,
        "loss": 1.1623866747065288
    },
    "epoch_63": {
        "lwlrap": 0.6844301007687685,
        "loss": 1.1441245733237848
    },
    "epoch_64": {
        "lwlrap": 0.7509465276009394,
        "loss": 1.3952824546069633
    },
    "epoch_65": {
        "lwlrap": 0.6953219166454461,
        "loss": 1.1798432367603953
    },
    "epoch_66": {
        "lwlrap": 0.7481676003734827,
        "loss": 1.3148098035556515
    },
    "epoch_67": {
        "lwlrap": 0.7294020385932151,
        "loss": 1.356102655573589
    },
    "epoch_68": {
        "lwlrap": 0.7459988540870894,
        "loss": 1.3911078455971508
    },
    "epoch_69": {
        "lwlrap": 0.7368658574540927,
        "loss": 1.3765151776918552
    },
    "epoch_70": {
        "lwlrap": 0.7436391223155929,
        "loss": 1.3649407959565885
    }
}