{
    "best": {
        "lwlrap": 0.8053047986871517,
        "loss": 0.4237789635251208,
        "epoch": 34
    },
    "last": {
        "lwlrap": 0.7982855422870903,
        "loss": 0.4709186481266487,
        "epoch": 55
    },
    "epoch_1": {
        "lwlrap": 0.2573627463790864,
        "loss": 0.3058653909985612
    },
    "epoch_2": {
        "lwlrap": 0.2877591999865948,
        "loss": 0.31712601751815983
    },
    "epoch_3": {
        "lwlrap": 0.352047288998664,
        "loss": 0.36038784719094996
    },
    "epoch_4": {
        "lwlrap": 0.4416891131771905,
        "loss": 0.3209834146063502
    },
    "epoch_5": {
        "lwlrap": 0.4746326386032268,
        "loss": 0.36553958494488786
    },
    "epoch_6": {
        "lwlrap": 0.5552008353046416,
        "loss": 0.3616349449971827
    },
    "epoch_7": {
        "lwlrap": 0.6196391435362023,
        "loss": 0.35034626867713
    },
    "epoch_8": {
        "lwlrap": 0.6635144879630174,
        "loss": 0.3548987653197312
    },
    "epoch_9": {
        "lwlrap": 0.6842597711599259,
        "loss": 0.3579528106421959
    },
    "epoch_10": {
        "lwlrap": 0.6859521691758533,
        "loss": 0.3490407554114737
    },
    "epoch_11": {
        "lwlrap": 0.6868895895985679,
        "loss": 0.34730702711314687
    },
    "epoch_12": {
        "lwlrap": 0.69748569284173,
        "loss": 0.3545791804790497
    },
    "epoch_13": {
        "lwlrap": 0.7085557774412263,
        "loss": 0.36173702303956196
    },
    "epoch_14": {
        "lwlrap": 0.7021154295051354,
        "loss": 0.4017770130459855
    },
    "epoch_15": {
        "lwlrap": 0.6682782379953096,
        "loss": 0.39533099822881745
    },
    "epoch_16": {
        "lwlrap": 0.7085972462594434,
        "loss": 0.34875983835720437
    },
    "epoch_17": {
        "lwlrap": 0.676526996888156,
        "loss": 0.45372705561358756
    },
    "epoch_18": {
        "lwlrap": 0.7095189349345359,
        "loss": 0.4645578970269459
    },
    "epoch_19": {
        "lwlrap": 0.5986338567465639,
        "loss": 0.4384874123625639
    },
    "epoch_20": {
        "lwlrap": 0.7030192413222598,
        "loss": 0.40676145146532755
    },
    "epoch_21": {
        "lwlrap": 0.7208602034646927,
        "loss": 0.3963757931459241
    },
    "epoch_22": {
        "lwlrap": 0.6861698214639391,
        "loss": 0.37642582814867903
    },
    "epoch_23": {
        "lwlrap": 0.7395572156601569,
        "loss": 0.4450034739040747
    },
    "epoch_24": {
        "lwlrap": 0.7791610078374784,
        "loss": 0.4719628088357972
    },
    "epoch_25": {
        "lwlrap": 0.7652715204185792,
        "loss": 0.4870179288270997
    },
    "epoch_26": {
        "lwlrap": 0.7948860099595394,
        "loss": 0.43732559244807173
    },
    "epoch_27": {
        "lwlrap": 0.7934058724499901,
        "loss": 0.4653866320121579
    },
    "epoch_28": {
        "lwlrap": 0.7924040828452592,
        "loss": 0.4580127509628854
    },
    "epoch_29": {
        "lwlrap": 0.7864807033924681,
        "loss": 0.4558476703922923
    },
    "epoch_30": {
        "lwlrap": 0.7926237161531279,
        "loss": 0.45459818040452354
    },
    "epoch_31": {
        "lwlrap": 0.7922327264239029,
        "loss": 0.46131643725604543
    },
    "epoch_32": {
        "lwlrap": 0.791532446311858,
        "loss": 0.44302004212286417
    },
    "epoch_33": {
        "lwlrap": 0.7888735039470334,
        "loss": 0.44702545571617963
    },
    "epoch_34": {
        "lwlrap": 0.8053047986871517,
        "loss": 0.4237789635251208
    },
    "epoch_35": {
        "lwlrap": 0.7924992219109865,
        "loss": 0.46908253140565825
    },
    "epoch_36": {
        "lwlrap": 0.7454564178612622,
        "loss": 0.5287238381257872
    },
    "epoch_37": {
        "lwlrap": 0.7035227980080921,
        "loss": 0.562020208777451
    },
    "epoch_38": {
        "lwlrap": 0.7377898381574852,
        "loss": 0.4693843148103574
    },
    "epoch_39": {
        "lwlrap": 0.7727252390855333,
        "loss": 0.3996251792442508
    },
    "epoch_40": {
        "lwlrap": 0.626106867629359,
        "loss": 0.42084567684952806
    },
    "epoch_41": {
        "lwlrap": 0.727238828709417,
        "loss": 0.42176451588549263
    },
    "epoch_42": {
        "lwlrap": 0.7317138131476367,
        "loss": 0.5017095309932057
    },
    "epoch_43": {
        "lwlrap": 0.7118877126013804,
        "loss": 0.4906101463044562
    },
    "epoch_44": {
        "lwlrap": 0.7475957049486461,
        "loss": 0.5445265253869499
    },
    "epoch_45": {
        "lwlrap": 0.7880075806546395,
        "loss": 0.44648394824528115
    },
    "epoch_46": {
        "lwlrap": 0.7838521679272453,
        "loss": 0.4768422936520925
    },
    "epoch_47": {
        "lwlrap": 0.7929378695922813,
        "loss": 0.44053425476318453
    },
    "epoch_48": {
        "lwlrap": 0.7866107340372046,
        "loss": 0.420231555293246
    },
    "epoch_49": {
        "lwlrap": 0.7905459192223898,
        "loss": 0.4258609494058097
    },
    "epoch_50": {
        "lwlrap": 0.7970724400871458,
        "loss": 0.41672644964078576
    },
    "epoch_51": {
        "lwlrap": 0.792662321338792,
        "loss": 0.4148039567034419
    },
    "epoch_52": {
        "lwlrap": 0.7949675868793515,
        "loss": 0.41446539541570154
    },
    "epoch_53": {
        "lwlrap": 0.8038048552754435,
        "loss": 0.41509023090688196
    },
    "epoch_54": {
        "lwlrap": 0.8013344226579521,
        "loss": 0.4339386301069725
    },
    "epoch_55": {
        "lwlrap": 0.7982855422870903,
        "loss": 0.4709186481266487
    }
}