{
  "best": {
    "epoch_lwlrap": 0.8966537966537966,
    "lwlrap": 0.8967210845260115,
    "loss": 0.20826382840436602
  },
  "last": {
    "epoch_lwlrap": 0.8966537966537966,
    "lwlrap": 0.8967210845260115,
    "loss": 0.20826382840436602
  },
  "train.50": {
    "epoch_lwlrap": 0.8966537966537966,
    "lwlrap": 0.8967210845260115,
    "loss": 0.20826382840436602
  },
  "epoch_0": [
    "out/043_ResNest_5s_focal_mixupwithfp_5fold/fold4/checkpoints/train.1.pth",
    0.17556030021897376,
    {
      "epoch_lwlrap": 0.17556030021897376,
      "lwlrap": 0.17609590576718948,
      "loss": 1.5662549904414587
    }
  ],
  "epoch_1": [
    "out/043_ResNest_5s_focal_mixupwithfp_5fold/fold4/checkpoints/train.2.pth",
    0.2122379865356232,
    {
      "epoch_lwlrap": 0.2122379865356232,
      "lwlrap": 0.21235042445121763,
      "loss": 0.6421895235303848
    }
  ],
  "epoch_2": [
    "out/043_ResNest_5s_focal_mixupwithfp_5fold/fold4/checkpoints/train.3.pth",
    0.3011029856557999,
    {
      "epoch_lwlrap": 0.3011029856557999,
      "lwlrap": 0.30099228027706676,
      "loss": 0.6245610723419796
    }
  ],
  "epoch_3": [
    "out/043_ResNest_5s_focal_mixupwithfp_5fold/fold4/checkpoints/train.4.pth",
    0.2997502208523688,
    {
      "epoch_lwlrap": 0.2997502208523688,
      "lwlrap": 0.2995752134796242,
      "loss": 0.5958551878020877
    }
  ],
  "epoch_4": [
    "out/043_ResNest_5s_focal_mixupwithfp_5fold/fold4/checkpoints/train.5.pth",
    0.31849728428098906,
    {
      "epoch_lwlrap": 0.31849728428098906,
      "lwlrap": 0.31856565411112175,
      "loss": 0.5947503731364295
    }
  ],
  "epoch_5": [
    "out/043_ResNest_5s_focal_mixupwithfp_5fold/fold4/checkpoints/train.6.pth",
    0.3454600109781061,
    {
      "epoch_lwlrap": 0.3454600109781061,
      "lwlrap": 0.3456240115054618,
      "loss": 0.5685945030242677
    }
  ],
  "epoch_6": [
    "out/043_ResNest_5s_focal_mixupwithfp_5fold/fold4/checkpoints/train.7.pth",
    0.36772665648115144,
    {
      "epoch_lwlrap": 0.36772665648115144,
      "lwlrap": 0.3678237618679168,
      "loss": 0.5679608753749302
    }
  ],
  "epoch_7": [
    "out/043_ResNest_5s_focal_mixupwithfp_5fold/fold4/checkpoints/train.8.pth",
    0.416785240867265,
    {
      "epoch_lwlrap": 0.416785240867265,
      "lwlrap": 0.41697760672325207,
      "loss": 0.5646861942987593
    }
  ],
  "epoch_8": [
    "out/043_ResNest_5s_focal_mixupwithfp_5fold/fold4/checkpoints/train.9.pth",
    0.4361257698442572,
    {
      "epoch_lwlrap": 0.4361257698442572,
      "lwlrap": 0.43653173026536746,
      "loss": 0.542487691319178
    }
  ],
  "epoch_9": [
    "out/043_ResNest_5s_focal_mixupwithfp_5fold/fold4/checkpoints/train.10.pth",
    0.45744197666466574,
    {
      "epoch_lwlrap": 0.45744197666466574,
      "lwlrap": 0.4577357859896837,
      "loss": 0.5422469547816685
    }
  ],
  "epoch_10": [
    "out/043_ResNest_5s_focal_mixupwithfp_5fold/fold4/checkpoints/train.11.pth",
    0.4487481302607353,
    {
      "epoch_lwlrap": 0.4487481302607353,
      "lwlrap": 0.44906926945932907,
      "loss": 0.5407590061899216
    }
  ],
  "epoch_11": [
    "out/043_ResNest_5s_focal_mixupwithfp_5fold/fold4/checkpoints/train.12.pth",
    0.45420425213081406,
    {
      "epoch_lwlrap": 0.45420425213081406,
      "lwlrap": 0.45446488882178415,
      "loss": 0.5434888336393568
    }
  ],
  "epoch_12": [
    "out/043_ResNest_5s_focal_mixupwithfp_5fold/fold4/checkpoints/train.13.pth",
    0.443448479085125,
    {
      "epoch_lwlrap": 0.443448479085125,
      "lwlrap": 0.44375037674772055,
      "loss": 0.5304215011142549
    }
  ],
  "epoch_13": [
    "out/043_ResNest_5s_focal_mixupwithfp_5fold/fold4/checkpoints/train.14.pth",
    0.4819139496934528,
    {
      "epoch_lwlrap": 0.4819139496934528,
      "lwlrap": 0.4816965607509439,
      "loss": 0.5251916041449894
    }
  ],
  "epoch_14": [
    "out/043_ResNest_5s_focal_mixupwithfp_5fold/fold4/checkpoints/train.15.pth",
    0.5092282197324214,
    {
      "epoch_lwlrap": 0.5092282197324214,
      "lwlrap": 0.5092476865084127,
      "loss": 0.5054949294953119
    }
  ],
  "epoch_15": [
    "out/043_ResNest_5s_focal_mixupwithfp_5fold/fold4/checkpoints/train.16.pth",
    0.4813680616475647,
    {
      "epoch_lwlrap": 0.4813680616475647,
      "lwlrap": 0.4809009873540899,
      "loss": 0.5079876156080336
    }
  ],
  "epoch_16": [
    "out/043_ResNest_5s_focal_mixupwithfp_5fold/fold4/checkpoints/train.17.pth",
    0.4997469888226191,
    {
      "epoch_lwlrap": 0.4997469888226191,
      "lwlrap": 0.499811465755788,
      "loss": 0.4941436828128875
    }
  ],
  "epoch_17": [
    "out/043_ResNest_5s_focal_mixupwithfp_5fold/fold4/checkpoints/train.18.pth",
    0.5433624158248218,
    {
      "epoch_lwlrap": 0.5433624158248218,
      "lwlrap": 0.5435140638704787,
      "loss": 0.48615038205706884
    }
  ],
  "epoch_18": [
    "out/043_ResNest_5s_focal_mixupwithfp_5fold/fold4/checkpoints/train.19.pth",
    0.5284730192788382,
    {
      "epoch_lwlrap": 0.5284730192788382,
      "lwlrap": 0.5281767128722805,
      "loss": 0.5292097490931313
    }
  ],
  "epoch_19": [
    "out/043_ResNest_5s_focal_mixupwithfp_5fold/fold4/checkpoints/train.20.pth",
    0.5992086597128613,
    {
      "epoch_lwlrap": 0.5992086597128613,
      "lwlrap": 0.5995304235850397,
      "loss": 0.42440226957911537
    }
  ],
  "epoch_20": [
    "out/043_ResNest_5s_focal_mixupwithfp_5fold/fold4/checkpoints/train.21.pth",
    0.6626080590366303,
    {
      "epoch_lwlrap": 0.6626080590366303,
      "lwlrap": 0.6628815537117945,
      "loss": 0.3987502512477693
    }
  ],
  "epoch_21": [
    "out/043_ResNest_5s_focal_mixupwithfp_5fold/fold4/checkpoints/train.22.pth",
    0.7340745015557046,
    {
      "epoch_lwlrap": 0.7340745015557046,
      "lwlrap": 0.7340345316174494,
      "loss": 0.3581677651594556
    }
  ],
  "epoch_22": [
    "out/043_ResNest_5s_focal_mixupwithfp_5fold/fold4/checkpoints/train.23.pth",
    0.7694526476481363,
    {
      "epoch_lwlrap": 0.7694526476481363,
      "lwlrap": 0.7694793092061539,
      "loss": 0.3349422344139644
    }
  ],
  "epoch_23": [
    "out/043_ResNest_5s_focal_mixupwithfp_5fold/fold4/checkpoints/train.24.pth",
    0.7691777548920407,
    {
      "epoch_lwlrap": 0.7691777548920407,
      "lwlrap": 0.7692122987152257,
      "loss": 0.3129026960758936
    }
  ],
  "epoch_24": [
    "out/043_ResNest_5s_focal_mixupwithfp_5fold/fold4/checkpoints/train.25.pth",
    0.7512616760737061,
    {
      "epoch_lwlrap": 0.7512616760737061,
      "lwlrap": 0.7511461053091232,
      "loss": 0.3487676594938551
    }
  ],
  "epoch_25": [
    "out/043_ResNest_5s_focal_mixupwithfp_5fold/fold4/checkpoints/train.26.pth",
    0.8306683074540218,
    {
      "epoch_lwlrap": 0.8306683074540218,
      "lwlrap": 0.8307446620938446,
      "loss": 0.270534315989131
    }
  ],
  "epoch_26": [
    "out/043_ResNest_5s_focal_mixupwithfp_5fold/fold4/checkpoints/train.27.pth",
    0.860601046315332,
    {
      "epoch_lwlrap": 0.860601046315332,
      "lwlrap": 0.8603415100658148,
      "loss": 0.2580939018064075
    }
  ],
  "epoch_27": [
    "out/043_ResNest_5s_focal_mixupwithfp_5fold/fold4/checkpoints/train.28.pth",
    0.8602773888488174,
    {
      "epoch_lwlrap": 0.8602773888488174,
      "lwlrap": 0.8602215292824267,
      "loss": 0.25060833683089606
    }
  ],
  "epoch_28": [
    "out/043_ResNest_5s_focal_mixupwithfp_5fold/fold4/checkpoints/train.29.pth",
    0.8758703972989688,
    {
      "epoch_lwlrap": 0.8758703972989688,
      "lwlrap": 0.8759703877579362,
      "loss": 0.2434354310943967
    }
  ],
  "epoch_29": [
    "out/043_ResNest_5s_focal_mixupwithfp_5fold/fold4/checkpoints/train.30.pth",
    0.8804375804375804,
    {
      "epoch_lwlrap": 0.8804375804375804,
      "lwlrap": 0.8804856364116515,
      "loss": 0.2353514361949194
    }
  ],