{
  "best": {
    "epoch_lwlrap": 0.8915838396812861,
    "lwlrap": 0.8915838396812861,
    "loss": 0.1932894435867799
  },
  "last": {
    "epoch_lwlrap": 0.889795260563876,
    "lwlrap": 0.889795260563876,
    "loss": 0.19438974045019236
  },
  "train.49": {
    "epoch_lwlrap": 0.8915838396812861,
    "lwlrap": 0.8915838396812861,
    "loss": 0.1932894435867799
  },
  "epoch_0": [
    "out/042_ResNest_LogmelMixupWithFP_focal/fold0/checkpoints/train.1.pth",
    0.1740608930929735,
    {
      "epoch_lwlrap": 0.1740608930929735,
      "lwlrap": 0.17406089309297348,
      "loss": 1.8020763798097594
    }
  ],
  "epoch_1": [
    "out/042_ResNest_LogmelMixupWithFP_focal/fold0/checkpoints/train.2.pth",
    0.24918870761718453,
    {
      "epoch_lwlrap": 0.24918870761718453,
      "lwlrap": 0.24918870761718453,
      "loss": 1.0121423364740556
    }
  ],
  "epoch_2": [
    "out/042_ResNest_LogmelMixupWithFP_focal/fold0/checkpoints/train.3.pth",
    0.32322825203304656,
    {
      "epoch_lwlrap": 0.32322825203304656,
      "lwlrap": 0.3232282520330466,
      "loss": 0.5627721173573385
    }
  ],
  "epoch_3": [
    "out/042_ResNest_LogmelMixupWithFP_focal/fold0/checkpoints/train.4.pth",
    0.33132739698587393,
    {
      "epoch_lwlrap": 0.33132739698587393,
      "lwlrap": 0.33132739698587393,
      "loss": 0.6235385827258625
    }
  ],
  "epoch_4": [
    "out/042_ResNest_LogmelMixupWithFP_focal/fold0/checkpoints/train.5.pth",
    0.4243295025849,
    {
      "epoch_lwlrap": 0.4243295025849,
      "lwlrap": 0.4243295025849,
      "loss": 0.5501842767791411
    }
  ],
  "epoch_5": [
    "out/042_ResNest_LogmelMixupWithFP_focal/fold0/checkpoints/train.6.pth",
    0.48178023263453684,
    {
      "epoch_lwlrap": 0.48178023263453684,
      "lwlrap": 0.4817802326345368,
      "loss": 0.5210539363654314
    }
  ],
  "epoch_6": [
    "out/042_ResNest_LogmelMixupWithFP_focal/fold0/checkpoints/train.7.pth",
    0.5222026323327044,
    {
      "epoch_lwlrap": 0.5222026323327044,
      "lwlrap": 0.5222026323327044,
      "loss": 0.5113634068881515
    }
  ],
  "epoch_7": [
    "out/042_ResNest_LogmelMixupWithFP_focal/fold0/checkpoints/train.8.pth",
    0.5244359433934833,
    {
      "epoch_lwlrap": 0.5244359433934833,
      "lwlrap": 0.5244359433934832,
      "loss": 0.49321654649962365
    }
  ],
  "epoch_8": [
    "out/042_ResNest_LogmelMixupWithFP_focal/fold0/checkpoints/train.9.pth",
    0.5564255084524474,
    {
      "epoch_lwlrap": 0.5564255084524474,
      "lwlrap": 0.5564255084524475,
      "loss": 0.4780011097941778
    }
  ],
  "epoch_9": [
    "out/042_ResNest_LogmelMixupWithFP_focal/fold0/checkpoints/train.10.pth",
    0.5671927402373784,
    {
      "epoch_lwlrap": 0.5671927402373784,
      "lwlrap": 0.5671927402373783,
      "loss": 0.47157293426252045
    }
  ],
  "epoch_10": [
    "out/042_ResNest_LogmelMixupWithFP_focal/fold0/checkpoints/train.11.pth",
    0.5675031699230992,
    {
      "epoch_lwlrap": 0.5675031699230992,
      "lwlrap": 0.5675031699230992,
      "loss": 0.4708306525660827
    }
  ],
  "epoch_11": [
    "out/042_ResNest_LogmelMixupWithFP_focal/fold0/checkpoints/train.12.pth",
    0.5578134925896165,
    {
      "epoch_lwlrap": 0.5578134925896165,
      "lwlrap": 0.5578134925896165,
      "loss": 0.47243985982067815
    }
  ],
  "epoch_12": [
    "out/042_ResNest_LogmelMixupWithFP_focal/fold0/checkpoints/train.13.pth",
    0.5887608638024745,
    {
      "epoch_lwlrap": 0.5887608638024745,
      "lwlrap": 0.5887608638024745,
      "loss": 0.46133008493786365
    }
  ],
  "epoch_13": [
    "out/042_ResNest_LogmelMixupWithFP_focal/fold0/checkpoints/train.14.pth",
    0.5989813581906858,
    {
      "epoch_lwlrap": 0.5989813581906858,
      "lwlrap": 0.5989813581906858,
      "loss": 0.4503139505344154
    }
  ],
  "epoch_14": [
    "out/042_ResNest_LogmelMixupWithFP_focal/fold0/checkpoints/train.15.pth",
    0.6473999513269424,
    {
      "epoch_lwlrap": 0.6473999513269424,
      "lwlrap": 0.6473999513269425,
      "loss": 0.4341714007664571
    }
  ],
  "epoch_15": [
    "out/042_ResNest_LogmelMixupWithFP_focal/fold0/checkpoints/train.16.pth",
    0.6987757467097655,
    {
      "epoch_lwlrap": 0.6987757467097655,
      "lwlrap": 0.6987757467097654,
      "loss": 0.4083716787595664
    }
  ],
  "epoch_16": [
    "out/042_ResNest_LogmelMixupWithFP_focal/fold0/checkpoints/train.17.pth",
    0.6671410177103826,
    {
      "epoch_lwlrap": 0.6671410177103826,
      "lwlrap": 0.6671410177103826,
      "loss": 0.42338286907272
    }
  ],
  "epoch_17": [
    "out/042_ResNest_LogmelMixupWithFP_focal/fold0/checkpoints/train.18.pth",
    0.7262310795022977,
    {
      "epoch_lwlrap": 0.7262310795022977,
      "lwlrap": 0.7262310795022977,
      "loss": 0.3832977538087727
    }
  ],
  "epoch_18": [
    "out/042_ResNest_LogmelMixupWithFP_focal/fold0/checkpoints/train.19.pth",
    0.7014492773721436,
    {
      "epoch_lwlrap": 0.7014492773721436,
      "lwlrap": 0.7014492773721436,
      "loss": 0.35350935701775343
    }
  ],
  "epoch_19": [
    "out/042_ResNest_LogmelMixupWithFP_focal/fold0/checkpoints/train.20.pth",
    0.7638103372421436,
    {
      "epoch_lwlrap": 0.7638103372421436,
      "lwlrap": 0.7638103372421436,
      "loss": 0.3408179459846125
    }
  ],
  "epoch_20": [
    "out/042_ResNest_LogmelMixupWithFP_focal/fold0/checkpoints/train.21.pth",
    0.7749856254339254,
    {
      "epoch_lwlrap": 0.7749856254339254,
      "lwlrap": 0.7749856254339254,
      "loss": 0.3141460170788048
    }
  ],
  "epoch_21": [
    "out/042_ResNest_LogmelMixupWithFP_focal/fold0/checkpoints/train.22.pth",
    0.7517505969939599,
    {
      "epoch_lwlrap": 0.7517505969939599,
      "lwlrap": 0.7517505969939599,
      "loss": 0.35477039349817596
    }
  ],
  "epoch_22": [
    "out/042_ResNest_LogmelMixupWithFP_focal/fold0/checkpoints/train.23.pth",
    0.8363091059378599,
    {
      "epoch_lwlrap": 0.8363091059378599,
      "lwlrap": 0.8363091059378599,
      "loss": 0.2943224260764839
    }
  ],
  "epoch_23": [
    "out/042_ResNest_LogmelMixupWithFP_focal/fold0/checkpoints/train.24.pth",
    0.8711154071241661,
    {
      "epoch_lwlrap": 0.8711154071241661,
      "lwlrap": 0.8711154071241661,
      "loss": 0.2628184647950451
    }
  ],
  "epoch_24": [
    "out/042_ResNest_LogmelMixupWithFP_focal/fold0/checkpoints/train.25.pth",
    0.8770185973784017,
    {
      "epoch_lwlrap": 0.8770185973784017,
      "lwlrap": 0.8770185973784017,
      "loss": 0.2585488618475146
    }
  ],
  "epoch_25": [
    "out/042_ResNest_LogmelMixupWithFP_focal/fold0/checkpoints/train.26.pth",
    0.86882561669018,
    {
      "epoch_lwlrap": 0.86882561669018,
      "lwlrap": 0.8688256166901799,
      "loss": 0.2647420030779543
    }
  ],
  "epoch_26": [
    "out/042_ResNest_LogmelMixupWithFP_focal/fold0/checkpoints/train.27.pth",
    0.8650211514149568,
    {
      "epoch_lwlrap": 0.8650211514149568,
      "lwlrap": 0.8650211514149567,
      "loss": 0.2544115067055795
    }
  ],
  "epoch_27": [
    "out/042_ResNest_LogmelMixupWithFP_focal/fold0/checkpoints/train.28.pth",
    0.8779340497260851,
    {
      "epoch_lwlrap": 0.8779340497260851,
      "lwlrap": 0.8779340497260851,
      "loss": 0.24061725704015882
    }
  ],
  "epoch_28": [
    "out/042_ResNest_LogmelMixupWithFP_focal/fold0/checkpoints/train.29.pth",
    0.8815142576204524,
    {
      "epoch_lwlrap": 0.8815142576204524,
      "lwlrap": 0.8815142576204523,
      "loss": 0.23878707453212905
    }
  ],
  "epoch_29": [
    "out/042_ResNest_LogmelMixupWithFP_focal/fold0/checkpoints/train.30.pth",
    0.8835361356932154,
    {
      "epoch_lwlrap": 0.8835361356932154,
      "lwlrap": 0.8835361356932153,
      "loss": 0.23445011714918423
    }
  ],
  "epoch_30": [
    "out/042_ResNest_LogmelMixupWithFP_focal/fold0/checkpoints/train.31.pth",
    0.8839970501474926,
    {
      "epoch_lwlrap": 0.8839970501474926,
      "lwlrap": 0.8839970501474926,
      "loss": 0.23502345185364243
    }
  ],