{
    "best": {
        "lwlrap": 0.7524162326979228,
        "loss": 1.1753680137700813,
        "epoch": 29
    },
    "last": {
        "lwlrap": 0.7266636858186154,
        "loss": 1.4934463431668836,
        "epoch": 70
    },
    "epoch_1": {
        "lwlrap": 0.24380210013972542,
        "loss": 0.7016180906184885
    },
    "epoch_2": {
        "lwlrap": 0.27778119820605585,
        "loss": 0.7055920930795891
    },
    "epoch_3": {
        "lwlrap": 0.2991028726346069,
        "loss": 0.6638950788697531
    },
    "epoch_4": {
        "lwlrap": 0.33494324290959665,
        "loss": 0.6528670205626377
    },
    "epoch_5": {
        "lwlrap": 0.38428748108379607,
        "loss": 0.7274552098540372
    },
    "epoch_6": {
        "lwlrap": 0.4238052283412681,
        "loss": 0.6738481660221898
    },
    "epoch_7": {
        "lwlrap": 0.4540179649127454,
        "loss": 0.7406351399976153
    },
    "epoch_8": {
        "lwlrap": 0.49254815537955554,
        "loss": 0.6630111683246701
    },
    "epoch_9": {
        "lwlrap": 0.5201367555240795,
        "loss": 0.7200153733408728
    },
    "epoch_10": {
        "lwlrap": 0.5232894713528518,
        "loss": 0.6978109035381052
    },
    "epoch_11": {
        "lwlrap": 0.5205640277823377,
        "loss": 0.6892001836798912
    },
    "epoch_12": {
        "lwlrap": 0.5432787152857576,
        "loss": 0.695178069347559
    },
    "epoch_13": {
        "lwlrap": 0.5459359367810072,
        "loss": 0.715830710045127
    },
    "epoch_14": {
        "lwlrap": 0.5697909829744958,
        "loss": 0.7101097772287768
    },
    "epoch_15": {
        "lwlrap": 0.6258501019064399,
        "loss": 0.7456368221793064
    },
    "epoch_16": {
        "lwlrap": 0.6067746937465247,
        "loss": 0.7075036861175714
    },
    "epoch_17": {
        "lwlrap": 0.568736694001051,
        "loss": 0.6082161668428155
    },
    "epoch_18": {
        "lwlrap": 0.5517949642949643,
        "loss": 0.9171956611234088
    },
    "epoch_19": {
        "lwlrap": 0.5227403939549813,
        "loss": 0.6767259739166083
    },
    "epoch_20": {
        "lwlrap": 0.561540454850314,
        "loss": 0.8020054282144059
    },
    "epoch_21": {
        "lwlrap": 0.6328955514463297,
        "loss": 0.8819220669047777
    },
    "epoch_22": {
        "lwlrap": 0.671632814238448,
        "loss": 0.8929522453352462
    },
    "epoch_23": {
        "lwlrap": 0.6807771361934576,
        "loss": 1.0316908317942952
    },
    "epoch_24": {
        "lwlrap": 0.735846899579294,
        "loss": 0.8643804310366164
    },
    "epoch_25": {
        "lwlrap": 0.6761922219668699,
        "loss": 0.9421170658843462
    },
    "epoch_26": {
        "lwlrap": 0.7218943289365825,
        "loss": 1.1202670710031377
    },
    "epoch_27": {
        "lwlrap": 0.7366795046372512,
        "loss": 1.0713428078695786
    },
    "epoch_28": {
        "lwlrap": 0.7454464679816792,
        "loss": 1.1740445577821066
    },
    "epoch_29": {
        "lwlrap": 0.7524162326979228,
        "loss": 1.1753680137700813
    },
    "epoch_30": {
        "lwlrap": 0.7435160627062035,
        "loss": 1.1922867284264675
    },
    "epoch_31": {
        "lwlrap": 0.7402977304385754,
        "loss": 1.2016761510871177
    },
    "epoch_32": {
        "lwlrap": 0.7504713987108353,
        "loss": 1.2194357708443042
    },
    "epoch_33": {
        "lwlrap": 0.7389109586292684,
        "loss": 1.218840356483016
    },
    "epoch_34": {
        "lwlrap": 0.7225776570846993,
        "loss": 1.3401862978935242
    },
    "epoch_35": {
        "lwlrap": 0.7169015778170708,
        "loss": 1.1695307001124982
    },
    "epoch_36": {
        "lwlrap": 0.7008713810418776,
        "loss": 1.474230680354806
    },
    "epoch_37": {
        "lwlrap": 0.6808712129783294,
        "loss": 1.1736297316329425
    },
    "epoch_38": {
        "lwlrap": 0.6861276438741227,
        "loss": 1.2188453882239585
    },
    "epoch_39": {
        "lwlrap": 0.5524088326905229,
        "loss": 1.2053161346635153
    },
    "epoch_40": {
        "lwlrap": 0.7016056016515295,
        "loss": 1.2863211146620817
    },
    "epoch_41": {
        "lwlrap": 0.6609536893217236,
        "loss": 1.0128311029700345
    },
    "epoch_42": {
        "lwlrap": 0.6394604428987196,
        "loss": 0.9846317587896835
    },
    "epoch_43": {
        "lwlrap": 0.6712531747279709,
        "loss": 0.987391471862793
    },
    "epoch_44": {
        "lwlrap": 0.7274019254882695,
        "loss": 1.2338707350021185
    },
    "epoch_45": {
        "lwlrap": 0.6827730515647491,
        "loss": 1.1097711393999499
    },
    "epoch_46": {
        "lwlrap": 0.7181207587227296,
        "loss": 1.266551045484321
    },
    "epoch_47": {
        "lwlrap": 0.7441782005162287,
        "loss": 1.317138091076252
    },
    "epoch_48": {
        "lwlrap": 0.7344401425387341,
        "loss": 1.3607866722483968
    },
    "epoch_49": {
        "lwlrap": 0.7365389604411974,
        "loss": 1.3675025063891744
    },
    "epoch_50": {
        "lwlrap": 0.7335870441504244,
        "loss": 1.37062565670457
    },
    "epoch_51": {
        "lwlrap": 0.733989458637346,
        "loss": 1.3756794874058214
    },
    "epoch_52": {
        "lwlrap": 0.7376753699585427,
        "loss": 1.3705523568530416
    },
    "epoch_53": {
        "lwlrap": 0.7366268838099824,
        "loss": 1.4052927965341613
    },
    "epoch_54": {
        "lwlrap": 0.7299646884153926,
        "loss": 1.3823062888411588
    },
    "epoch_55": {
        "lwlrap": 0.7301186750130413,
        "loss": 1.5264640270277512
    },
    "epoch_56": {
        "lwlrap": 0.7137655812600217,
        "loss": 1.3860879498858785
    },
    "epoch_57": {
        "lwlrap": 0.6877986686733907,
        "loss": 1.3149879450021789
    },
    "epoch_58": {
        "lwlrap": 0.6431260269081314,
        "loss": 1.3964014649391174
    },
    "epoch_59": {
        "lwlrap": 0.7079911435338113,
        "loss": 1.413210672001506
    },
    "epoch_60": {
        "lwlrap": 0.6925170983918205,
        "loss": 1.485843109530072
    },
    "epoch_61": {
        "lwlrap": 0.7047099092873741,
        "loss": 1.3157232972078545
    },
    "epoch_62": {
        "lwlrap": 0.7047155654342896,
        "loss": 1.3325373904649602
    },
    "epoch_63": {
        "lwlrap": 0.7007522602593025,
        "loss": 1.298284021920936
    },
    "epoch_64": {
        "lwlrap": 0.6985183504549701,
        "loss": 1.2830116748809814
    },
    "epoch_65": {
        "lwlrap": 0.711935940260298,
        "loss": 1.4714250855667645
    },
    "epoch_66": {
        "lwlrap": 0.7319587559024179,
        "loss": 1.3584936607715696
    },
    "epoch_67": {
        "lwlrap": 0.715600896234699,
        "loss": 1.5665385903314102
    },
    "epoch_68": {
        "lwlrap": 0.7362150173769892,
        "loss": 1.5553930069124975
    },
    "epoch_69": {
        "lwlrap": 0.7278240669085739,
        "loss": 1.4937531171843064
    },
    "epoch_70": {
        "lwlrap": 0.7266636858186154,
        "loss": 1.4934463431668836
    }
}