{
    "best": {
        "lwlrap": 0.9157738095238095,
        "loss": 0.17259087483795488,
        "epoch": 48
    },
    "last": {
        "lwlrap": 0.9023809523809523,
        "loss": 0.19517503925470175,
        "epoch": 50
    },
    "epoch_1": {
        "lwlrap": 0.49306972789115644,
        "loss": 0.13205470229414376
    },
    "epoch_2": {
        "lwlrap": 0.5169642857142858,
        "loss": 0.2843332686884837
    },
    "epoch_3": {
        "lwlrap": 0.5836309523809524,
        "loss": 0.2930103196677836
    },
    "epoch_4": {
        "lwlrap": 0.6997023809523809,
        "loss": 0.17116961331868713
    },
    "epoch_5": {
        "lwlrap": 0.6747023809523809,
        "loss": 0.210560777309266
    },
    "epoch_6": {
        "lwlrap": 0.7613095238095238,
        "loss": 0.19962206635285507
    },
    "epoch_7": {
        "lwlrap": 0.7773809523809523,
        "loss": 0.1245069521193562
    },
    "epoch_8": {
        "lwlrap": 0.8080357142857143,
        "loss": 0.22841073136607354
    },
    "epoch_9": {
        "lwlrap": 0.7991071428571429,
        "loss": 0.16911706480790267
    },
    "epoch_10": {
        "lwlrap": 0.8065476190476191,
        "loss": 0.1703650807030499
    },
    "epoch_11": {
        "lwlrap": 0.8110119047619049,
        "loss": 0.18500531909310006
    },
    "epoch_12": {
        "lwlrap": 0.8318452380952381,
        "loss": 0.17028176202438772
    },
    "epoch_13": {
        "lwlrap": 0.8273809523809523,
        "loss": 0.1988254761831327
    },
    "epoch_14": {
        "lwlrap": 0.7922619047619048,
        "loss": 0.2163912265307524
    },
    "epoch_15": {
        "lwlrap": 0.8898809523809524,
        "loss": 0.12720256015150386
    },
    "epoch_16": {
        "lwlrap": 0.831845238095238,
        "loss": 0.16724058364475655
    },
    "epoch_17": {
        "lwlrap": 0.7517857142857142,
        "loss": 0.16404590400105173
    },
    "epoch_18": {
        "lwlrap": 0.7270833333333333,
        "loss": 0.15768391184974462
    },
    "epoch_19": {
        "lwlrap": 0.8383928571428572,
        "loss": 0.15753623516700993
    },
    "epoch_20": {
        "lwlrap": 0.8154761904761905,
        "loss": 0.15639165043830872
    },
    "epoch_21": {
        "lwlrap": 0.7869047619047619,
        "loss": 0.2510698557069356
    },
    "epoch_22": {
        "lwlrap": 0.6291666666666667,
        "loss": 0.1697998424483971
    },
    "epoch_23": {
        "lwlrap": 0.900297619047619,
        "loss": 0.10762204999231141
    },
    "epoch_24": {
        "lwlrap": 0.9062499999999999,
        "loss": 0.22918053056822496
    },
    "epoch_25": {
        "lwlrap": 0.8523809523809524,
        "loss": 0.1464084733293434
    },
    "epoch_26": {
        "lwlrap": 0.8705357142857142,
        "loss": 0.23730394124603746
    },
    "epoch_27": {
        "lwlrap": 0.9107142857142857,
        "loss": 0.13502587753729048
    },
    "epoch_28": {
        "lwlrap": 0.8943452380952381,
        "loss": 0.16846854958831417
    },
    "epoch_29": {
        "lwlrap": 0.8883928571428571,
        "loss": 0.14790538112654097
    },
    "epoch_30": {
        "lwlrap": 0.8854166666666667,
        "loss": 0.16027929907960986
    },
    "epoch_31": {
        "lwlrap": 0.8943452380952381,
        "loss": 0.14927716568027707
    },
    "epoch_32": {
        "lwlrap": 0.8943452380952381,
        "loss": 0.1682947339087894
    },
    "epoch_33": {
        "lwlrap": 0.8800595238095239,
        "loss": 0.17927671452211638
    },
    "epoch_34": {
        "lwlrap": 0.8898809523809523,
        "loss": 0.13711659619531763
    },
    "epoch_35": {
        "lwlrap": 0.8586309523809523,
        "loss": 0.19597512877689124
    },
    "epoch_36": {
        "lwlrap": 0.8467261904761904,
        "loss": 0.12844568211849863
    },
    "epoch_37": {
        "lwlrap": 0.8574404761904761,
        "loss": 0.20708911178570072
    },
    "epoch_38": {
        "lwlrap": 0.7997023809523809,
        "loss": 0.23231820637606274
    },
    "epoch_39": {
        "lwlrap": 0.8800595238095237,
        "loss": 0.14368377924388784
    },
    "epoch_40": {
        "lwlrap": 0.8785714285714286,
        "loss": 0.14603838669427205
    },
    "epoch_41": {
        "lwlrap": 0.8017857142857142,
        "loss": 0.21224780906711452
    },
    "epoch_42": {
        "lwlrap": 0.8586309523809523,
        "loss": 0.0839524261537008
    },
    "epoch_43": {
        "lwlrap": 0.8348214285714285,
        "loss": 0.21387234908020633
    },
    "epoch_44": {
        "lwlrap": 0.8720238095238095,
        "loss": 0.19348251905334604
    },
    "epoch_45": {
        "lwlrap": 0.8586309523809523,
        "loss": 0.17449830589016943
    },
    "epoch_46": {
        "lwlrap": 0.8592261904761905,
        "loss": 0.17228837450155962
    },
    "epoch_47": {
        "lwlrap": 0.894345238095238,
        "loss": 0.17722642155422363
    },
    "epoch_48": {
        "lwlrap": 0.9157738095238095,
        "loss": 0.17259087483795488
    },
    "epoch_49": {
        "lwlrap": 0.8845238095238095,
        "loss": 0.20908758407643868
    },
    "epoch_50": {
        "lwlrap": 0.9023809523809523,
        "loss": 0.19517503925470175
    }
}