{
    "best": {
        "lwlrap": 0.8265408439798684,
        "loss": 0.014754736883332953,
        "epoch": 27
    },
    "last": {
        "lwlrap": 0.8082260191585873,
        "loss": 0.016194891271879897,
        "epoch": 55
    },
    "epoch_1": {
        "lwlrap": 0.2885043265391702,
        "loss": 0.021372012502979487
    },
    "epoch_2": {
        "lwlrap": 0.3561687824214048,
        "loss": 0.019609754323028028
    },
    "epoch_3": {
        "lwlrap": 0.42017889518588003,
        "loss": 0.01865098887355998
    },
    "epoch_4": {
        "lwlrap": 0.4509138797146408,
        "loss": 0.01850871287751943
    },
    "epoch_5": {
        "lwlrap": 0.5373142209297158,
        "loss": 0.017303012165939435
    },
    "epoch_6": {
        "lwlrap": 0.5518097367615982,
        "loss": 0.016180551290744916
    },
    "epoch_7": {
        "lwlrap": 0.5723437626353851,
        "loss": 0.016851339722052217
    },
    "epoch_8": {
        "lwlrap": 0.6168873491301912,
        "loss": 0.015844930720049888
    },
    "epoch_9": {
        "lwlrap": 0.6250497422925843,
        "loss": 0.015583816973958164
    },
    "epoch_10": {
        "lwlrap": 0.6245504448420672,
        "loss": 0.01551251471391879
    },
    "epoch_11": {
        "lwlrap": 0.6184919504908901,
        "loss": 0.016006205027224496
    },
    "epoch_12": {
        "lwlrap": 0.6286906812993769,
        "loss": 0.016077465639682487
    },
    "epoch_13": {
        "lwlrap": 0.659724586418648,
        "loss": 0.015978099283529446
    },
    "epoch_14": {
        "lwlrap": 0.6712195210233387,
        "loss": 0.015969206840964034
    },
    "epoch_15": {
        "lwlrap": 0.6988883875318218,
        "loss": 0.01648374760407023
    },
    "epoch_16": {
        "lwlrap": 0.7008275231359125,
        "loss": 0.01565201216726564
    },
    "epoch_17": {
        "lwlrap": 0.72190119265676,
        "loss": 0.016581839590799063
    },
    "epoch_18": {
        "lwlrap": 0.7766901223865281,
        "loss": 0.016740925173508003
    },
    "epoch_19": {
        "lwlrap": 0.7751576557802489,
        "loss": 0.015447539451997727
    },
    "epoch_20": {
        "lwlrap": 0.7629812822972951,
        "loss": 0.01955481807817705
    },
    "epoch_21": {
        "lwlrap": 0.786258226867983,
        "loss": 0.017074435018002987
    },
    "epoch_22": {
        "lwlrap": 0.8045321655866849,
        "loss": 0.01753974231542088
    },
    "epoch_23": {
        "lwlrap": 0.756918488016049,
        "loss": 0.01844274252653122
    },
    "epoch_24": {
        "lwlrap": 0.7958688466005539,
        "loss": 0.019228491000831127
    },
    "epoch_25": {
        "lwlrap": 0.7891155457009116,
        "loss": 0.018060403846902773
    },
    "epoch_26": {
        "lwlrap": 0.8129248935346496,
        "loss": 0.015514825325226411
    },
    "epoch_27": {
        "lwlrap": 0.8265408439798684,
        "loss": 0.014754736883332953
    },
    "epoch_28": {
        "lwlrap": 0.8230933023615951,
        "loss": 0.016460440354421735
    },
    "epoch_29": {
        "lwlrap": 0.8080274874177313,
        "loss": 0.015516464656684548
    },
    "epoch_30": {
        "lwlrap": 0.8184126984126984,
        "loss": 0.01580562925664708
    },
    "epoch_31": {
        "lwlrap": 0.810689121176926,
        "loss": 0.015607017296133563
    },
    "epoch_32": {
        "lwlrap": 0.8017324816105305,
        "loss": 0.01545800649910234
    },
    "epoch_33": {
        "lwlrap": 0.8090631049167634,
        "loss": 0.015890252747340128
    },
    "epoch_34": {
        "lwlrap": 0.8162137049941929,
        "loss": 0.016093630925752223
    },
    "epoch_35": {
        "lwlrap": 0.7797406116918313,
        "loss": 0.016382530360715464
    },
    "epoch_36": {
        "lwlrap": 0.7923344947735191,
        "loss": 0.018105001072399318
    },
    "epoch_37": {
        "lwlrap": 0.817164659616521,
        "loss": 0.01609142273082398
    },
    "epoch_38": {
        "lwlrap": 0.7778281068524971,
        "loss": 0.019011712283827364
    },
    "epoch_39": {
        "lwlrap": 0.7784727959246573,
        "loss": 0.021539060660870746
    },
    "epoch_40": {
        "lwlrap": 0.7652550199680759,
        "loss": 0.015854878874961287
    },
    "epoch_41": {
        "lwlrap": 0.7668857921425316,
        "loss": 0.020148353767581284
    },
    "epoch_42": {
        "lwlrap": 0.7812584028437688,
        "loss": 0.016755701246438548
    },
    "epoch_43": {
        "lwlrap": 0.7597798357682825,
        "loss": 0.019857625127770007
    },
    "epoch_44": {
        "lwlrap": 0.7970538133952768,
        "loss": 0.016418640210758895
    },
    "epoch_45": {
        "lwlrap": 0.7969277470496983,
        "loss": 0.018143850640626624
    },
    "epoch_46": {
        "lwlrap": 0.7717720576385532,
        "loss": 0.015416079870192334
    },
    "epoch_47": {
        "lwlrap": 0.7708272436449587,
        "loss": 0.016381883615395054
    },
    "epoch_48": {
        "lwlrap": 0.7985045392490836,
        "loss": 0.01502156228525564
    },
    "epoch_49": {
        "lwlrap": 0.8102866645549572,
        "loss": 0.01529936824226752
    },
    "epoch_50": {
        "lwlrap": 0.8014369997425197,
        "loss": 0.01536121268873103
    },
    "epoch_51": {
        "lwlrap": 0.8010033954064764,
        "loss": 0.015551923104794696
    },
    "epoch_52": {
        "lwlrap": 0.7975533224442082,
        "loss": 0.015327669068938121
    },
    "epoch_53": {
        "lwlrap": 0.8013229674333654,
        "loss": 0.015356941788922995
    },
    "epoch_54": {
        "lwlrap": 0.7905177518161737,
        "loss": 0.015297868085326627
    },
    "epoch_55": {
        "lwlrap": 0.8082260191585873,
        "loss": 0.016194891271879897
    }
}