{
  "best": {
    "epoch_lwlrap": 0.8731923454526194,
    "loss": 0.30324033066017986,
    "lwlrap": 0.8731923454526195
  },
  "last": {
    "epoch_lwlrap": 0.8432990267323784,
    "loss": 0.33897330867101066,
    "lwlrap": 0.8432990267323786
  },
  "train.28": {
    "epoch_lwlrap": 0.8731923454526194,
    "loss": 0.30324033066017986,
    "lwlrap": 0.8731923454526195
  },
  "epoch_0": [
    "out/081_EfficientNet_strong_focal_SAM_melparams/fold4/checkpoints/train.1.pth",
    0.5402250963290447,
    {
      "epoch_lwlrap": 0.5402250963290447,
      "loss": 0.5430240421534673,
      "lwlrap": 0.5402250963290448
    }
  ],
  "epoch_1": [
    "out/081_EfficientNet_strong_focal_SAM_melparams/fold4/checkpoints/train.2.pth",
    0.6885667622823197,
    {
      "epoch_lwlrap": 0.6885667622823197,
      "loss": 0.4236726032816656,
      "lwlrap": 0.6885667622823198
    }
  ],
  "epoch_2": [
    "out/081_EfficientNet_strong_focal_SAM_melparams/fold4/checkpoints/train.3.pth",
    0.7648431160417462,
    {
      "epoch_lwlrap": 0.7648431160417462,
      "loss": 0.33004044533864546,
      "lwlrap": 0.7648431160417463
    }
  ],
  "epoch_3": [
    "out/081_EfficientNet_strong_focal_SAM_melparams/fold4/checkpoints/train.4.pth",
    0.7647951952545022,
    {
      "epoch_lwlrap": 0.7647951952545022,
      "loss": 0.3298148761192958,
      "lwlrap": 0.7647951952545023
    }
  ],
  "epoch_4": [
    "out/081_EfficientNet_strong_focal_SAM_melparams/fold4/checkpoints/train.5.pth",
    0.802790146776851,
    {
      "epoch_lwlrap": 0.802790146776851,
      "loss": 0.32399843313378285,
      "lwlrap": 0.8027901467768511
    }
  ],
  "epoch_5": [
    "out/081_EfficientNet_strong_focal_SAM_melparams/fold4/checkpoints/train.6.pth",
    0.857729438443209,
    {
      "epoch_lwlrap": 0.857729438443209,
      "loss": 0.2730777190156179,
      "lwlrap": 0.8577294384432093
    }
  ],
  "epoch_6": [
    "out/081_EfficientNet_strong_focal_SAM_melparams/fold4/checkpoints/train.7.pth",
    0.8356779319108085,
    {
      "epoch_lwlrap": 0.8356779319108085,
      "loss": 0.3014823077204021,
      "lwlrap": 0.8356779319108086
    }
  ],
  "epoch_7": [
    "out/081_EfficientNet_strong_focal_SAM_melparams/fold4/checkpoints/train.8.pth",
    0.8502764164152475,
    {
      "epoch_lwlrap": 0.8502764164152475,
      "loss": 0.28343529822347374,
      "lwlrap": 0.8502764164152475
    }
  ],
  "epoch_8": [
    "out/081_EfficientNet_strong_focal_SAM_melparams/fold4/checkpoints/train.9.pth",
    0.8455345200208213,
    {
      "epoch_lwlrap": 0.8455345200208213,
      "loss": 0.2832802955282333,
      "lwlrap": 0.8455345200208213
    }
  ],
  "epoch_9": [
    "out/081_EfficientNet_strong_focal_SAM_melparams/fold4/checkpoints/train.10.pth",
    0.8514044555140445,
    {
      "epoch_lwlrap": 0.8514044555140445,
      "loss": 0.2852848651202302,
      "lwlrap": 0.8514044555140445
    }
  ],
  "epoch_10": [
    "out/081_EfficientNet_strong_focal_SAM_melparams/fold4/checkpoints/train.11.pth",
    0.8408034190568436,
    {
      "epoch_lwlrap": 0.8408034190568436,
      "loss": 0.28958259978795164,
      "lwlrap": 0.8408034190568437
    }
  ],
  "epoch_11": [
    "out/081_EfficientNet_strong_focal_SAM_melparams/fold4/checkpoints/train.12.pth",
    0.8451121620642168,
    {
      "epoch_lwlrap": 0.8451121620642168,
      "loss": 0.2872817423109595,
      "lwlrap": 0.8451121620642168
    }
  ],
  "epoch_12": [
    "out/081_EfficientNet_strong_focal_SAM_melparams/fold4/checkpoints/train.13.pth",
    0.8534737459394992,
    {
      "epoch_lwlrap": 0.8534737459394992,
      "loss": 0.28150786187278626,
      "lwlrap": 0.8534737459394993
    }
  ],
  "epoch_13": [
    "out/081_EfficientNet_strong_focal_SAM_melparams/fold4/checkpoints/train.14.pth",
    0.8425136946114298,
    {
      "epoch_lwlrap": 0.8425136946114298,
      "loss": 0.2904119288812489,
      "lwlrap": 0.8425136946114298
    }
  ],
  "epoch_14": [
    "out/081_EfficientNet_strong_focal_SAM_melparams/fold4/checkpoints/train.15.pth",
    0.8330577970988929,
    {
      "epoch_lwlrap": 0.8330577970988929,
      "loss": 0.3118094735221776,
      "lwlrap": 0.833057797098893
    }
  ],
  "epoch_15": [
    "out/081_EfficientNet_strong_focal_SAM_melparams/fold4/checkpoints/train.16.pth",
    0.8270827346169811,
    {
      "epoch_lwlrap": 0.8270827346169811,
      "loss": 0.35202860042929107,
      "lwlrap": 0.8270827346169811
    }
  ],
  "epoch_16": [
    "out/081_EfficientNet_strong_focal_SAM_melparams/fold4/checkpoints/train.17.pth",
    0.8161124137151533,
    {
      "epoch_lwlrap": 0.8161124137151533,
      "loss": 0.3415599119717672,
      "lwlrap": 0.8161124137151534
    }
  ],
  "epoch_17": [
    "out/081_EfficientNet_strong_focal_SAM_melparams/fold4/checkpoints/train.18.pth",
    0.801448143764999,
    {
      "epoch_lwlrap": 0.801448143764999,
      "loss": 0.3195443288784593,
      "lwlrap": 0.8014481437649991
    }
  ],
  "epoch_18": [
    "out/081_EfficientNet_strong_focal_SAM_melparams/fold4/checkpoints/train.19.pth",
    0.8099191523849057,
    {
      "epoch_lwlrap": 0.8099191523849057,
      "loss": 0.418762418777431,
      "lwlrap": 0.8099191523849057
    }
  ],
  "epoch_19": [
    "out/081_EfficientNet_strong_focal_SAM_melparams/fold4/checkpoints/train.20.pth",
    0.7956430745814307,
    {
      "epoch_lwlrap": 0.7956430745814307,
      "loss": 0.33432761719237725,
      "lwlrap": 0.7956430745814308
    }
  ],
  "epoch_20": [
    "out/081_EfficientNet_strong_focal_SAM_melparams/fold4/checkpoints/train.21.pth",
    0.7947754445840666,
    {
      "epoch_lwlrap": 0.7947754445840666,
      "loss": 0.3118893502781924,
      "lwlrap": 0.7947754445840667
    }
  ],
  "epoch_21": [
    "out/081_EfficientNet_strong_focal_SAM_melparams/fold4/checkpoints/train.22.pth",
    0.8316341312312303,
    {
      "epoch_lwlrap": 0.8316341312312303,
      "loss": 0.30896483327700125,
      "lwlrap": 0.8316341312312304
    }
  ],
  "epoch_22": [
    "out/081_EfficientNet_strong_focal_SAM_melparams/fold4/checkpoints/train.23.pth",
    0.8308010799449155,
    {
      "epoch_lwlrap": 0.8308010799449155,
      "loss": 0.32077524113600653,
      "lwlrap": 0.8308010799449155
    }
  ],
  "epoch_23": [
    "out/081_EfficientNet_strong_focal_SAM_melparams/fold4/checkpoints/train.24.pth",
    0.8258999815506665,
    {
      "epoch_lwlrap": 0.8258999815506665,
      "loss": 0.32139505173789856,
      "lwlrap": 0.8258999815506665
    }
  ],
  "epoch_24": [
    "out/081_EfficientNet_strong_focal_SAM_melparams/fold4/checkpoints/train.25.pth",
    0.8375084833988943,
    {
      "epoch_lwlrap": 0.8375084833988943,
      "loss": 0.30844873387247457,
      "lwlrap": 0.8375084833988944
    }
  ],
  "epoch_25": [
    "out/081_EfficientNet_strong_focal_SAM_melparams/fold4/checkpoints/train.26.pth",
    0.8514794882945568,
    {
      "epoch_lwlrap": 0.8514794882945568,
      "loss": 0.32821387508416283,
      "lwlrap": 0.8514794882945569
    }
  ],
  "epoch_26": [
    "out/081_EfficientNet_strong_focal_SAM_melparams/fold4/checkpoints/train.27.pth",
    0.8557035824387069,
    {
      "epoch_lwlrap": 0.8557035824387069,
      "loss": 0.2975310419928538,
      "lwlrap": 0.8557035824387068
    }
  ],
  "epoch_27": [
    "out/081_EfficientNet_strong_focal_SAM_melparams/fold4/checkpoints/train.28.pth",
    0.8731923454526194,
    {
      "epoch_lwlrap": 0.8731923454526194,
      "loss": 0.30324033066017986,
      "lwlrap": 0.8731923454526195
    }
  ],
  "epoch_28": [
    "out/081_EfficientNet_strong_focal_SAM_melparams/fold4/checkpoints/train.29.pth",
    0.859276194378934,
    {
      "epoch_lwlrap": 0.859276194378934,
      "loss": 0.29823341353298866,
      "lwlrap": 0.8592761943789341
    }
  ],
  "epoch_29": [
    "out/081_EfficientNet_strong_focal_SAM_melparams/fold4/checkpoints/train.30.pth",
    0.8542175267121193,
    {
      "epoch_lwlrap": 0.8542175267121193,
      "loss": 0.2992078193110418,
      "lwlrap": 0.8542175267121194
    }
  ],