{
    "best": {
        "lwlrap": 0.70614630544208,
        "loss": 0.2828034629424413,
        "epoch": 53
    },
    "last": {
        "lwlrap": 0.6856649154184364,
        "loss": 0.308423454562823,
        "epoch": 55
    },
    "epoch_1": {
        "lwlrap": 0.1526112274591777,
        "loss": 0.8359028935432434
    },
    "epoch_2": {
        "lwlrap": 0.24409811502294043,
        "loss": 0.5984524528185526
    },
    "epoch_3": {
        "lwlrap": 0.27111055388634786,
        "loss": 0.5702696601549785
    },
    "epoch_4": {
        "lwlrap": 0.23652100341764848,
        "loss": 0.5538456916809082
    },
    "epoch_5": {
        "lwlrap": 0.30206955570419836,
        "loss": 0.5542580028374989
    },
    "epoch_6": {
        "lwlrap": 0.26080609851187275,
        "loss": 0.5426089107990265
    },
    "epoch_7": {
        "lwlrap": 0.2835361590017876,
        "loss": 0.5222298185030619
    },
    "epoch_8": {
        "lwlrap": 0.3149394525484657,
        "loss": 0.5111790140469868
    },
    "epoch_9": {
        "lwlrap": 0.3311246229100034,
        "loss": 0.5055246154467264
    },
    "epoch_10": {
        "lwlrap": 0.308422114760214,
        "loss": 0.5052461882432302
    },
    "epoch_11": {
        "lwlrap": 0.3125592730785741,
        "loss": 0.5059486548105876
    },
    "epoch_12": {
        "lwlrap": 0.31791661711932767,
        "loss": 0.5049032231171926
    },
    "epoch_13": {
        "lwlrap": 0.32726065342825605,
        "loss": 0.5028276383876801
    },
    "epoch_14": {
        "lwlrap": 0.3185764005786747,
        "loss": 0.5070280055205028
    },
    "epoch_15": {
        "lwlrap": 0.31251434222563257,
        "loss": 0.5216208279132843
    },
    "epoch_16": {
        "lwlrap": 0.3122484595238876,
        "loss": 0.5054184158643087
    },
    "epoch_17": {
        "lwlrap": 0.3313599295575383,
        "loss": 0.4940422256787618
    },
    "epoch_18": {
        "lwlrap": 0.34594290595700183,
        "loss": 0.5042551080385844
    },
    "epoch_19": {
        "lwlrap": 0.31019244871146157,
        "loss": 0.49541990756988524
    },
    "epoch_20": {
        "lwlrap": 0.28572181818071546,
        "loss": 0.5075570702552795
    },
    "epoch_21": {
        "lwlrap": 0.4042660233936949,
        "loss": 0.49396679798762005
    },
    "epoch_22": {
        "lwlrap": 0.42622738837800106,
        "loss": 0.4517677108446757
    },
    "epoch_23": {
        "lwlrap": 0.440494982593231,
        "loss": 0.4482788602511088
    },
    "epoch_24": {
        "lwlrap": 0.4480615773103672,
        "loss": 0.44572391112645465
    },
    "epoch_25": {
        "lwlrap": 0.49666087705655715,
        "loss": 0.41423853635787966
    },
    "epoch_26": {
        "lwlrap": 0.48586211064735463,
        "loss": 0.4189433455467224
    },
    "epoch_27": {
        "lwlrap": 0.46670563030884404,
        "loss": 0.41793400049209595
    },
    "epoch_28": {
        "lwlrap": 0.50641098658646,
        "loss": 0.40691311955451964
    },
    "epoch_29": {
        "lwlrap": 0.49302993438518666,
        "loss": 0.4047623018423716
    },
    "epoch_30": {
        "lwlrap": 0.49361223357974765,
        "loss": 0.40118396083513896
    },
    "epoch_31": {
        "lwlrap": 0.48952796824858924,
        "loss": 0.39971768856048584
    },
    "epoch_32": {
        "lwlrap": 0.49688380359738227,
        "loss": 0.3983223497867584
    },
    "epoch_33": {
        "lwlrap": 0.5098974069022688,
        "loss": 0.3938638250033061
    },
    "epoch_34": {
        "lwlrap": 0.5224380381719151,
        "loss": 0.3876723309357961
    },
    "epoch_35": {
        "lwlrap": 0.5531392028542044,
        "loss": 0.39729364116986593
    },
    "epoch_36": {
        "lwlrap": 0.47442868767706337,
        "loss": 0.43804073135058086
    },
    "epoch_37": {
        "lwlrap": 0.5729413407023183,
        "loss": 0.4046400229136149
    },
    "epoch_38": {
        "lwlrap": 0.5379364590425071,
        "loss": 0.38379252751668297
    },
    "epoch_39": {
        "lwlrap": 0.4884933254913196,
        "loss": 0.39830800096193947
    },
    "epoch_40": {
        "lwlrap": 0.4946672910142582,
        "loss": 0.42331538200378416
    },
    "epoch_41": {
        "lwlrap": 0.5491578038001315,
        "loss": 0.40558568636576336
    },
    "epoch_42": {
        "lwlrap": 0.5548122497714788,
        "loss": 0.38693024118741354
    },
    "epoch_43": {
        "lwlrap": 0.5855995549450397,
        "loss": 0.3756294469038645
    },
    "epoch_44": {
        "lwlrap": 0.6333889525583809,
        "loss": 0.3451995591322581
    },
    "epoch_45": {
        "lwlrap": 0.615697656542727,
        "loss": 0.35755193829536436
    },
    "epoch_46": {
        "lwlrap": 0.6753250987405917,
        "loss": 0.3244590640068054
    },
    "epoch_47": {
        "lwlrap": 0.6654051087149679,
        "loss": 0.305159322420756
    },
    "epoch_48": {
        "lwlrap": 0.6797737604075632,
        "loss": 0.2997777611017227
    },
    "epoch_49": {
        "lwlrap": 0.6973917579551383,
        "loss": 0.29445093075434364
    },
    "epoch_50": {
        "lwlrap": 0.7004901462647941,
        "loss": 0.2932546595732371
    },
    "epoch_51": {
        "lwlrap": 0.7009687756166629,
        "loss": 0.29318855206171673
    },
    "epoch_52": {
        "lwlrap": 0.702213449044435,
        "loss": 0.28909437159697216
    },
    "epoch_53": {
        "lwlrap": 0.70614630544208,
        "loss": 0.2828034629424413
    },
    "epoch_54": {
        "lwlrap": 0.6744386351780718,
        "loss": 0.28936819235483807
    },
    "epoch_55": {
        "lwlrap": 0.6856649154184364,
        "loss": 0.308423454562823
    }
}