{
  "best": {
    "epoch_lwlrap": 0.8756192396313365,
    "loss": 0.018654021416281048,
    "lwlrap": 0.8754740328330469
  },
  "last": {
    "epoch_lwlrap": 0.8653728104332943,
    "loss": 0.02093486581045613,
    "lwlrap": 0.8650918326105805
  },
  "train.54": {
    "epoch_lwlrap": 0.8756192396313365,
    "loss": 0.018654021416281048,
    "lwlrap": 0.8754740328330469
  },
  "epoch_0": [
    "out/117_116_10sec/fold3/checkpoints/train.1.pth",
    0.2939926271395972,
    {
      "epoch_lwlrap": 0.2939926271395972,
      "loss": 0.06470276465938415,
      "lwlrap": 0.2943635528184838
    }
  ],
  "epoch_1": [
    "out/117_116_10sec/fold3/checkpoints/train.2.pth",
    0.3485690409480108,
    {
      "epoch_lwlrap": 0.3485690409480108,
      "loss": 0.049059110015262794,
      "lwlrap": 0.3495443650913549
    }
  ],
  "epoch_2": [
    "out/117_116_10sec/fold3/checkpoints/train.3.pth",
    0.40106206009381745,
    {
      "epoch_lwlrap": 0.40106206009381745,
      "loss": 0.04644908780546346,
      "lwlrap": 0.4015846206898347
    }
  ],
  "epoch_3": [
    "out/117_116_10sec/fold3/checkpoints/train.4.pth",
    0.527976082097131,
    {
      "epoch_lwlrap": 0.527976082097131,
      "loss": 0.04056323667673908,
      "lwlrap": 0.5285094405426376
    }
  ],
  "epoch_4": [
    "out/117_116_10sec/fold3/checkpoints/train.5.pth",
    0.5301664769603935,
    {
      "epoch_lwlrap": 0.5301664769603935,
      "loss": 0.038236154159032754,
      "lwlrap": 0.5301517450927956
    }
  ],
  "epoch_5": [
    "out/117_116_10sec/fold3/checkpoints/train.6.pth",
    0.602097714935774,
    {
      "epoch_lwlrap": 0.602097714935774,
      "loss": 0.03757501129873496,
      "lwlrap": 0.6022608787787201
    }
  ],
  "epoch_6": [
    "out/117_116_10sec/fold3/checkpoints/train.7.pth",
    0.6081037482573298,
    {
      "epoch_lwlrap": 0.6081037482573298,
      "loss": 0.03582247208665918,
      "lwlrap": 0.6077817884718648
    }
  ],
  "epoch_7": [
    "out/117_116_10sec/fold3/checkpoints/train.8.pth",
    0.6399076093685601,
    {
      "epoch_lwlrap": 0.6399076093685601,
      "loss": 0.033703030857407015,
      "lwlrap": 0.6396874790210867
    }
  ],
  "epoch_8": [
    "out/117_116_10sec/fold3/checkpoints/train.9.pth",
    0.646545800157043,
    {
      "epoch_lwlrap": 0.646545800157043,
      "loss": 0.03364973289915073,
      "lwlrap": 0.6462624552975869
    }
  ],
  "epoch_9": [
    "out/117_116_10sec/fold3/checkpoints/train.10.pth",
    0.6461947103076136,
    {
      "epoch_lwlrap": 0.6461947103076136,
      "loss": 0.033673996971958456,
      "lwlrap": 0.6457402607140564
    }
  ],
  "epoch_10": [
    "out/117_116_10sec/fold3/checkpoints/train.11.pth",
    0.6327197068954659,
    {
      "epoch_lwlrap": 0.6327197068954659,
      "loss": 0.03320230025445483,
      "lwlrap": 0.6324199101146495
    }
  ],
  "epoch_11": [
    "out/117_116_10sec/fold3/checkpoints/train.12.pth",
    0.6480644950456071,
    {
      "epoch_lwlrap": 0.6480644950456071,
      "loss": 0.03306309629706935,
      "lwlrap": 0.6477872890727614
    }
  ],
  "epoch_12": [
    "out/117_116_10sec/fold3/checkpoints/train.13.pth",
    0.6609684110692176,
    {
      "epoch_lwlrap": 0.6609684110692176,
      "loss": 0.032568575960005265,
      "lwlrap": 0.6608135794392803
    }
  ],
  "epoch_13": [
    "out/117_116_10sec/fold3/checkpoints/train.14.pth",
    0.6665049556178588,
    {
      "epoch_lwlrap": 0.6665049556178588,
      "loss": 0.03116574202024152,
      "lwlrap": 0.6662161038768774
    }
  ],
  "epoch_14": [
    "out/117_116_10sec/fold3/checkpoints/train.15.pth",
    0.6947354016008515,
    {
      "epoch_lwlrap": 0.6947354016008515,
      "loss": 0.029585900084104066,
      "lwlrap": 0.6939707741629174
    }
  ],
  "epoch_15": [
    "out/117_116_10sec/fold3/checkpoints/train.16.pth",
    0.7089120181684223,
    {
      "epoch_lwlrap": 0.7089120181684223,
      "loss": 0.029202465404882843,
      "lwlrap": 0.7084918334855076
    }
  ],
  "epoch_16": [
    "out/117_116_10sec/fold3/checkpoints/train.17.pth",
    0.7374457867401416,
    {
      "epoch_lwlrap": 0.7374457867401416,
      "loss": 0.026879477433461713,
      "lwlrap": 0.7372939849481626
    }
  ],
  "epoch_17": [
    "out/117_116_10sec/fold3/checkpoints/train.18.pth",
    0.7150630020411803,
    {
      "epoch_lwlrap": 0.7150630020411803,
      "loss": 0.030602409822460062,
      "lwlrap": 0.7146730860820681
    }
  ],
  "epoch_18": [
    "out/117_116_10sec/fold3/checkpoints/train.19.pth",
    0.7494688644030437,
    {
      "epoch_lwlrap": 0.7494688644030437,
      "loss": 0.027475364958491833,
      "lwlrap": 0.7488396410993738
    }
  ],
  "epoch_19": [
    "out/117_116_10sec/fold3/checkpoints/train.20.pth",
    0.774884054117925,
    {
      "epoch_lwlrap": 0.774884054117925,
      "loss": 0.026188580852017234,
      "lwlrap": 0.7750323008901178
    }
  ],
  "epoch_20": [
    "out/117_116_10sec/fold3/checkpoints/train.21.pth",
    0.7781527682843472,
    {
      "epoch_lwlrap": 0.7781527682843472,
      "loss": 0.027751845284652563,
      "lwlrap": 0.7778715821443463
    }
  ],
  "epoch_21": [
    "out/117_116_10sec/fold3/checkpoints/train.22.pth",
    0.770324574972283,
    {
      "epoch_lwlrap": 0.770324574972283,
      "loss": 0.026505267477513833,
      "lwlrap": 0.7698881399837343
    }
  ],
  "epoch_22": [
    "out/117_116_10sec/fold3/checkpoints/train.23.pth",
    0.8100679898058931,
    {
      "epoch_lwlrap": 0.8100679898058931,
      "loss": 0.021170860574170638,
      "lwlrap": 0.8099346081497901
    }
  ],
  "epoch_23": [
    "out/117_116_10sec/fold3/checkpoints/train.24.pth",
    0.8093397977470558,
    {
      "epoch_lwlrap": 0.8093397977470558,
      "loss": 0.020740996410020092,
      "lwlrap": 0.809012279675161
    }
  ],
  "epoch_24": [
    "out/117_116_10sec/fold3/checkpoints/train.25.pth",
    0.8117211865195737,
    {
      "epoch_lwlrap": 0.8117211865195737,
      "loss": 0.021153884579584677,
      "lwlrap": 0.8114184914610776
    }
  ],
  "epoch_25": [
    "out/117_116_10sec/fold3/checkpoints/train.26.pth",
    0.862173579109063,
    {
      "epoch_lwlrap": 0.862173579109063,
      "loss": 0.01810068496859368,
      "lwlrap": 0.8619028898989753
    }
  ],
  "epoch_26": [
    "out/117_116_10sec/fold3/checkpoints/train.27.pth",
    0.8467165898617511,
    {
      "epoch_lwlrap": 0.8467165898617511,
      "loss": 0.01873008822332378,
      "lwlrap": 0.8465906507137633
    }
  ],
  "epoch_27": [
    "out/117_116_10sec/fold3/checkpoints/train.28.pth",
    0.8675307667243151,
    {
      "epoch_lwlrap": 0.8675307667243151,
      "loss": 0.01854718559701379,
      "lwlrap": 0.8675108336706249
    }
  ],
  "epoch_28": [
    "out/117_116_10sec/fold3/checkpoints/train.29.pth",
    0.8617531885677048,
    {
      "epoch_lwlrap": 0.8617531885677048,
      "loss": 0.01789501916287551,
      "lwlrap": 0.861861436618036
    }
  ],
  "epoch_29": [
    "out/117_116_10sec/fold3/checkpoints/train.30.pth",
    0.8633942558337719,
    {
      "epoch_lwlrap": 0.8633942558337719,
      "loss": 0.018043355815066598,
      "lwlrap": 0.8634662594664603
    }
  ],
  "epoch_30": [
    "out/117_116_10sec/fold3/checkpoints/train.31.pth",
    0.8650505632360471,
    {
      "epoch_lwlrap": 0.8650505632360471,
      "loss": 0.018005150105850198,
      "lwlrap": 0.8649952177554305
    }
  ],
  "epoch_31": [
    "out/117_116_10sec/fold3/checkpoints/train.32.pth",
    0.8580389144905274,
    {
      "epoch_lwlrap": 0.8580389144905274,
      "loss": 0.01864395512520899,
      "lwlrap": 0.8579743861812517
    }
  ],
  "epoch_32": [
    "out/117_116_10sec/fold3/checkpoints/train.33.pth",
    0.8699503677326259,
    {
      "epoch_lwlrap": 0.8699503677326259,
      "loss": 0.01851087466357544,
      "lwlrap": 0.869974883499926
    }
  ],
  "epoch_33": [
    "out/117_116_10sec/fold3/checkpoints/train.34.pth",
    0.8604449761707826,
    {
      "epoch_lwlrap": 0.8604449761707826,
      "loss": 0.018085564206902386,