{
    "best": {
        "lwlrap": 0.8880623973727422,
        "loss": 0.0733355418778956,
        "epoch": 35
    },
    "last": {
        "lwlrap": 0.8675809822361547,
        "loss": 0.08138159336522222,
        "epoch": 50
    },
    "epoch_1": {
        "lwlrap": 0.2912748922666719,
        "loss": 0.15944143384695053
    },
    "epoch_2": {
        "lwlrap": 0.4383411033411033,
        "loss": 0.14679813105612993
    },
    "epoch_3": {
        "lwlrap": 0.46878845292638394,
        "loss": 0.13837204966694117
    },
    "epoch_4": {
        "lwlrap": 0.5673894113549286,
        "loss": 0.11981150694191456
    },
    "epoch_5": {
        "lwlrap": 0.5889903706840827,
        "loss": 0.13324494753032923
    },
    "epoch_6": {
        "lwlrap": 0.6160894660894661,
        "loss": 0.13044823985546827
    },
    "epoch_7": {
        "lwlrap": 0.7443464198636611,
        "loss": 0.09451439511030912
    },
    "epoch_8": {
        "lwlrap": 0.8188542587680518,
        "loss": 0.09115434903651476
    },
    "epoch_9": {
        "lwlrap": 0.8258650544857441,
        "loss": 0.0841964390128851
    },
    "epoch_10": {
        "lwlrap": 0.8375839677563816,
        "loss": 0.08491150382906199
    },
    "epoch_11": {
        "lwlrap": 0.843101209135692,
        "loss": 0.08429794758558273
    },
    "epoch_12": {
        "lwlrap": 0.8385990446335274,
        "loss": 0.08538753539323807
    },
    "epoch_13": {
        "lwlrap": 0.8535409035409034,
        "loss": 0.08449892979115248
    },
    "epoch_14": {
        "lwlrap": 0.8226997810618499,
        "loss": 0.09101766627281904
    },
    "epoch_15": {
        "lwlrap": 0.8094854953475643,
        "loss": 0.0900310268625617
    },
    "epoch_16": {
        "lwlrap": 0.7566850642803455,
        "loss": 0.10859450791031122
    },
    "epoch_17": {
        "lwlrap": 0.7279634541703507,
        "loss": 0.1009166818112135
    },
    "epoch_18": {
        "lwlrap": 0.7357970314562606,
        "loss": 0.12043481599539518
    },
    "epoch_19": {
        "lwlrap": 0.7343571179778076,
        "loss": 0.10529451537877321
    },
    "epoch_20": {
        "lwlrap": 0.5972934823796893,
        "loss": 0.13216263987123966
    },
    "epoch_21": {
        "lwlrap": 0.800903119868637,
        "loss": 0.08607397088780999
    },
    "epoch_22": {
        "lwlrap": 0.8268472906403941,
        "loss": 0.08013322670012712
    },
    "epoch_23": {
        "lwlrap": 0.8477011494252874,
        "loss": 0.08521802723407745
    },
    "epoch_24": {
        "lwlrap": 0.8612999452654624,
        "loss": 0.07919093314558268
    },
    "epoch_25": {
        "lwlrap": 0.8836973180076628,
        "loss": 0.07248823810368776
    },
    "epoch_26": {
        "lwlrap": 0.8850574712643677,
        "loss": 0.07161937467753887
    },
    "epoch_27": {
        "lwlrap": 0.8740257252326218,
        "loss": 0.07449071481823921
    },
    "epoch_28": {
        "lwlrap": 0.8688255231358679,
        "loss": 0.07360416045412421
    },
    "epoch_29": {
        "lwlrap": 0.8807029177718833,
        "loss": 0.07233641389757395
    },
    "epoch_30": {
        "lwlrap": 0.8781362889983579,
        "loss": 0.07246080040931702
    },
    "epoch_31": {
        "lwlrap": 0.8713163656267104,
        "loss": 0.07219724170863628
    },
    "epoch_32": {
        "lwlrap": 0.8695155993431856,
        "loss": 0.073295540176332
    },
    "epoch_33": {
        "lwlrap": 0.8694529034184206,
        "loss": 0.07437931466847658
    },
    "epoch_34": {
        "lwlrap": 0.8687931034482759,
        "loss": 0.0734448954463005
    },
    "epoch_35": {
        "lwlrap": 0.8880623973727422,
        "loss": 0.0733355418778956
    },
    "epoch_36": {
        "lwlrap": 0.8729009304871373,
        "loss": 0.07619314175099134
    },
    "epoch_37": {
        "lwlrap": 0.8627481713688611,
        "loss": 0.08427892811596394
    },
    "epoch_38": {
        "lwlrap": 0.862393793945518,
        "loss": 0.08137530088424683
    },
    "epoch_39": {
        "lwlrap": 0.8272228311112158,
        "loss": 0.07991468254476786
    },
    "epoch_40": {
        "lwlrap": 0.8451261382295865,
        "loss": 0.07727642310783267
    },
    "epoch_41": {
        "lwlrap": 0.7918122107777279,
        "loss": 0.09203314688056707
    },
    "epoch_42": {
        "lwlrap": 0.8572532126071146,
        "loss": 0.07804742641746998
    },
    "epoch_43": {
        "lwlrap": 0.8352025177887247,
        "loss": 0.08675588481128216
    },
    "epoch_44": {
        "lwlrap": 0.8587301587301587,
        "loss": 0.07874200632795691
    },
    "epoch_45": {
        "lwlrap": 0.8565239358342807,
        "loss": 0.0768664781935513
    },
    "epoch_46": {
        "lwlrap": 0.8732375478927202,
        "loss": 0.07817462924867868
    },
    "epoch_47": {
        "lwlrap": 0.8740886699507389,
        "loss": 0.07879356294870377
    },
    "epoch_48": {
        "lwlrap": 0.8662835249042145,
        "loss": 0.08109029475599527
    },
    "epoch_49": {
        "lwlrap": 0.8756874160322436,
        "loss": 0.08155393926426768
    },
    "epoch_50": {
        "lwlrap": 0.8675809822361547,
        "loss": 0.08138159336522222
    }
}