{
    "best": {
        "lwlrap": 0.9359903381642511,
        "loss": 0.024193996986098313,
        "epoch": 42
    },
    "last": {
        "lwlrap": 0.8857487922705314,
        "loss": 0.027329670651212196,
        "epoch": 55
    },
    "epoch_1": {
        "lwlrap": 0.38961352657004833,
        "loss": 0.04830006758371989
    },
    "epoch_2": {
        "lwlrap": 0.5567632850241546,
        "loss": 0.04301777288869575
    },
    "epoch_3": {
        "lwlrap": 0.5429951690821256,
        "loss": 0.03754137339139426
    },
    "epoch_4": {
        "lwlrap": 0.6898550724637681,
        "loss": 0.03395405722161134
    },
    "epoch_5": {
        "lwlrap": 0.7082125603864734,
        "loss": 0.03293089720386046
    },
    "epoch_6": {
        "lwlrap": 0.7722222222222223,
        "loss": 0.03138679117654209
    },
    "epoch_7": {
        "lwlrap": 0.8768115942028986,
        "loss": 0.03396816537887962
    },
    "epoch_8": {
        "lwlrap": 0.8804347826086956,
        "loss": 0.02703799295273644
    },
    "epoch_9": {
        "lwlrap": 0.8792270531400965,
        "loss": 0.0266084851593607
    },
    "epoch_10": {
        "lwlrap": 0.8792270531400965,
        "loss": 0.026434716009707364
    },
    "epoch_11": {
        "lwlrap": 0.8792270531400965,
        "loss": 0.02637325503208019
    },
    "epoch_12": {
        "lwlrap": 0.8840579710144927,
        "loss": 0.02679981199886512
    },
    "epoch_13": {
        "lwlrap": 0.8917874396135265,
        "loss": 0.02869544604241296
    },
    "epoch_14": {
        "lwlrap": 0.9026570048309178,
        "loss": 0.027217592052356514
    },
    "epoch_15": {
        "lwlrap": 0.8043478260869565,
        "loss": 0.02986519818228704
    },
    "epoch_16": {
        "lwlrap": 0.9062801932367148,
        "loss": 0.0270920440002724
    },
    "epoch_17": {
        "lwlrap": 0.7033816425120772,
        "loss": 0.032832771393091036
    },
    "epoch_18": {
        "lwlrap": 0.8120772946859904,
        "loss": 0.047509294348182504
    },
    "epoch_19": {
        "lwlrap": 0.6743961352657005,
        "loss": 0.03599228958288828
    },
    "epoch_20": {
        "lwlrap": 0.9009661835748792,
        "loss": 0.03434113382051388
    },
    "epoch_21": {
        "lwlrap": 0.6625603864734299,
        "loss": 0.04676072492643639
    },
    "epoch_22": {
        "lwlrap": 0.8345410628019323,
        "loss": 0.0302277717747967
    },
    "epoch_23": {
        "lwlrap": 0.8931159420289856,
        "loss": 0.03202927360932032
    },
    "epoch_24": {
        "lwlrap": 0.8434782608695653,
        "loss": 0.028773162410491042
    },
    "epoch_25": {
        "lwlrap": 0.8949275362318841,
        "loss": 0.024565067176741583
    },
    "epoch_26": {
        "lwlrap": 0.8869565217391304,
        "loss": 0.029838755709567556
    },
    "epoch_27": {
        "lwlrap": 0.9159420289855071,
        "loss": 0.02641201496158761
    },
    "epoch_28": {
        "lwlrap": 0.9002415458937197,
        "loss": 0.029015549105005683
    },
    "epoch_29": {
        "lwlrap": 0.8990338164251207,
        "loss": 0.026785865400193468
    },
    "epoch_30": {
        "lwlrap": 0.8978260869565217,
        "loss": 0.02631245105078927
    },
    "epoch_31": {
        "lwlrap": 0.8990338164251207,
        "loss": 0.02688537879967717
    },
    "epoch_32": {
        "lwlrap": 0.8978260869565217,
        "loss": 0.02714087301434052
    },
    "epoch_33": {
        "lwlrap": 0.9014492753623188,
        "loss": 0.027746852107897953
    },
    "epoch_34": {
        "lwlrap": 0.8990338164251207,
        "loss": 0.029601203536407814
    },
    "epoch_35": {
        "lwlrap": 0.907487922705314,
        "loss": 0.02527838334855106
    },
    "epoch_36": {
        "lwlrap": 0.8326086956521739,
        "loss": 0.02818514891313734
    },
    "epoch_37": {
        "lwlrap": 0.929951690821256,
        "loss": 0.02909658622013888
    },
    "epoch_38": {
        "lwlrap": 0.802415458937198,
        "loss": 0.030201542846582555
    },
    "epoch_39": {
        "lwlrap": 0.8792270531400965,
        "loss": 0.0263937434905933
    },
    "epoch_40": {
        "lwlrap": 0.8852657004830917,
        "loss": 0.024773410762901658
    },
    "epoch_41": {
        "lwlrap": 0.6108695652173913,
        "loss": 0.066149628755671
    },
    "epoch_42": {
        "lwlrap": 0.9359903381642511,
        "loss": 0.024193996986098313
    },
    "epoch_43": {
        "lwlrap": 0.9299516908212561,
        "loss": 0.028189153475169506
    },
    "epoch_44": {
        "lwlrap": 0.7987922705314009,
        "loss": 0.03639106245504485
    },
    "epoch_45": {
        "lwlrap": 0.8719806763285024,
        "loss": 0.02867510299094849
    },
    "epoch_46": {
        "lwlrap": 0.8828502415458938,
        "loss": 0.027907678719472
    },
    "epoch_47": {
        "lwlrap": 0.8990338164251208,
        "loss": 0.026293881207325117
    },
    "epoch_48": {
        "lwlrap": 0.908695652173913,
        "loss": 0.027546485084005527
    },
    "epoch_49": {
        "lwlrap": 0.9135265700483092,
        "loss": 0.027451185449198993
    },
    "epoch_50": {
        "lwlrap": 0.9135265700483092,
        "loss": 0.02698745979513559
    },
    "epoch_51": {
        "lwlrap": 0.9135265700483092,
        "loss": 0.02733424023932053
    },
    "epoch_52": {
        "lwlrap": 0.9135265700483092,
        "loss": 0.027184071924744382
    },
    "epoch_53": {
        "lwlrap": 0.9021739130434783,
        "loss": 0.02736738735930649
    },
    "epoch_54": {
        "lwlrap": 0.9082125603864734,
        "loss": 0.02883121230600712
    },
    "epoch_55": {
        "lwlrap": 0.8857487922705314,
        "loss": 0.027329670651212196
    }
}