{
  "best": {
    "epoch_lwlrap": 0.8629245036572623,
    "loss": 0.01732010452141022,
    "lwlrap": 0.8629245036572623
  },
  "last": {
    "epoch_lwlrap": 0.8520248070894623,
    "loss": 0.023311846086691165,
    "lwlrap": 0.8520248070894624
  },
  "train.33": {
    "epoch_lwlrap": 0.8629245036572623,
    "loss": 0.01732010452141022,
    "lwlrap": 0.8629245036572623
  },
  "epoch_0": [
    "out/113_112_Effnetb0/fold2/checkpoints/train.1.pth",
    0.2883562312297805,
    {
      "epoch_lwlrap": 0.2883562312297805,
      "loss": 0.06080336984375428,
      "lwlrap": 0.28835623122978044
    }
  ],
  "epoch_1": [
    "out/113_112_Effnetb0/fold2/checkpoints/train.2.pth",
    0.33942622963567215,
    {
      "epoch_lwlrap": 0.33942622963567215,
      "loss": 0.044594598227533803,
      "lwlrap": 0.3394262296356721
    }
  ],
  "epoch_2": [
    "out/113_112_Effnetb0/fold2/checkpoints/train.3.pth",
    0.4025567519507348,
    {
      "epoch_lwlrap": 0.4025567519507348,
      "loss": 0.04229788546418322,
      "lwlrap": 0.40255675195073487
    }
  ],
  "epoch_3": [
    "out/113_112_Effnetb0/fold2/checkpoints/train.4.pth",
    0.4786619228697121,
    {
      "epoch_lwlrap": 0.4786619228697121,
      "loss": 0.03969403985759307,
      "lwlrap": 0.47866192286971215
    }
  ],
  "epoch_4": [
    "out/113_112_Effnetb0/fold2/checkpoints/train.5.pth",
    0.5167886070713149,
    {
      "epoch_lwlrap": 0.5167886070713149,
      "loss": 0.037902983740485945,
      "lwlrap": 0.516788607071315
    }
  ],
  "epoch_5": [
    "out/113_112_Effnetb0/fold2/checkpoints/train.6.pth",
    0.5776070406920399,
    {
      "epoch_lwlrap": 0.5776070406920399,
      "loss": 0.036299585139956965,
      "lwlrap": 0.5776070406920398
    }
  ],
  "epoch_6": [
    "out/113_112_Effnetb0/fold2/checkpoints/train.7.pth",
    0.5988376822777177,
    {
      "epoch_lwlrap": 0.5988376822777177,
      "loss": 0.03405537392044889,
      "lwlrap": 0.5988376822777177
    }
  ],
  "epoch_7": [
    "out/113_112_Effnetb0/fold2/checkpoints/train.8.pth",
    0.5815540900670211,
    {
      "epoch_lwlrap": 0.5815540900670211,
      "loss": 0.0335342101752758,
      "lwlrap": 0.5815540900670211
    }
  ],
  "epoch_8": [
    "out/113_112_Effnetb0/fold2/checkpoints/train.9.pth",
    0.5992938732219585,
    {
      "epoch_lwlrap": 0.5992938732219585,
      "loss": 0.03293459181641711,
      "lwlrap": 0.5992938732219585
    }
  ],
  "epoch_9": [
    "out/113_112_Effnetb0/fold2/checkpoints/train.10.pth",
    0.6117354205044033,
    {
      "epoch_lwlrap": 0.6117354205044033,
      "loss": 0.03278764029001368,
      "lwlrap": 0.6117354205044033
    }
  ],
  "epoch_10": [
    "out/113_112_Effnetb0/fold2/checkpoints/train.11.pth",
    0.6124180472646163,
    {
      "epoch_lwlrap": 0.6124180472646163,
      "loss": 0.032887156346234785,
      "lwlrap": 0.6124180472646163
    }
  ],
  "epoch_11": [
    "out/113_112_Effnetb0/fold2/checkpoints/train.12.pth",
    0.615196126276248,
    {
      "epoch_lwlrap": 0.615196126276248,
      "loss": 0.0322908340985405,
      "lwlrap": 0.615196126276248
    }
  ],
  "epoch_12": [
    "out/113_112_Effnetb0/fold2/checkpoints/train.13.pth",
    0.6292607172861657,
    {
      "epoch_lwlrap": 0.6292607172861657,
      "loss": 0.03182573141209011,
      "lwlrap": 0.6292607172861657
    }
  ],
  "epoch_13": [
    "out/113_112_Effnetb0/fold2/checkpoints/train.14.pth",
    0.6394706027459963,
    {
      "epoch_lwlrap": 0.6394706027459963,
      "loss": 0.03171469014266442,
      "lwlrap": 0.6394706027459964
    }
  ],
  "epoch_14": [
    "out/113_112_Effnetb0/fold2/checkpoints/train.15.pth",
    0.6667767756668619,
    {
      "epoch_lwlrap": 0.6667767756668619,
      "loss": 0.029611895952759117,
      "lwlrap": 0.6667767756668619
    }
  ],
  "epoch_15": [
    "out/113_112_Effnetb0/fold2/checkpoints/train.16.pth",
    0.6428055456769961,
    {
      "epoch_lwlrap": 0.6428055456769961,
      "loss": 0.029912158911084306,
      "lwlrap": 0.6428055456769959
    }
  ],
  "epoch_16": [
    "out/113_112_Effnetb0/fold2/checkpoints/train.17.pth",
    0.6810238151104024,
    {
      "epoch_lwlrap": 0.6810238151104024,
      "loss": 0.029968819099253623,
      "lwlrap": 0.6810238151104023
    }
  ],
  "epoch_17": [
    "out/113_112_Effnetb0/fold2/checkpoints/train.18.pth",
    0.7003470385823327,
    {
      "epoch_lwlrap": 0.7003470385823327,
      "loss": 0.028088291914298617,
      "lwlrap": 0.7003470385823327
    }
  ],
  "epoch_18": [
    "out/113_112_Effnetb0/fold2/checkpoints/train.19.pth",
    0.7107653840412461,
    {
      "epoch_lwlrap": 0.7107653840412461,
      "loss": 0.02782522007052241,
      "lwlrap": 0.7107653840412461
    }
  ],
  "epoch_19": [
    "out/113_112_Effnetb0/fold2/checkpoints/train.20.pth",
    0.7385082186919756,
    {
      "epoch_lwlrap": 0.7385082186919756,
      "loss": 0.025015868182326186,
      "lwlrap": 0.7385082186919755
    }
  ],
  "epoch_20": [
    "out/113_112_Effnetb0/fold2/checkpoints/train.21.pth",
    0.7563445414738518,
    {
      "epoch_lwlrap": 0.7563445414738518,
      "loss": 0.02449373997234065,
      "lwlrap": 0.7563445414738519
    }
  ],
  "epoch_21": [
    "out/113_112_Effnetb0/fold2/checkpoints/train.22.pth",
    0.7688850182384666,
    {
      "epoch_lwlrap": 0.7688850182384666,
      "loss": 0.02497203050759332,
      "lwlrap": 0.7688850182384666
    }
  ],
  "epoch_22": [
    "out/113_112_Effnetb0/fold2/checkpoints/train.23.pth",
    0.8102990477800316,
    {
      "epoch_lwlrap": 0.8102990477800316,
      "loss": 0.020517722671401912,
      "lwlrap": 0.8102990477800315
    }
  ],
  "epoch_23": [
    "out/113_112_Effnetb0/fold2/checkpoints/train.24.pth",
    0.8190881952792116,
    {
      "epoch_lwlrap": 0.8190881952792116,
      "loss": 0.02016739797746313,
      "lwlrap": 0.8190881952792117
    }
  ],
  "epoch_24": [
    "out/113_112_Effnetb0/fold2/checkpoints/train.25.pth",
    0.8450144281850671,
    {
      "epoch_lwlrap": 0.8450144281850671,
      "loss": 0.018242554867575908,
      "lwlrap": 0.8450144281850671
    }
  ],
  "epoch_25": [
    "out/113_112_Effnetb0/fold2/checkpoints/train.26.pth",
    0.828724061463666,
    {
      "epoch_lwlrap": 0.828724061463666,
      "loss": 0.018075509928166866,
      "lwlrap": 0.828724061463666
    }
  ],
  "epoch_26": [
    "out/113_112_Effnetb0/fold2/checkpoints/train.27.pth",
    0.8566807713359438,
    {
      "epoch_lwlrap": 0.8566807713359438,
      "loss": 0.017231023003315103,
      "lwlrap": 0.8566807713359438
    }
  ],
  "epoch_27": [
    "out/113_112_Effnetb0/fold2/checkpoints/train.28.pth",
    0.8524679578425441,
    {
      "epoch_lwlrap": 0.8524679578425441,
      "loss": 0.017441663698389613,
      "lwlrap": 0.8524679578425443
    }
  ],
  "epoch_28": [
    "out/113_112_Effnetb0/fold2/checkpoints/train.29.pth",
    0.854933910607085,
    {
      "epoch_lwlrap": 0.854933910607085,
      "loss": 0.017324148131341772,
      "lwlrap": 0.8549339106070851
    }
  ],
  "epoch_29": [
    "out/113_112_Effnetb0/fold2/checkpoints/train.30.pth",
    0.8533071633825944,
    {
      "epoch_lwlrap": 0.8533071633825944,
      "loss": 0.017270172046947068,
      "lwlrap": 0.8533071633825944
    }
  ],
  "epoch_30": [
    "out/113_112_Effnetb0/fold2/checkpoints/train.31.pth",
    0.849640991570438,
    {
      "epoch_lwlrap": 0.849640991570438,
      "loss": 0.016999599363269478,
      "lwlrap": 0.849640991570438
    }
  ],
  "epoch_31": [
    "out/113_112_Effnetb0/fold2/checkpoints/train.32.pth",
    0.8521963788127582,
    {
      "epoch_lwlrap": 0.8521963788127582,
      "loss": 0.017135632063808113,
      "lwlrap": 0.8521963788127581
    }
  ],
  "epoch_32": [
    "out/113_112_Effnetb0/fold2/checkpoints/train.33.pth",
    0.8629245036572623,
    {
      "epoch_lwlrap": 0.8629245036572623,
      "loss": 0.01732010452141022,
      "lwlrap": 0.8629245036572623
    }
  ],