{
    "best": {
        "lwlrap": 0.9873015873015873,
        "loss": 0.025314299990573236,
        "epoch": 28
    },
    "last": {
        "lwlrap": 0.9563492063492063,
        "loss": 0.028253854808187293,
        "epoch": 55
    },
    "epoch_1": {
        "lwlrap": 0.605026455026455,
        "loss": 0.03711952779802584
    },
    "epoch_2": {
        "lwlrap": 0.7158730158730159,
        "loss": 0.03464213452271877
    },
    "epoch_3": {
        "lwlrap": 0.6695767195767195,
        "loss": 0.04064270643697631
    },
    "epoch_4": {
        "lwlrap": 0.7941798941798942,
        "loss": 0.035327351291573814
    },
    "epoch_5": {
        "lwlrap": 0.8828042328042327,
        "loss": 0.028861691889863823
    },
    "epoch_6": {
        "lwlrap": 0.8518518518518519,
        "loss": 0.03251023227048497
    },
    "epoch_7": {
        "lwlrap": 0.8999999999999999,
        "loss": 0.02942341178535454
    },
    "epoch_8": {
        "lwlrap": 0.962962962962963,
        "loss": 0.026964829506112203
    },
    "epoch_9": {
        "lwlrap": 0.91005291005291,
        "loss": 0.02497532438006132
    },
    "epoch_10": {
        "lwlrap": 0.9126984126984128,
        "loss": 0.025742163235742237
    },
    "epoch_11": {
        "lwlrap": 0.9391534391534392,
        "loss": 0.026268574228930856
    },
    "epoch_12": {
        "lwlrap": 0.9365079365079365,
        "loss": 0.02669550295198156
    },
    "epoch_13": {
        "lwlrap": 0.9365079365079365,
        "loss": 0.024972298160015095
    },
    "epoch_14": {
        "lwlrap": 0.9211640211640211,
        "loss": 0.024822093711625182
    },
    "epoch_15": {
        "lwlrap": 0.7814814814814816,
        "loss": 0.043003311831383936
    },
    "epoch_16": {
        "lwlrap": 0.9417989417989417,
        "loss": 0.0345441248538273
    },
    "epoch_17": {
        "lwlrap": 0.9523809523809523,
        "loss": 0.030487399818676132
    },
    "epoch_18": {
        "lwlrap": 0.7092592592592593,
        "loss": 0.05249691264884126
    },
    "epoch_19": {
        "lwlrap": 0.8153439153439153,
        "loss": 0.031775589641784466
    },
    "epoch_20": {
        "lwlrap": 0.943121693121693,
        "loss": 0.025458192520384348
    },
    "epoch_21": {
        "lwlrap": 0.8708994708994707,
        "loss": 0.027629405383073215
    },
    "epoch_22": {
        "lwlrap": 0.9126984126984126,
        "loss": 0.026643941644579172
    },
    "epoch_23": {
        "lwlrap": 0.9537037037037037,
        "loss": 0.026886015338072132
    },
    "epoch_24": {
        "lwlrap": 0.8756613756613756,
        "loss": 0.025286484111641205
    },
    "epoch_25": {
        "lwlrap": 0.929100529100529,
        "loss": 0.032009143232097546
    },
    "epoch_26": {
        "lwlrap": 0.962962962962963,
        "loss": 0.028089122125698675
    },
    "epoch_27": {
        "lwlrap": 0.9708994708994708,
        "loss": 0.027693404463089762
    },
    "epoch_28": {
        "lwlrap": 0.9873015873015873,
        "loss": 0.025314299990573236
    },
    "epoch_29": {
        "lwlrap": 0.9634920634920634,
        "loss": 0.027654109545232307
    },
    "epoch_30": {
        "lwlrap": 0.9714285714285713,
        "loss": 0.028161323636830334
    },
    "epoch_31": {
        "lwlrap": 0.9634920634920634,
        "loss": 0.02811868835030304
    },
    "epoch_32": {
        "lwlrap": 0.9714285714285713,
        "loss": 0.028618950817373492
    },
    "epoch_33": {
        "lwlrap": 0.9634920634920634,
        "loss": 0.02844733987454205
    },
    "epoch_34": {
        "lwlrap": 0.9537037037037037,
        "loss": 0.031080368665918227
    },
    "epoch_35": {
        "lwlrap": 0.8835978835978835,
        "loss": 0.04242635842773222
    },
    "epoch_36": {
        "lwlrap": 0.9444444444444444,
        "loss": 0.026838821411553408
    },
    "epoch_37": {
        "lwlrap": 0.9404761904761904,
        "loss": 0.030680052815906463
    },
    "epoch_38": {
        "lwlrap": 0.8359788359788359,
        "loss": 0.04304489613540711
    },
    "epoch_39": {
        "lwlrap": 0.8846560846560846,
        "loss": 0.028163255470234058
    },
    "epoch_40": {
        "lwlrap": 0.925925925925926,
        "loss": 0.026429116605750976
    },
    "epoch_41": {
        "lwlrap": 0.8833333333333333,
        "loss": 0.03320093274176601
    },
    "epoch_42": {
        "lwlrap": 0.7484126984126983,
        "loss": 0.052829424279832074
    },
    "epoch_43": {
        "lwlrap": 0.8968253968253967,
        "loss": 0.027756940475815246
    },
    "epoch_44": {
        "lwlrap": 0.8558201058201058,
        "loss": 0.03286508587940085
    },
    "epoch_45": {
        "lwlrap": 0.9444444444444443,
        "loss": 0.030177806537868754
    },
    "epoch_46": {
        "lwlrap": 0.9378306878306879,
        "loss": 0.023919606093137015
    },
    "epoch_47": {
        "lwlrap": 0.9695767195767195,
        "loss": 0.027788221862377418
    },
    "epoch_48": {
        "lwlrap": 0.9563492063492063,
        "loss": 0.026855699312422546
    },
    "epoch_49": {
        "lwlrap": 0.9642857142857144,
        "loss": 0.027835336720360624
    },
    "epoch_50": {
        "lwlrap": 0.9642857142857144,
        "loss": 0.02779819159543202
    },
    "epoch_51": {
        "lwlrap": 0.9642857142857144,
        "loss": 0.027839166209882787
    },
    "epoch_52": {
        "lwlrap": 0.9537037037037037,
        "loss": 0.027585044743553284
    },
    "epoch_53": {
        "lwlrap": 0.9616402116402116,
        "loss": 0.02668982737269553
    },
    "epoch_54": {
        "lwlrap": 0.9735449735449735,
        "loss": 0.030563596102799618
    },
    "epoch_55": {
        "lwlrap": 0.9563492063492063,
        "loss": 0.028253854808187293
    }
}