{
    "best": {
        "lwlrap": 0.9788359788359788,
        "loss": 0.03758169029606506,
        "epoch": 35
    },
    "last": {
        "lwlrap": 0.9417989417989417,
        "loss": 0.033196996664628386,
        "epoch": 50
    },
    "epoch_1": {
        "lwlrap": 0.4997354497354497,
        "loss": 0.0709162421990186
    },
    "epoch_2": {
        "lwlrap": 0.6849206349206348,
        "loss": 0.054998666513711214
    },
    "epoch_3": {
        "lwlrap": 0.7068783068783069,
        "loss": 0.07133660675026476
    },
    "epoch_4": {
        "lwlrap": 0.9007936507936508,
        "loss": 0.04160570970270783
    },
    "epoch_5": {
        "lwlrap": 0.8121693121693121,
        "loss": 0.04739500628784299
    },
    "epoch_6": {
        "lwlrap": 0.8219576719576719,
        "loss": 0.04303669498767704
    },
    "epoch_7": {
        "lwlrap": 0.9145502645502646,
        "loss": 0.03741949680261314
    },
    "epoch_8": {
        "lwlrap": 0.8941798941798942,
        "loss": 0.0430181558476761
    },
    "epoch_9": {
        "lwlrap": 0.9497354497354497,
        "loss": 0.035393598780501634
    },
    "epoch_10": {
        "lwlrap": 0.9484126984126984,
        "loss": 0.03585783171001822
    },
    "epoch_11": {
        "lwlrap": 0.9563492063492064,
        "loss": 0.03566185082308948
    },
    "epoch_12": {
        "lwlrap": 0.9563492063492064,
        "loss": 0.03695018368307501
    },
    "epoch_13": {
        "lwlrap": 0.9484126984126984,
        "loss": 0.036765562486834824
    },
    "epoch_14": {
        "lwlrap": 0.951058201058201,
        "loss": 0.038213539111893624
    },
    "epoch_15": {
        "lwlrap": 0.9484126984126984,
        "loss": 0.03918978216825053
    },
    "epoch_16": {
        "lwlrap": 0.8015873015873015,
        "loss": 0.053899176651611924
    },
    "epoch_17": {
        "lwlrap": 0.783068783068783,
        "loss": 0.04870131844654679
    },
    "epoch_18": {
        "lwlrap": 0.861111111111111,
        "loss": 0.05550126393791288
    },
    "epoch_19": {
        "lwlrap": 0.8690476190476191,
        "loss": 0.03953470243141055
    },
    "epoch_20": {
        "lwlrap": 0.8444444444444443,
        "loss": 0.05731216864660382
    },
    "epoch_21": {
        "lwlrap": 0.8597883597883598,
        "loss": 0.056980189110618085
    },
    "epoch_22": {
        "lwlrap": 0.9470899470899471,
        "loss": 0.04382456315215677
    },
    "epoch_23": {
        "lwlrap": 0.828042328042328,
        "loss": 0.07387799746356905
    },
    "epoch_24": {
        "lwlrap": 0.9629629629629628,
        "loss": 0.036758980015292764
    },
    "epoch_25": {
        "lwlrap": 0.9034391534391533,
        "loss": 0.033675109851174057
    },
    "epoch_26": {
        "lwlrap": 0.9563492063492063,
        "loss": 0.0344301558798179
    },
    "epoch_27": {
        "lwlrap": 0.9656084656084656,
        "loss": 0.03419563116040081
    },
    "epoch_28": {
        "lwlrap": 0.9391534391534391,
        "loss": 0.035138441948220134
    },
    "epoch_29": {
        "lwlrap": 0.947089947089947,
        "loss": 0.03211744036525488
    },
    "epoch_30": {
        "lwlrap": 0.9497354497354498,
        "loss": 0.03239624248817563
    },
    "epoch_31": {
        "lwlrap": 0.9576719576719577,
        "loss": 0.03199892328120768
    },
    "epoch_32": {
        "lwlrap": 0.9576719576719577,
        "loss": 0.03235763404518366
    },
    "epoch_33": {
        "lwlrap": 0.9497354497354498,
        "loss": 0.032572970900218934
    },
    "epoch_34": {
        "lwlrap": 0.9523809523809523,
        "loss": 0.03695754089858383
    },
    "epoch_35": {
        "lwlrap": 0.9788359788359788,
        "loss": 0.03758169029606506
    },
    "epoch_36": {
        "lwlrap": 0.9603174603174602,
        "loss": 0.03575970185920596
    },
    "epoch_37": {
        "lwlrap": 0.947089947089947,
        "loss": 0.04051003174390644
    },
    "epoch_38": {
        "lwlrap": 0.917989417989418,
        "loss": 0.041715304541867226
    },
    "epoch_39": {
        "lwlrap": 0.8796296296296295,
        "loss": 0.04027944366680458
    },
    "epoch_40": {
        "lwlrap": 0.9066137566137566,
        "loss": 0.04685917985625565
    },
    "epoch_41": {
        "lwlrap": 0.9272486772486772,
        "loss": 0.039249836991075426
    },
    "epoch_42": {
        "lwlrap": 0.5365079365079365,
        "loss": 0.15047339885495603
    },
    "epoch_43": {
        "lwlrap": 0.9338624338624337,
        "loss": 0.035639533889479935
    },
    "epoch_44": {
        "lwlrap": 0.937037037037037,
        "loss": 0.037019207957200706
    },
    "epoch_45": {
        "lwlrap": 0.9555555555555555,
        "loss": 0.03350496804341674
    },
    "epoch_46": {
        "lwlrap": 0.9179894179894179,
        "loss": 0.0355818138923496
    },
    "epoch_47": {
        "lwlrap": 0.9391534391534391,
        "loss": 0.0353224411373958
    },
    "epoch_48": {
        "lwlrap": 0.9523809523809522,
        "loss": 0.035113510908558965
    },
    "epoch_49": {
        "lwlrap": 0.9444444444444444,
        "loss": 0.03349992819130421
    },
    "epoch_50": {
        "lwlrap": 0.9417989417989417,
        "loss": 0.033196996664628386
    }
}