{
  "best": {
    "epoch_lwlrap": 0.8546689633521694,
    "loss": 0.09219630982261151,
    "lwlrap": 0.8541239226524097
  },
  "last": {
    "epoch_lwlrap": 0.828179997421129,
    "loss": 0.1220075162127614,
    "lwlrap": 0.8269435301682881
  },
  "train.29": {
    "epoch_lwlrap": 0.8546689633521694,
    "loss": 0.09219630982261151,
    "lwlrap": 0.8541239226524097
  },
  "epoch_0": [
    "out/094_093_remove_pinknoise/fold2/checkpoints/train.1.pth",
    0.2616136902992867,
    {
      "epoch_lwlrap": 0.2616136902992867,
      "loss": 0.24689269438385963,
      "lwlrap": 0.26131313699904163
    }
  ],
  "epoch_1": [
    "out/094_093_remove_pinknoise/fold2/checkpoints/train.2.pth",
    0.2820676725455964,
    {
      "epoch_lwlrap": 0.2820676725455964,
      "loss": 0.24550275970250368,
      "lwlrap": 0.2825600713212554
    }
  ],
  "epoch_2": [
    "out/094_093_remove_pinknoise/fold2/checkpoints/train.3.pth",
    0.32519174938153483,
    {
      "epoch_lwlrap": 0.32519174938153483,
      "loss": 0.23413550108671188,
      "lwlrap": 0.3239858252009595
    }
  ],
  "epoch_3": [
    "out/094_093_remove_pinknoise/fold2/checkpoints/train.4.pth",
    0.3615188998167903,
    {
      "epoch_lwlrap": 0.3615188998167903,
      "loss": 0.2270246441476047,
      "lwlrap": 0.3599708014813518
    }
  ],
  "epoch_4": [
    "out/094_093_remove_pinknoise/fold2/checkpoints/train.5.pth",
    0.41361352910607607,
    {
      "epoch_lwlrap": 0.41361352910607607,
      "loss": 0.21932989172637463,
      "lwlrap": 0.4128089492735297
    }
  ],
  "epoch_5": [
    "out/094_093_remove_pinknoise/fold2/checkpoints/train.6.pth",
    0.4598845804989281,
    {
      "epoch_lwlrap": 0.4598845804989281,
      "loss": 0.20716728316619992,
      "lwlrap": 0.45830069892258196
    }
  ],
  "epoch_6": [
    "out/094_093_remove_pinknoise/fold2/checkpoints/train.7.pth",
    0.4528057904694196,
    {
      "epoch_lwlrap": 0.4528057904694196,
      "loss": 0.20729865180328488,
      "lwlrap": 0.45319681874343976
    }
  ],
  "epoch_7": [
    "out/094_093_remove_pinknoise/fold2/checkpoints/train.8.pth",
    0.552176779456484,
    {
      "epoch_lwlrap": 0.552176779456484,
      "loss": 0.18892110278829932,
      "lwlrap": 0.5512677268778454
    }
  ],
  "epoch_8": [
    "out/094_093_remove_pinknoise/fold2/checkpoints/train.9.pth",
    0.5583962771667766,
    {
      "epoch_lwlrap": 0.5583962771667766,
      "loss": 0.1827620225958526,
      "lwlrap": 0.5583484063728527
    }
  ],
  "epoch_9": [
    "out/094_093_remove_pinknoise/fold2/checkpoints/train.10.pth",
    0.5695792508188792,
    {
      "epoch_lwlrap": 0.5695792508188792,
      "loss": 0.18119397945702076,
      "lwlrap": 0.569180462090822
    }
  ],
  "epoch_10": [
    "out/094_093_remove_pinknoise/fold2/checkpoints/train.11.pth",
    0.5635521301448119,
    {
      "epoch_lwlrap": 0.5635521301448119,
      "loss": 0.18095171870663762,
      "lwlrap": 0.5631072346793069
    }
  ],
  "epoch_11": [
    "out/094_093_remove_pinknoise/fold2/checkpoints/train.12.pth",
    0.5773171444228186,
    {
      "epoch_lwlrap": 0.5773171444228186,
      "loss": 0.17900626827031374,
      "lwlrap": 0.5768162347844024
    }
  ],
  "epoch_12": [
    "out/094_093_remove_pinknoise/fold2/checkpoints/train.13.pth",
    0.5786067618552291,
    {
      "epoch_lwlrap": 0.5786067618552291,
      "loss": 0.17554443096742034,
      "lwlrap": 0.5784256091674237
    }
  ],
  "epoch_13": [
    "out/094_093_remove_pinknoise/fold2/checkpoints/train.14.pth",
    0.5640700917727186,
    {
      "epoch_lwlrap": 0.5640700917727186,
      "loss": 0.1801538816653192,
      "lwlrap": 0.5639252884086584
    }
  ],
  "epoch_14": [
    "out/094_093_remove_pinknoise/fold2/checkpoints/train.15.pth",
    0.5906330658712879,
    {
      "epoch_lwlrap": 0.5906330658712879,
      "loss": 0.17896540649235249,
      "lwlrap": 0.5902128259239311
    }
  ],
  "epoch_15": [
    "out/094_093_remove_pinknoise/fold2/checkpoints/train.16.pth",
    0.5872947186401385,
    {
      "epoch_lwlrap": 0.5872947186401385,
      "loss": 0.17741764523088935,
      "lwlrap": 0.5879044930076274
    }
  ],
  "epoch_16": [
    "out/094_093_remove_pinknoise/fold2/checkpoints/train.17.pth",
    0.6603034846832556,
    {
      "epoch_lwlrap": 0.6603034846832556,
      "loss": 0.15879515884444118,
      "lwlrap": 0.6603706271162922
    }
  ],
  "epoch_17": [
    "out/094_093_remove_pinknoise/fold2/checkpoints/train.18.pth",
    0.6074247790797347,
    {
      "epoch_lwlrap": 0.6074247790797347,
      "loss": 0.17523819068446755,
      "lwlrap": 0.6069030839617074
    }
  ],
  "epoch_18": [
    "out/094_093_remove_pinknoise/fold2/checkpoints/train.19.pth",
    0.6958490301047553,
    {
      "epoch_lwlrap": 0.6958490301047553,
      "loss": 0.15299641387537125,
      "lwlrap": 0.695063679480759
    }
  ],
  "epoch_19": [
    "out/094_093_remove_pinknoise/fold2/checkpoints/train.20.pth",
    0.6671147972169527,
    {
      "epoch_lwlrap": 0.6671147972169527,
      "loss": 0.16223891172558072,
      "lwlrap": 0.6678614612112155
    }
  ],
  "epoch_20": [
    "out/094_093_remove_pinknoise/fold2/checkpoints/train.21.pth",
    0.7204471525082212,
    {
      "epoch_lwlrap": 0.7204471525082212,
      "loss": 0.14494147384539247,
      "lwlrap": 0.7198224450677767
    }
  ],
  "epoch_21": [
    "out/094_093_remove_pinknoise/fold2/checkpoints/train.22.pth",
    0.7990632882808455,
    {
      "epoch_lwlrap": 0.7990632882808455,
      "loss": 0.11691949027590454,
      "lwlrap": 0.798316333339199
    }
  ],
  "epoch_22": [
    "out/094_093_remove_pinknoise/fold2/checkpoints/train.23.pth",
    0.7886773810538374,
    {
      "epoch_lwlrap": 0.7886773810538374,
      "loss": 0.11109978309832515,
      "lwlrap": 0.7877806783633063
    }
  ],
  "epoch_23": [
    "out/094_093_remove_pinknoise/fold2/checkpoints/train.24.pth",
    0.7916226335905276,
    {
      "epoch_lwlrap": 0.7916226335905276,
      "loss": 0.11483045085333288,
      "lwlrap": 0.7908048127054529
    }
  ],
  "epoch_24": [
    "out/094_093_remove_pinknoise/fold2/checkpoints/train.25.pth",
    0.8233482445414948,
    {
      "epoch_lwlrap": 0.8233482445414948,
      "loss": 0.10823589214123785,
      "lwlrap": 0.8227198579544168
    }
  ],
  "epoch_25": [
    "out/094_093_remove_pinknoise/fold2/checkpoints/train.26.pth",
    0.833445180773425,
    {
      "epoch_lwlrap": 0.833445180773425,
      "loss": 0.10556623968295753,
      "lwlrap": 0.8327118957501961
    }
  ],
  "epoch_26": [
    "out/094_093_remove_pinknoise/fold2/checkpoints/train.27.pth",
    0.8417171847615801,
    {
      "epoch_lwlrap": 0.8417171847615801,
      "loss": 0.10205954988487063,
      "lwlrap": 0.8415394925046471
    }
  ],
  "epoch_27": [
    "out/094_093_remove_pinknoise/fold2/checkpoints/train.28.pth",
    0.8519436313429886,
    {
      "epoch_lwlrap": 0.8519436313429886,
      "loss": 0.09565163915976882,
      "lwlrap": 0.8524015394494876
    }
  ],
  "epoch_28": [
    "out/094_093_remove_pinknoise/fold2/checkpoints/train.29.pth",
    0.8546689633521694,
    {
      "epoch_lwlrap": 0.8546689633521694,
      "loss": 0.09219630982261151,
      "lwlrap": 0.8541239226524097
    }
  ],
  "epoch_29": [
    "out/094_093_remove_pinknoise/fold2/checkpoints/train.30.pth",
    0.8481395195135654,
    {
      "epoch_lwlrap": 0.8481395195135654,
      "loss": 0.09162701689638197,
      "lwlrap": 0.8474351689624174
    }
  ],
  "epoch_30": [
    "out/094_093_remove_pinknoise/fold2/checkpoints/train.31.pth",
    0.850563431479462,
    {
      "epoch_lwlrap": 0.850563431479462,
      "loss": 0.09191505797207355,
      "lwlrap": 0.8499494138356563
    }
  ],
  "epoch_31": [
    "out/094_093_remove_pinknoise/fold2/checkpoints/train.32.pth",
    0.8502061233931463,
    {
      "epoch_lwlrap": 0.8502061233931463,
      "loss": 0.09318637009710073,
      "lwlrap": 0.849631822223762
    }
  ],