{
  "best": {
    "epoch_lwlrap": 0.8791244160735685,
    "loss": 0.24524542930680265,
    "lwlrap": 0.8787696522097113
  },
  "last": {
    "epoch_lwlrap": 0.8750051267000419,
    "loss": 0.2377655869218665,
    "lwlrap": 0.8752329540172348
  },
  "train.50": {
    "epoch_lwlrap": 0.8791244160735685,
    "loss": 0.24524542930680265,
    "lwlrap": 0.8787696522097113
  },
  "epoch_0": [
    "out/078_ResNest_focal_strong_SAM_pitch_shift/fold0/checkpoints/train.1.pth",
    0.17476944055721455,
    {
      "epoch_lwlrap": 0.17476944055721455,
      "loss": 0.6661275893869534,
      "lwlrap": 0.17395084650259815
    }
  ],
  "epoch_1": [
    "out/078_ResNest_focal_strong_SAM_pitch_shift/fold0/checkpoints/train.2.pth",
    0.21971729497042006,
    {
      "epoch_lwlrap": 0.21971729497042006,
      "loss": 0.6307199714888988,
      "lwlrap": 0.21854156173191566
    }
  ],
  "epoch_2": [
    "out/078_ResNest_focal_strong_SAM_pitch_shift/fold0/checkpoints/train.3.pth",
    0.2522905523611814,
    {
      "epoch_lwlrap": 0.2522905523611814,
      "loss": 0.6222543212729441,
      "lwlrap": 0.25141962811210006
    }
  ],
  "epoch_3": [
    "out/078_ResNest_focal_strong_SAM_pitch_shift/fold0/checkpoints/train.4.pth",
    0.29451123912673477,
    {
      "epoch_lwlrap": 0.29451123912673477,
      "loss": 0.6055367328751254,
      "lwlrap": 0.29390253411158473
    }
  ],
  "epoch_4": [
    "out/078_ResNest_focal_strong_SAM_pitch_shift/fold0/checkpoints/train.5.pth",
    0.278183503724826,
    {
      "epoch_lwlrap": 0.278183503724826,
      "loss": 0.5968280703249113,
      "lwlrap": 0.27772901225895424
    }
  ],
  "epoch_5": [
    "out/078_ResNest_focal_strong_SAM_pitch_shift/fold0/checkpoints/train.6.pth",
    0.3288118483443549,
    {
      "epoch_lwlrap": 0.3288118483443549,
      "loss": 0.586565545746978,
      "lwlrap": 0.328415661223117
    }
  ],
  "epoch_6": [
    "out/078_ResNest_focal_strong_SAM_pitch_shift/fold0/checkpoints/train.7.pth",
    0.3506216273858085,
    {
      "epoch_lwlrap": 0.3506216273858085,
      "loss": 0.5653766036873132,
      "lwlrap": 0.3506396828659045
    }
  ],
  "epoch_7": [
    "out/078_ResNest_focal_strong_SAM_pitch_shift/fold0/checkpoints/train.8.pth",
    0.3769319920690808,
    {
      "epoch_lwlrap": 0.3769319920690808,
      "loss": 0.5690629990168021,
      "lwlrap": 0.3770249938634492
    }
  ],
  "epoch_8": [
    "out/078_ResNest_focal_strong_SAM_pitch_shift/fold0/checkpoints/train.9.pth",
    0.4001438159713334,
    {
      "epoch_lwlrap": 0.4001438159713334,
      "loss": 0.5605402072550545,
      "lwlrap": 0.39958184562900756
    }
  ],
  "epoch_9": [
    "out/078_ResNest_focal_strong_SAM_pitch_shift/fold0/checkpoints/train.10.pth",
    0.4001794682064912,
    {
      "epoch_lwlrap": 0.4001794682064912,
      "loss": 0.5550058950001087,
      "lwlrap": 0.39948409500334464
    }
  ],
  "epoch_10": [
    "out/078_ResNest_focal_strong_SAM_pitch_shift/fold0/checkpoints/train.11.pth",
    0.41053720809401134,
    {
      "epoch_lwlrap": 0.41053720809401134,
      "loss": 0.5543798682555346,
      "lwlrap": 0.41053307460121724
    }
  ],
  "epoch_11": [
    "out/078_ResNest_focal_strong_SAM_pitch_shift/fold0/checkpoints/train.12.pth",
    0.41122700551912916,
    {
      "epoch_lwlrap": 0.41122700551912916,
      "loss": 0.5599166070911246,
      "lwlrap": 0.4113060746317451
    }
  ],
  "epoch_12": [
    "out/078_ResNest_focal_strong_SAM_pitch_shift/fold0/checkpoints/train.13.pth",
    0.419332894817545,
    {
      "epoch_lwlrap": 0.419332894817545,
      "loss": 0.5562097287513841,
      "lwlrap": 0.4190986113748095
    }
  ],
  "epoch_13": [
    "out/078_ResNest_focal_strong_SAM_pitch_shift/fold0/checkpoints/train.14.pth",
    0.4254754373797245,
    {
      "epoch_lwlrap": 0.4254754373797245,
      "loss": 0.5423446037399936,
      "lwlrap": 0.4254694775457206
    }
  ],
  "epoch_14": [
    "out/078_ResNest_focal_strong_SAM_pitch_shift/fold0/checkpoints/train.15.pth",
    0.42267865783928005,
    {
      "epoch_lwlrap": 0.42267865783928005,
      "loss": 0.5451447946924559,
      "lwlrap": 0.4220955987279786
    }
  ],
  "epoch_15": [
    "out/078_ResNest_focal_strong_SAM_pitch_shift/fold0/checkpoints/train.16.pth",
    0.4710587807940486,
    {
      "epoch_lwlrap": 0.4710587807940486,
      "loss": 0.5291868842823405,
      "lwlrap": 0.4712171978531491
    }
  ],
  "epoch_16": [
    "out/078_ResNest_focal_strong_SAM_pitch_shift/fold0/checkpoints/train.17.pth",
    0.5495254916062231,
    {
      "epoch_lwlrap": 0.5495254916062231,
      "loss": 0.47844202543648195,
      "lwlrap": 0.5482651652176401
    }
  ],
  "epoch_17": [
    "out/078_ResNest_focal_strong_SAM_pitch_shift/fold0/checkpoints/train.18.pth",
    0.5369826778435164,
    {
      "epoch_lwlrap": 0.5369826778435164,
      "loss": 0.47598613106029136,
      "lwlrap": 0.5363116735253396
    }
  ],
  "epoch_18": [
    "out/078_ResNest_focal_strong_SAM_pitch_shift/fold0/checkpoints/train.19.pth",
    0.6509677906562252,
    {
      "epoch_lwlrap": 0.6509677906562252,
      "loss": 0.4366641930291351,
      "lwlrap": 0.6498304277868375
    }
  ],
  "epoch_19": [
    "out/078_ResNest_focal_strong_SAM_pitch_shift/fold0/checkpoints/train.20.pth",
    0.6179606579307477,
    {
      "epoch_lwlrap": 0.6179606579307477,
      "loss": 0.44043886955355255,
      "lwlrap": 0.6171996546956808
    }
  ],
  "epoch_20": [
    "out/078_ResNest_focal_strong_SAM_pitch_shift/fold0/checkpoints/train.21.pth",
    0.6979935119715778,
    {
      "epoch_lwlrap": 0.6979935119715778,
      "loss": 0.3944703504233293,
      "lwlrap": 0.6981660778740195
    }
  ],
  "epoch_21": [
    "out/078_ResNest_focal_strong_SAM_pitch_shift/fold0/checkpoints/train.22.pth",
    0.6662307745253644,
    {
      "epoch_lwlrap": 0.6662307745253644,
      "loss": 0.4085620755041149,
      "lwlrap": 0.6651783184810798
    }
  ],
  "epoch_22": [
    "out/078_ResNest_focal_strong_SAM_pitch_shift/fold0/checkpoints/train.23.pth",
    0.760704367638565,
    {
      "epoch_lwlrap": 0.760704367638565,
      "loss": 0.34858192986165976,
      "lwlrap": 0.7609316218207862
    }
  ],
  "epoch_23": [
    "out/078_ResNest_focal_strong_SAM_pitch_shift/fold0/checkpoints/train.24.pth",
    0.7751449254431612,
    {
      "epoch_lwlrap": 0.7751449254431612,
      "loss": 0.3286588934945389,
      "lwlrap": 0.774761209294506
    }
  ],
  "epoch_24": [
    "out/078_ResNest_focal_strong_SAM_pitch_shift/fold0/checkpoints/train.25.pth",
    0.7885896679859528,
    {
      "epoch_lwlrap": 0.7885896679859528,
      "loss": 0.3188217483775716,
      "lwlrap": 0.7886181623608598
    }
  ],
  "epoch_25": [
    "out/078_ResNest_focal_strong_SAM_pitch_shift/fold0/checkpoints/train.26.pth",
    0.8140757592045034,
    {
      "epoch_lwlrap": 0.8140757592045034,
      "loss": 0.2959783276621724,
      "lwlrap": 0.8143046765080535
    }
  ],
  "epoch_26": [
    "out/078_ResNest_focal_strong_SAM_pitch_shift/fold0/checkpoints/train.27.pth",
    0.822381251665373,
    {
      "epoch_lwlrap": 0.822381251665373,
      "loss": 0.2855444770883507,
      "lwlrap": 0.8226619755760047
    }
  ],
  "epoch_27": [
    "out/078_ResNest_focal_strong_SAM_pitch_shift/fold0/checkpoints/train.28.pth",
    0.8358075822482602,
    {
      "epoch_lwlrap": 0.8358075822482602,
      "loss": 0.2803959747855092,
      "lwlrap": 0.8362421055909949
    }
  ],
  "epoch_28": [
    "out/078_ResNest_focal_strong_SAM_pitch_shift/fold0/checkpoints/train.29.pth",
    0.8406544867561816,
    {
      "epoch_lwlrap": 0.8406544867561816,
      "loss": 0.26899884032531524,
      "lwlrap": 0.841078128389789
    }
  ],
  "epoch_29": [
    "out/078_ResNest_focal_strong_SAM_pitch_shift/fold0/checkpoints/train.30.pth",
    0.8341890877484097,
    {
      "epoch_lwlrap": 0.8341890877484097,
      "loss": 0.27250868627722835,
      "lwlrap": 0.8341973770265242
    }
  ],