{
    "last": {
        "lwlrap": 0.995585874799358,
        "loss": 0.035268940472681275,
        "epoch": 55
    },
    "epoch_1": {
        "lwlrap": 0.23368917136367587,
        "loss": 1.132560100994612
    },
    "epoch_2": {
        "lwlrap": 0.35675551266355493,
        "loss": 0.5537043276586031
    },
    "epoch_3": {
        "lwlrap": 0.4888891546195832,
        "loss": 0.4787293249054959
    },
    "epoch_4": {
        "lwlrap": 0.5971110896521408,
        "loss": 0.4068801755967893
    },
    "epoch_5": {
        "lwlrap": 0.6873430585478777,
        "loss": 0.3503613464142147
    },
    "epoch_6": {
        "lwlrap": 0.7479444576714176,
        "loss": 0.30151899433449697
    },
    "epoch_7": {
        "lwlrap": 0.8255898444908107,
        "loss": 0.2476624862143868
    },
    "epoch_8": {
        "lwlrap": 0.8632690776194396,
        "loss": 0.21687720010155126
    },
    "epoch_9": {
        "lwlrap": 0.8899655877294879,
        "loss": 0.1840617472403928
    },
    "epoch_10": {
        "lwlrap": 0.9088264987642998,
        "loss": 0.17011748411153493
    },
    "epoch_11": {
        "lwlrap": 0.9063440983794966,
        "loss": 0.16548779018615423
    },
    "epoch_12": {
        "lwlrap": 0.9060341084677368,
        "loss": 0.16612822287961057
    },
    "epoch_13": {
        "lwlrap": 0.9019855890943371,
        "loss": 0.17124682762905172
    },
    "epoch_14": {
        "lwlrap": 0.9075757441086252,
        "loss": 0.17080810568050334
    },
    "epoch_15": {
        "lwlrap": 0.8891834654893385,
        "loss": 0.18798437047945826
    },
    "epoch_16": {
        "lwlrap": 0.8546573885730512,
        "loss": 0.2253287042442121
    },
    "epoch_17": {
        "lwlrap": 0.8447062924591016,
        "loss": 0.22693828728638196
    },
    "epoch_18": {
        "lwlrap": 0.8516492446500491,
        "loss": 0.226511465875726
    },
    "epoch_19": {
        "lwlrap": 0.8520028242071686,
        "loss": 0.22677827351971677
    },
    "epoch_20": {
        "lwlrap": 0.8555657112173605,
        "loss": 0.2207832218785035
    },
    "epoch_21": {
        "lwlrap": 0.8670872767754436,
        "loss": 0.2072992579717385
    },
    "epoch_22": {
        "lwlrap": 0.898998700603837,
        "loss": 0.17180664523651726
    },
    "epoch_23": {
        "lwlrap": 0.9194805194805196,
        "loss": 0.15086749372513672
    },
    "epoch_24": {
        "lwlrap": 0.9321851848580145,
        "loss": 0.12732163973544774
    },
    "epoch_25": {
        "lwlrap": 0.9461479838489485,
        "loss": 0.11264929371444803
    },
    "epoch_26": {
        "lwlrap": 0.9568045483033396,
        "loss": 0.09578801652318553
    },
    "epoch_27": {
        "lwlrap": 0.9767708692487453,
        "loss": 0.07277474189667325
    },
    "epoch_28": {
        "lwlrap": 0.9821121846484165,
        "loss": 0.063924876874999
    },
    "epoch_29": {
        "lwlrap": 0.9844624645349282,
        "loss": 0.05545898262215288
    },
    "epoch_30": {
        "lwlrap": 0.9890617822691778,
        "loss": 0.050003764905819766
    },
    "epoch_31": {
        "lwlrap": 0.9916800858829844,
        "loss": 0.04913429376718245
    },
    "epoch_32": {
        "lwlrap": 0.9935073627844712,
        "loss": 0.04781639762222767
    },
    "epoch_33": {
        "lwlrap": 0.986765043638034,
        "loss": 0.051703700501667824
    },
    "epoch_34": {
        "lwlrap": 0.9877038225073509,
        "loss": 0.051352574293942826
    },
    "epoch_35": {
        "lwlrap": 0.9835076427996783,
        "loss": 0.05724220482730552
    },
    "epoch_36": {
        "lwlrap": 0.9685928303905832,
        "loss": 0.07540193935366053
    },
    "epoch_37": {
        "lwlrap": 0.9660731816153504,
        "loss": 0.08618888572642677
    },
    "epoch_38": {
        "lwlrap": 0.9421352074966532,
        "loss": 0.11227934748718613
    },
    "epoch_39": {
        "lwlrap": 0.9238390934016937,
        "loss": 0.14347289894756518
    },
    "epoch_40": {
        "lwlrap": 0.9091324491606523,
        "loss": 0.15500197089032122
    },
    "epoch_41": {
        "lwlrap": 0.9214448821045764,
        "loss": 0.1467487733615072
    },
    "epoch_42": {
        "lwlrap": 0.9418808567603749,
        "loss": 0.11459179693146755
    },
    "epoch_43": {
        "lwlrap": 0.9370190817495725,
        "loss": 0.12234694608732273
    },
    "epoch_44": {
        "lwlrap": 0.9675925925925926,
        "loss": 0.08081106145523097
    },
    "epoch_45": {
        "lwlrap": 0.9722132688691916,
        "loss": 0.07281502061768581
    },
    "epoch_46": {
        "lwlrap": 0.9855743424584004,
        "loss": 0.0508674727262635
    },
    "epoch_47": {
        "lwlrap": 0.9909967845659164,
        "loss": 0.044115378864501655
    },
    "epoch_48": {
        "lwlrap": 0.9980634317451037,
        "loss": 0.03512669384087387
    },
    "epoch_49": {
        "lwlrap": 0.9966478948779833,
        "loss": 0.03428059340895791
    },
    "epoch_50": {
        "lwlrap": 0.9941381688369639,
        "loss": 0.03453812723685252
    },
    "epoch_51": {
        "lwlrap": 0.9976152197213289,
        "loss": 0.033715759551054554
    },
    "epoch_52": {
        "lwlrap": 0.997586484312148,
        "loss": 0.030808082683698126
    },
    "epoch_53": {
        "lwlrap": 0.9970477724100913,
        "loss": 0.03228239783723103
    },
    "epoch_54": {
        "lwlrap": 0.9982583065380493,
        "loss": 0.03242076340278512
    },
    "epoch_55": {
        "lwlrap": 0.995585874799358,
        "loss": 0.035268940472681275
    }
}