{
  "best": {
    "epoch_lwlrap": 0.8700503663003663,
    "loss": 0.017210637060962177,
    "lwlrap": 0.8699993138308509
  },
  "last": {
    "epoch_lwlrap": 0.8654332206255283,
    "loss": 0.021816051237491276,
    "lwlrap": 0.8655142189434034
  },
  "train.27": {
    "epoch_lwlrap": 0.8700503663003663,
    "loss": 0.017210637060962177,
    "lwlrap": 0.8699993138308509
  },
  "epoch_0": [
    "out/113_112_Effnetb0/fold0/checkpoints/train.1.pth",
    0.23952216179749006,
    {
      "epoch_lwlrap": 0.23952216179749006,
      "loss": 0.0687883241845685,
      "lwlrap": 0.2392524849358816
    }
  ],
  "epoch_1": [
    "out/113_112_Effnetb0/fold0/checkpoints/train.2.pth",
    0.32430432914681884,
    {
      "epoch_lwlrap": 0.32430432914681884,
      "loss": 0.050657423191037575,
      "lwlrap": 0.32485620783424585
    }
  ],
  "epoch_2": [
    "out/113_112_Effnetb0/fold0/checkpoints/train.3.pth",
    0.4010929872386146,
    {
      "epoch_lwlrap": 0.4010929872386146,
      "loss": 0.04687420526158668,
      "lwlrap": 0.40108317208434835
    }
  ],
  "epoch_3": [
    "out/113_112_Effnetb0/fold0/checkpoints/train.4.pth",
    0.4905600665046366,
    {
      "epoch_lwlrap": 0.4905600665046366,
      "loss": 0.040788693802630005,
      "lwlrap": 0.49078203710355606
    }
  ],
  "epoch_4": [
    "out/113_112_Effnetb0/fold0/checkpoints/train.5.pth",
    0.5454920716340103,
    {
      "epoch_lwlrap": 0.5454920716340103,
      "loss": 0.039825167698351295,
      "lwlrap": 0.5445905314126228
    }
  ],
  "epoch_5": [
    "out/113_112_Effnetb0/fold0/checkpoints/train.6.pth",
    0.6251697196719821,
    {
      "epoch_lwlrap": 0.6251697196719821,
      "loss": 0.0344012793109351,
      "lwlrap": 0.624749078142208
    }
  ],
  "epoch_6": [
    "out/113_112_Effnetb0/fold0/checkpoints/train.7.pth",
    0.6497769751615906,
    {
      "epoch_lwlrap": 0.6497769751615906,
      "loss": 0.03252208916094935,
      "lwlrap": 0.64916556613704
    }
  ],
  "epoch_7": [
    "out/113_112_Effnetb0/fold0/checkpoints/train.8.pth",
    0.6637348655617887,
    {
      "epoch_lwlrap": 0.6637348655617887,
      "loss": 0.0324755192480304,
      "lwlrap": 0.6638097794632313
    }
  ],
  "epoch_8": [
    "out/113_112_Effnetb0/fold0/checkpoints/train.9.pth",
    0.671939171939172,
    {
      "epoch_lwlrap": 0.671939171939172,
      "loss": 0.030840272562423717,
      "lwlrap": 0.6717481773251319
    }
  ],
  "epoch_9": [
    "out/113_112_Effnetb0/fold0/checkpoints/train.10.pth",
    0.6745138050737598,
    {
      "epoch_lwlrap": 0.6745138050737598,
      "loss": 0.030961676136307095,
      "lwlrap": 0.6738262964678639
    }
  ],
  "epoch_10": [
    "out/113_112_Effnetb0/fold0/checkpoints/train.11.pth",
    0.6853590319936473,
    {
      "epoch_lwlrap": 0.6853590319936473,
      "loss": 0.030888024820640625,
      "lwlrap": 0.6849744704462326
    }
  ],
  "epoch_11": [
    "out/113_112_Effnetb0/fold0/checkpoints/train.12.pth",
    0.6971245421245422,
    {
      "epoch_lwlrap": 0.6971245421245422,
      "loss": 0.030790204660812386,
      "lwlrap": 0.6964851799385327
    }
  ],
  "epoch_12": [
    "out/113_112_Effnetb0/fold0/checkpoints/train.13.pth",
    0.6935489366088914,
    {
      "epoch_lwlrap": 0.6935489366088914,
      "loss": 0.02953619505518039,
      "lwlrap": 0.6928489177636047
    }
  ],
  "epoch_13": [
    "out/113_112_Effnetb0/fold0/checkpoints/train.14.pth",
    0.7119670340343418,
    {
      "epoch_lwlrap": 0.7119670340343418,
      "loss": 0.029344047673723915,
      "lwlrap": 0.7120645000622745
    }
  ],
  "epoch_14": [
    "out/113_112_Effnetb0/fold0/checkpoints/train.15.pth",
    0.7378026421396867,
    {
      "epoch_lwlrap": 0.7378026421396867,
      "loss": 0.02733311821290627,
      "lwlrap": 0.7372387509528894
    }
  ],
  "epoch_15": [
    "out/113_112_Effnetb0/fold0/checkpoints/train.16.pth",
    0.7478584343007421,
    {
      "epoch_lwlrap": 0.7478584343007421,
      "loss": 0.027595418553225136,
      "lwlrap": 0.7478497592606448
    }
  ],
  "epoch_16": [
    "out/113_112_Effnetb0/fold0/checkpoints/train.17.pth",
    0.7162390814313891,
    {
      "epoch_lwlrap": 0.7162390814313891,
      "loss": 0.027371891122679466,
      "lwlrap": 0.7154956092907707
    }
  ],
  "epoch_17": [
    "out/113_112_Effnetb0/fold0/checkpoints/train.18.pth",
    0.7451510028433106,
    {
      "epoch_lwlrap": 0.7451510028433106,
      "loss": 0.028501775697344845,
      "lwlrap": 0.745055210567139
    }
  ],
  "epoch_18": [
    "out/113_112_Effnetb0/fold0/checkpoints/train.19.pth",
    0.7602815934065934,
    {
      "epoch_lwlrap": 0.7602815934065934,
      "loss": 0.02505867502729412,
      "lwlrap": 0.760629106176865
    }
  ],
  "epoch_19": [
    "out/113_112_Effnetb0/fold0/checkpoints/train.20.pth",
    0.7633812448235526,
    {
      "epoch_lwlrap": 0.7633812448235526,
      "loss": 0.025616787189963776,
      "lwlrap": 0.7636373885950156
    }
  ],
  "epoch_20": [
    "out/113_112_Effnetb0/fold0/checkpoints/train.21.pth",
    0.8004521867021868,
    {
      "epoch_lwlrap": 0.8004521867021868,
      "loss": 0.023915887769797573,
      "lwlrap": 0.8007988305595128
    }
  ],
  "epoch_21": [
    "out/113_112_Effnetb0/fold0/checkpoints/train.22.pth",
    0.8154902042402044,
    {
      "epoch_lwlrap": 0.8154902042402044,
      "loss": 0.022421651118593254,
      "lwlrap": 0.8155507560434035
    }
  ],
  "epoch_22": [
    "out/113_112_Effnetb0/fold0/checkpoints/train.23.pth",
    0.822246780996781,
    {
      "epoch_lwlrap": 0.822246780996781,
      "loss": 0.02130779834545177,
      "lwlrap": 0.8226134356915523
    }
  ],
  "epoch_23": [
    "out/113_112_Effnetb0/fold0/checkpoints/train.24.pth",
    0.8234065934065935,
    {
      "epoch_lwlrap": 0.8234065934065935,
      "loss": 0.022277611863648468,
      "lwlrap": 0.8238967021070155
    }
  ],
  "epoch_24": [
    "out/113_112_Effnetb0/fold0/checkpoints/train.25.pth",
    0.8106640437239985,
    {
      "epoch_lwlrap": 0.8106640437239985,
      "loss": 0.02150780436667529,
      "lwlrap": 0.8110162591408956
    }
  ],
  "epoch_25": [
    "out/113_112_Effnetb0/fold0/checkpoints/train.26.pth",
    0.8475683504529659,
    {
      "epoch_lwlrap": 0.8475683504529659,
      "loss": 0.02061556596235324,
      "lwlrap": 0.8477132390854623
    }
  ],
  "epoch_26": [
    "out/113_112_Effnetb0/fold0/checkpoints/train.27.pth",
    0.8700503663003663,
    {
      "epoch_lwlrap": 0.8700503663003663,
      "loss": 0.017210637060962177,
      "lwlrap": 0.8699993138308509
    }
  ],
  "epoch_27": [
    "out/113_112_Effnetb0/fold0/checkpoints/train.28.pth",
    0.846106201490817,
    {
      "epoch_lwlrap": 0.846106201490817,
      "loss": 0.019677143705927803,
      "lwlrap": 0.8465712899201899
    }
  ],
  "epoch_28": [
    "out/113_112_Effnetb0/fold0/checkpoints/train.29.pth",
    0.8673018648018649,
    {
      "epoch_lwlrap": 0.8673018648018649,
      "loss": 0.020251568436269234,
      "lwlrap": 0.8673942782561087
    }
  ],
  "epoch_29": [
    "out/113_112_Effnetb0/fold0/checkpoints/train.30.pth",
    0.8546520146520147,
    {
      "epoch_lwlrap": 0.8546520146520147,
      "loss": 0.019019892299363735,
      "lwlrap": 0.8546644401548346
    }
  ],
  "epoch_30": [
    "out/113_112_Effnetb0/fold0/checkpoints/train.31.pth",
    0.8551373626373626,
    {
      "epoch_lwlrap": 0.8551373626373626,
      "loss": 0.019163088527003765,
      "lwlrap": 0.8551800359891454
    }
  ],
  "epoch_31": [
    "out/113_112_Effnetb0/fold0/checkpoints/train.32.pth",
    0.8656089743589743,
    {
      "epoch_lwlrap": 0.8656089743589743,
      "loss": 0.01860716701908545,
      "lwlrap": 0.865725347456093
    }
  ],
  "epoch_32": [
    "out/113_112_Effnetb0/fold0/checkpoints/train.33.pth",
    0.8644350521273598,
    {
      "epoch_lwlrap": 0.8644350521273598,
      "loss": 0.018873235792392796,
      "lwlrap": 0.8643383636386811
    }
  ],