{
    "best": {
        "lwlrap": 0.8104481034838178,
        "loss": 0.26066795736551285,
        "epoch": 48
    },
    "last": {
        "lwlrap": 0.7751894732251875,
        "loss": 0.3378258304936545,
        "epoch": 55
    },
    "epoch_1": {
        "lwlrap": 0.2775299685571689,
        "loss": 0.15870541759899684
    },
    "epoch_2": {
        "lwlrap": 0.40541170765324896,
        "loss": 0.14547538065484591
    },
    "epoch_3": {
        "lwlrap": 0.4180344244187676,
        "loss": 0.14742438335503852
    },
    "epoch_4": {
        "lwlrap": 0.5135634702598988,
        "loss": 0.13768074661493301
    },
    "epoch_5": {
        "lwlrap": 0.5980948020233734,
        "loss": 0.11891377717256546
    },
    "epoch_6": {
        "lwlrap": 0.7125512780869924,
        "loss": 0.12034952959844045
    },
    "epoch_7": {
        "lwlrap": 0.7054792558048859,
        "loss": 0.12696740137679235
    },
    "epoch_8": {
        "lwlrap": 0.7407091321377036,
        "loss": 0.10625389750514712
    },
    "epoch_9": {
        "lwlrap": 0.7491156462585034,
        "loss": 0.1138605640402862
    },
    "epoch_10": {
        "lwlrap": 0.7737868480725623,
        "loss": 0.10676089461360659
    },
    "epoch_11": {
        "lwlrap": 0.7871201814058957,
        "loss": 0.10655765341860908
    },
    "epoch_12": {
        "lwlrap": 0.7924773242630385,
        "loss": 0.10460835854922022
    },
    "epoch_13": {
        "lwlrap": 0.7669642857142857,
        "loss": 0.11447348285998617
    },
    "epoch_14": {
        "lwlrap": 0.7525623582766439,
        "loss": 0.12392065088663783
    },
    "epoch_15": {
        "lwlrap": 0.6343809266130693,
        "loss": 0.14155510067939758
    },
    "epoch_16": {
        "lwlrap": 0.6595127293341578,
        "loss": 0.15856107803327696
    },
    "epoch_17": {
        "lwlrap": 0.6761559431464893,
        "loss": 0.19572976976633072
    },
    "epoch_18": {
        "lwlrap": 0.6465275428353159,
        "loss": 0.15623880177736282
    },
    "epoch_19": {
        "lwlrap": 0.7256566944959801,
        "loss": 0.12897109666040965
    },
    "epoch_20": {
        "lwlrap": 0.7088678880643166,
        "loss": 0.11332708011780467
    },
    "epoch_21": {
        "lwlrap": 0.7075708616780045,
        "loss": 0.1317375147981303
    },
    "epoch_22": {
        "lwlrap": 0.7348635095063667,
        "loss": 0.2029573087181364
    },
    "epoch_23": {
        "lwlrap": 0.7225085034013605,
        "loss": 0.15172487923077174
    },
    "epoch_24": {
        "lwlrap": 0.7879251700680272,
        "loss": 0.17486097823296273
    },
    "epoch_25": {
        "lwlrap": 0.7617151102865387,
        "loss": 0.1983835840863841
    },
    "epoch_26": {
        "lwlrap": 0.7736933106575964,
        "loss": 0.19787553990525858
    },
    "epoch_27": {
        "lwlrap": 0.7708199069101325,
        "loss": 0.21155853516289166
    },
    "epoch_28": {
        "lwlrap": 0.796704260651629,
        "loss": 0.2236943319439888
    },
    "epoch_29": {
        "lwlrap": 0.8002765348563667,
        "loss": 0.22827082393424852
    },
    "epoch_30": {
        "lwlrap": 0.8016555864770151,
        "loss": 0.22941948367016657
    },
    "epoch_31": {
        "lwlrap": 0.799107400535972,
        "loss": 0.23161454126238823
    },
    "epoch_32": {
        "lwlrap": 0.7935572562358275,
        "loss": 0.2319950514606067
    },
    "epoch_33": {
        "lwlrap": 0.793781436817151,
        "loss": 0.22716318336980684
    },
    "epoch_34": {
        "lwlrap": 0.789350728636443,
        "loss": 0.2766163173530783
    },
    "epoch_35": {
        "lwlrap": 0.7366278819219995,
        "loss": 0.2532784417271614
    },
    "epoch_36": {
        "lwlrap": 0.7599570469213326,
        "loss": 0.29325576978070395
    },
    "epoch_37": {
        "lwlrap": 0.768543599257885,
        "loss": 0.2538786397448608
    },
    "epoch_38": {
        "lwlrap": 0.7076082251082251,
        "loss": 0.21411478838750295
    },
    "epoch_39": {
        "lwlrap": 0.7498809523809523,
        "loss": 0.1807867991072791
    },
    "epoch_40": {
        "lwlrap": 0.6697442402000672,
        "loss": 0.19535982821668899
    },
    "epoch_41": {
        "lwlrap": 0.7096060090702947,
        "loss": 0.1640895110155855
    },
    "epoch_42": {
        "lwlrap": 0.734092970521542,
        "loss": 0.18922682904771396
    },
    "epoch_43": {
        "lwlrap": 0.8037797619047619,
        "loss": 0.2376876553254468
    },
    "epoch_44": {
        "lwlrap": 0.7493339002267573,
        "loss": 0.20265808116112435
    },
    "epoch_45": {
        "lwlrap": 0.7895299938157081,
        "loss": 0.23451856789844377
    },
    "epoch_46": {
        "lwlrap": 0.784829931972789,
        "loss": 0.2997817343899182
    },
    "epoch_47": {
        "lwlrap": 0.7974886621315194,
        "loss": 0.27197415488106863
    },
    "epoch_48": {
        "lwlrap": 0.8104481034838178,
        "loss": 0.26066795736551285
    },
    "epoch_49": {
        "lwlrap": 0.7979792826221397,
        "loss": 0.2517658637038299
    },
    "epoch_50": {
        "lwlrap": 0.7996969696969697,
        "loss": 0.24779450680528367
    },
    "epoch_51": {
        "lwlrap": 0.8094444444444444,
        "loss": 0.26932215690612793
    },
    "epoch_52": {
        "lwlrap": 0.8067460317460317,
        "loss": 0.26252518434609684
    },
    "epoch_53": {
        "lwlrap": 0.8034722222222221,
        "loss": 0.26629304194024633
    },
    "epoch_54": {
        "lwlrap": 0.7736531920460492,
        "loss": 0.27847094727413996
    },
    "epoch_55": {
        "lwlrap": 0.7751894732251875,
        "loss": 0.3378258304936545
    }
}