{
    "best": {
        "lwlrap": 0.8058201058201058,
        "loss": 0.9504136700521816,
        "epoch": 50
    },
    "last": {
        "lwlrap": 0.8058201058201058,
        "loss": 0.9504136700521816,
        "epoch": 50
    },
    "epoch_1": {
        "lwlrap": 0.18616606008486924,
        "loss": 0.8439182801680132
    },
    "epoch_2": {
        "lwlrap": 0.22066098433456086,
        "loss": 0.722893778573383
    },
    "epoch_3": {
        "lwlrap": 0.2654825708185514,
        "loss": 0.7679976373910904
    },
    "epoch_4": {
        "lwlrap": 0.2798866167592331,
        "loss": 0.7617228017611937
    },
    "epoch_5": {
        "lwlrap": 0.3388333871142908,
        "loss": 0.8554915907708082
    },
    "epoch_6": {
        "lwlrap": 0.35254331152163965,
        "loss": 0.80393316664479
    },
    "epoch_7": {
        "lwlrap": 0.4009439054046897,
        "loss": 0.7582550766793165
    },
    "epoch_8": {
        "lwlrap": 0.3793855994491342,
        "loss": 0.7501936514269222
    },
    "epoch_9": {
        "lwlrap": 0.39908867221147926,
        "loss": 0.7327746776017275
    },
    "epoch_10": {
        "lwlrap": 0.402968911530315,
        "loss": 0.7383297478610819
    },
    "epoch_11": {
        "lwlrap": 0.40620132907645806,
        "loss": 0.7361727709119971
    },
    "epoch_12": {
        "lwlrap": 0.4077816420097122,
        "loss": 0.7304397482763637
    },
    "epoch_13": {
        "lwlrap": 0.4271493643382188,
        "loss": 0.7439643103968013
    },
    "epoch_14": {
        "lwlrap": 0.3756335922610432,
        "loss": 0.7726244980638678
    },
    "epoch_15": {
        "lwlrap": 0.3810351948246685,
        "loss": 0.7271073121916164
    },
    "epoch_16": {
        "lwlrap": 0.37264124328830206,
        "loss": 0.7755160575563257
    },
    "epoch_17": {
        "lwlrap": 0.40664560006465605,
        "loss": 0.7440523898059671
    },
    "epoch_18": {
        "lwlrap": 0.3957739062718423,
        "loss": 0.7443621239878915
    },
    "epoch_19": {
        "lwlrap": 0.42066164037010273,
        "loss": 0.7998924133452502
    },
    "epoch_20": {
        "lwlrap": 0.49492109079621976,
        "loss": 0.8629761094396765
    },
    "epoch_21": {
        "lwlrap": 0.5258768965239553,
        "loss": 0.6997187340801413
    },
    "epoch_22": {
        "lwlrap": 0.5169917464525308,
        "loss": 0.8302208984440024
    },
    "epoch_23": {
        "lwlrap": 0.5813444597609358,
        "loss": 0.6901837722821669
    },
    "epoch_24": {
        "lwlrap": 0.6290216283353539,
        "loss": 0.8157435059547424
    },
    "epoch_25": {
        "lwlrap": 0.6247600666351957,
        "loss": 0.8509631536223672
    },
    "epoch_26": {
        "lwlrap": 0.711901394901395,
        "loss": 0.7873161868615584
    },
    "epoch_27": {
        "lwlrap": 0.6884794464794465,
        "loss": 0.9823767149990256
    },
    "epoch_28": {
        "lwlrap": 0.7467372134038801,
        "loss": 0.9968966299837286
    },
    "epoch_29": {
        "lwlrap": 0.7688961038961039,
        "loss": 0.9509123468940909
    },
    "epoch_30": {
        "lwlrap": 0.7721069340016709,
        "loss": 0.9578130407766863
    },
    "epoch_31": {
        "lwlrap": 0.7765954701568737,
        "loss": 0.953841737725518
    },
    "epoch_32": {
        "lwlrap": 0.7674688644688645,
        "loss": 0.9366789893670515
    },
    "epoch_33": {
        "lwlrap": 0.7738353723571115,
        "loss": 0.9278431954708967
    },
    "epoch_34": {
        "lwlrap": 0.7535844997729055,
        "loss": 0.9553988034074957
    },
    "epoch_35": {
        "lwlrap": 0.7438598025068613,
        "loss": 0.9181266318668019
    },
    "epoch_36": {
        "lwlrap": 0.7294061163008532,
        "loss": 0.8650317747484554
    },
    "epoch_37": {
        "lwlrap": 0.7234577521244188,
        "loss": 0.8012045594778928
    },
    "epoch_38": {
        "lwlrap": 0.652774537735322,
        "loss": 1.006687268614769
    },
    "epoch_39": {
        "lwlrap": 0.6721344581344582,
        "loss": 0.7479986304586584
    },
    "epoch_40": {
        "lwlrap": 0.6410772513931082,
        "loss": 0.9040463905442845
    },
    "epoch_41": {
        "lwlrap": 0.6570505459452828,
        "loss": 0.8674630604007028
    },
    "epoch_42": {
        "lwlrap": 0.7122075350212606,
        "loss": 0.6689574352719567
    },
    "epoch_43": {
        "lwlrap": 0.7293904613904614,
        "loss": 1.0583570897579193
    },
    "epoch_44": {
        "lwlrap": 0.7925361552028218,
        "loss": 1.1279881284995512
    },
    "epoch_45": {
        "lwlrap": 0.7616404437018471,
        "loss": 0.9060457497835159
    },
    "epoch_46": {
        "lwlrap": 0.7946566951566951,
        "loss": 1.069151451641863
    },
    "epoch_47": {
        "lwlrap": 0.76168948335615,
        "loss": 1.0929784964431415
    },
    "epoch_48": {
        "lwlrap": 0.8017669244335911,
        "loss": 0.992320950735699
    },
    "epoch_49": {
        "lwlrap": 0.8006349206349206,
        "loss": 0.9556939358061011
    },
    "epoch_50": {
        "lwlrap": 0.8058201058201058,
        "loss": 0.9504136700521816
    }
}