{
  "best": {
    "epoch_lwlrap": 0.8646725266375072,
    "lwlrap": 0.8653423061933601,
    "loss": 0.21750541775428245
  },
  "last": {
    "epoch_lwlrap": 0.8269937648099126,
    "lwlrap": 0.8282056529398617,
    "loss": 0.25767091897663863
  },
  "train.49": {
    "epoch_lwlrap": 0.8646725266375072,
    "lwlrap": 0.8653423061933601,
    "loss": 0.21750541775428245
  },
  "epoch_0": [
    "out/072_ResNest_focal_55_epoch_RandomCrop_additional_label/fold1/checkpoints/train.1.pth",
    0.19873066881983958,
    {
      "epoch_lwlrap": 0.19873066881983958,
      "lwlrap": 0.19703028604567313,
      "loss": 0.6561502949983107
    }
  ],
  "epoch_1": [
    "out/072_ResNest_focal_55_epoch_RandomCrop_additional_label/fold1/checkpoints/train.2.pth",
    0.258134235086224,
    {
      "epoch_lwlrap": 0.258134235086224,
      "lwlrap": 0.2569828040931463,
      "loss": 0.5716287702292293
    }
  ],
  "epoch_2": [
    "out/072_ResNest_focal_55_epoch_RandomCrop_additional_label/fold1/checkpoints/train.3.pth",
    0.3076120319522468,
    {
      "epoch_lwlrap": 0.3076120319522468,
      "lwlrap": 0.30750446944073817,
      "loss": 0.5665403541713585
    }
  ],
  "epoch_3": [
    "out/072_ResNest_focal_55_epoch_RandomCrop_additional_label/fold1/checkpoints/train.4.pth",
    0.41731673530728086,
    {
      "epoch_lwlrap": 0.41731673530728086,
      "lwlrap": 0.41709894660010616,
      "loss": 0.5183738294571647
    }
  ],
  "epoch_4": [
    "out/072_ResNest_focal_55_epoch_RandomCrop_additional_label/fold1/checkpoints/train.5.pth",
    0.46123828924793997,
    {
      "epoch_lwlrap": 0.46123828924793997,
      "lwlrap": 0.46068433912553614,
      "loss": 0.4910553642268512
    }
  ],
  "epoch_5": [
    "out/072_ResNest_focal_55_epoch_RandomCrop_additional_label/fold1/checkpoints/train.6.pth",
    0.5559050591262485,
    {
      "epoch_lwlrap": 0.5559050591262485,
      "lwlrap": 0.5577406121640917,
      "loss": 0.43854596714673927
    }
  ],
  "epoch_6": [
    "out/072_ResNest_focal_55_epoch_RandomCrop_additional_label/fold1/checkpoints/train.7.pth",
    0.5647153460049116,
    {
      "epoch_lwlrap": 0.5647153460049116,
      "lwlrap": 0.5652475675460444,
      "loss": 0.44006931736208577
    }
  ],
  "epoch_7": [
    "out/072_ResNest_focal_55_epoch_RandomCrop_additional_label/fold1/checkpoints/train.8.pth",
    0.6380570264021328,
    {
      "epoch_lwlrap": 0.6380570264021328,
      "lwlrap": 0.6406789347266748,
      "loss": 0.3959154015405108
    }
  ],
  "epoch_8": [
    "out/072_ResNest_focal_55_epoch_RandomCrop_additional_label/fold1/checkpoints/train.9.pth",
    0.64205548055132,
    {
      "epoch_lwlrap": 0.64205548055132,
      "lwlrap": 0.6431752656973612,
      "loss": 0.37148125364202805
    }
  ],
  "epoch_9": [
    "out/072_ResNest_focal_55_epoch_RandomCrop_additional_label/fold1/checkpoints/train.10.pth",
    0.6640785043784345,
    {
      "epoch_lwlrap": 0.6640785043784345,
      "lwlrap": 0.6660387940961452,
      "loss": 0.3633526353869339
    }
  ],
  "epoch_10": [
    "out/072_ResNest_focal_55_epoch_RandomCrop_additional_label/fold1/checkpoints/train.11.pth",
    0.6594200686799108,
    {
      "epoch_lwlrap": 0.6594200686799108,
      "lwlrap": 0.6611962401021031,
      "loss": 0.36283524666723116
    }
  ],
  "epoch_11": [
    "out/072_ResNest_focal_55_epoch_RandomCrop_additional_label/fold1/checkpoints/train.12.pth",
    0.6636282226509727,
    {
      "epoch_lwlrap": 0.6636282226509727,
      "lwlrap": 0.6658408322060567,
      "loss": 0.35860569847901824
    }
  ],
  "epoch_12": [
    "out/072_ResNest_focal_55_epoch_RandomCrop_additional_label/fold1/checkpoints/train.13.pth",
    0.6486217747481692,
    {
      "epoch_lwlrap": 0.6486217747481692,
      "lwlrap": 0.649814523983932,
      "loss": 0.35917922756370013
    }
  ],
  "epoch_13": [
    "out/072_ResNest_focal_55_epoch_RandomCrop_additional_label/fold1/checkpoints/train.14.pth",
    0.6951820776309775,
    {
      "epoch_lwlrap": 0.6951820776309775,
      "lwlrap": 0.6966462535549185,
      "loss": 0.34481281636362643
    }
  ],
  "epoch_14": [
    "out/072_ResNest_focal_55_epoch_RandomCrop_additional_label/fold1/checkpoints/train.15.pth",
    0.6286480575239041,
    {
      "epoch_lwlrap": 0.6286480575239041,
      "lwlrap": 0.6302454796156651,
      "loss": 0.3836584030175454
    }
  ],
  "epoch_15": [
    "out/072_ResNest_focal_55_epoch_RandomCrop_additional_label/fold1/checkpoints/train.16.pth",
    0.6129266212969107,
    {
      "epoch_lwlrap": 0.6129266212969107,
      "lwlrap": 0.6155095340022363,
      "loss": 0.3981226856980304
    }
  ],
  "epoch_16": [
    "out/072_ResNest_focal_55_epoch_RandomCrop_additional_label/fold1/checkpoints/train.17.pth",
    0.5935832003218927,
    {
      "epoch_lwlrap": 0.5935832003218927,
      "lwlrap": 0.59209456564491,
      "loss": 0.45881800511749765
    }
  ],
  "epoch_17": [
    "out/072_ResNest_focal_55_epoch_RandomCrop_additional_label/fold1/checkpoints/train.18.pth",
    0.638695343685463,
    {
      "epoch_lwlrap": 0.638695343685463,
      "lwlrap": 0.6368882069045754,
      "loss": 0.4256418235538092
    }
  ],
  "epoch_18": [
    "out/072_ResNest_focal_55_epoch_RandomCrop_additional_label/fold1/checkpoints/train.19.pth",
    0.6750049516008998,
    {
      "epoch_lwlrap": 0.6750049516008998,
      "lwlrap": 0.675722688850222,
      "loss": 0.37174503222954725
    }
  ],
  "epoch_19": [
    "out/072_ResNest_focal_55_epoch_RandomCrop_additional_label/fold1/checkpoints/train.20.pth",
    0.6873337654040336,
    {
      "epoch_lwlrap": 0.6873337654040336,
      "lwlrap": 0.6865241649500475,
      "loss": 0.3637897929813665
    }
  ],
  "epoch_20": [
    "out/072_ResNest_focal_55_epoch_RandomCrop_additional_label/fold1/checkpoints/train.21.pth",
    0.7063221131800899,
    {
      "epoch_lwlrap": 0.7063221131800899,
      "lwlrap": 0.7073111277577582,
      "loss": 0.3663747588431923
    }
  ],
  "epoch_21": [
    "out/072_ResNest_focal_55_epoch_RandomCrop_additional_label/fold1/checkpoints/train.22.pth",
    0.7488235361761912,
    {
      "epoch_lwlrap": 0.7488235361761912,
      "lwlrap": 0.7479980801645127,
      "loss": 0.3098283747069342
    }
  ],
  "epoch_22": [
    "out/072_ResNest_focal_55_epoch_RandomCrop_additional_label/fold1/checkpoints/train.23.pth",
    0.7253064547071892,
    {
      "epoch_lwlrap": 0.7253064547071892,
      "lwlrap": 0.7260780111343896,
      "loss": 0.33520124775403043
    }
  ],
  "epoch_23": [
    "out/072_ResNest_focal_55_epoch_RandomCrop_additional_label/fold1/checkpoints/train.24.pth",
    0.8106115627561205,
    {
      "epoch_lwlrap": 0.8106115627561205,
      "lwlrap": 0.8115242959558853,
      "loss": 0.2543032618729171
    }
  ],
  "epoch_24": [
    "out/072_ResNest_focal_55_epoch_RandomCrop_additional_label/fold1/checkpoints/train.25.pth",
    0.7880850117961014,
    {
      "epoch_lwlrap": 0.7880850117961014,
      "lwlrap": 0.7904873888682441,
      "loss": 0.27573568525703385
    }
  ],
  "epoch_25": [
    "out/072_ResNest_focal_55_epoch_RandomCrop_additional_label/fold1/checkpoints/train.26.pth",
    0.8371864185201048,
    {
      "epoch_lwlrap": 0.8371864185201048,
      "lwlrap": 0.8378190276456459,
      "loss": 0.23965831833742077
    }
  ],
  "epoch_26": [
    "out/072_ResNest_focal_55_epoch_RandomCrop_additional_label/fold1/checkpoints/train.27.pth",
    0.8385942316861864,
    {
      "epoch_lwlrap": 0.8385942316861864,
      "lwlrap": 0.83967528358664,
      "loss": 0.23099437459991315
    }
  ],
  "epoch_27": [
    "out/072_ResNest_focal_55_epoch_RandomCrop_additional_label/fold1/checkpoints/train.28.pth",
    0.8388791472677946,
    {
      "epoch_lwlrap": 0.8388791472677946,
      "lwlrap": 0.8405391764768495,
      "loss": 0.22788276210620417
    }
  ],
  "epoch_28": [
    "out/072_ResNest_focal_55_epoch_RandomCrop_additional_label/fold1/checkpoints/train.29.pth",
    0.8412225156374276,
    {
      "epoch_lwlrap": 0.8412225156374276,