{
    "best": {
        "lwlrap": 0.8432131185807656,
        "loss": 0.24147945269942284,
        "epoch": 52
    },
    "last": {
        "lwlrap": 0.7876767159855396,
        "loss": 0.2802655260477747,
        "epoch": 55
    },
    "epoch_1": {
        "lwlrap": 0.19874520950166968,
        "loss": 0.5562905711787087
    },
    "epoch_2": {
        "lwlrap": 0.26243030587001553,
        "loss": 0.5429247277123588
    },
    "epoch_3": {
        "lwlrap": 0.3094286465370967,
        "loss": 0.4973567532641547
    },
    "epoch_4": {
        "lwlrap": 0.3722777338591853,
        "loss": 0.4648800960608891
    },
    "epoch_5": {
        "lwlrap": 0.362999388804758,
        "loss": 0.46514201377119335
    },
    "epoch_6": {
        "lwlrap": 0.4347921645086274,
        "loss": 0.4382668563297817
    },
    "epoch_7": {
        "lwlrap": 0.47076360321109134,
        "loss": 0.4186854213476181
    },
    "epoch_8": {
        "lwlrap": 0.45522832400514657,
        "loss": 0.4245919649090086
    },
    "epoch_9": {
        "lwlrap": 0.47267056063275464,
        "loss": 0.40169425095830646
    },
    "epoch_10": {
        "lwlrap": 0.4821386413566403,
        "loss": 0.39430164439337595
    },
    "epoch_11": {
        "lwlrap": 0.48068863919297034,
        "loss": 0.3954429158142635
    },
    "epoch_12": {
        "lwlrap": 0.4958079173420928,
        "loss": 0.38896478499685017
    },
    "epoch_13": {
        "lwlrap": 0.5079247182451635,
        "loss": 0.38202897352831705
    },
    "epoch_14": {
        "lwlrap": 0.5285263703483636,
        "loss": 0.3873357730252402
    },
    "epoch_15": {
        "lwlrap": 0.5328656380371688,
        "loss": 0.37182818140302387
    },
    "epoch_16": {
        "lwlrap": 0.49677815045746665,
        "loss": 0.4299003141266959
    },
    "epoch_17": {
        "lwlrap": 0.5314994184724198,
        "loss": 0.4123625712735312
    },
    "epoch_18": {
        "lwlrap": 0.5198186218261064,
        "loss": 0.4053923508950642
    },
    "epoch_19": {
        "lwlrap": 0.5569358745829334,
        "loss": 0.38088810443878174
    },
    "epoch_20": {
        "lwlrap": 0.5626408240839811,
        "loss": 0.37930830887385775
    },
    "epoch_21": {
        "lwlrap": 0.5933282718886435,
        "loss": 0.4034257744039808
    },
    "epoch_22": {
        "lwlrap": 0.6184576877398826,
        "loss": 0.356031345469611
    },
    "epoch_23": {
        "lwlrap": 0.6307191874990318,
        "loss": 0.3340929427317211
    },
    "epoch_24": {
        "lwlrap": 0.6841951213274743,
        "loss": 0.3375494969742639
    },
    "epoch_25": {
        "lwlrap": 0.7011324731912967,
        "loss": 0.29596251994371414
    },
    "epoch_26": {
        "lwlrap": 0.6739515250544663,
        "loss": 0.30026192111628397
    },
    "epoch_27": {
        "lwlrap": 0.7616731579966873,
        "loss": 0.2952357285789081
    },
    "epoch_28": {
        "lwlrap": 0.7775328565769741,
        "loss": 0.2708169477326529
    },
    "epoch_29": {
        "lwlrap": 0.774294061058767,
        "loss": 0.2651963063648769
    },
    "epoch_30": {
        "lwlrap": 0.7781084656084656,
        "loss": 0.2650850638747215
    },
    "epoch_31": {
        "lwlrap": 0.7750661375661376,
        "loss": 0.2664819870676313
    },
    "epoch_32": {
        "lwlrap": 0.7735237529355177,
        "loss": 0.2624553367495537
    },
    "epoch_33": {
        "lwlrap": 0.7805240103034221,
        "loss": 0.26681818280901226
    },
    "epoch_34": {
        "lwlrap": 0.7738036881419235,
        "loss": 0.27571344482047216
    },
    "epoch_35": {
        "lwlrap": 0.758625116713352,
        "loss": 0.28184832100357327
    },
    "epoch_36": {
        "lwlrap": 0.7304001145912911,
        "loss": 0.2989411268915449
    },
    "epoch_37": {
        "lwlrap": 0.7293343094813682,
        "loss": 0.2986944041081837
    },
    "epoch_38": {
        "lwlrap": 0.7224692654839713,
        "loss": 0.3248910733631679
    },
    "epoch_39": {
        "lwlrap": 0.6901155285346462,
        "loss": 0.3078811264463833
    },
    "epoch_40": {
        "lwlrap": 0.7024098314539491,
        "loss": 0.32939419788973673
    },
    "epoch_41": {
        "lwlrap": 0.5551441477912067,
        "loss": 0.3876319761787142
    },
    "epoch_42": {
        "lwlrap": 0.6918693234869706,
        "loss": 0.34156428809676853
    },
    "epoch_43": {
        "lwlrap": 0.7327969638147656,
        "loss": 0.32039390930107664
    },
    "epoch_44": {
        "lwlrap": 0.7581213040771865,
        "loss": 0.2728472352027893
    },
    "epoch_45": {
        "lwlrap": 0.7853436775069902,
        "loss": 0.2647312900849751
    },
    "epoch_46": {
        "lwlrap": 0.7698821195144724,
        "loss": 0.30177542035068783
    },
    "epoch_47": {
        "lwlrap": 0.794718720821662,
        "loss": 0.26464366912841797
    },
    "epoch_48": {
        "lwlrap": 0.8216250389044506,
        "loss": 0.2560327611863613
    },
    "epoch_49": {
        "lwlrap": 0.8310120843209079,
        "loss": 0.24680862416114127
    },
    "epoch_50": {
        "lwlrap": 0.8325491093873447,
        "loss": 0.24228519893118314
    },
    "epoch_51": {
        "lwlrap": 0.8355588447500213,
        "loss": 0.24361756816506386
    },
    "epoch_52": {
        "lwlrap": 0.8432131185807656,
        "loss": 0.24147945269942284
    },
    "epoch_53": {
        "lwlrap": 0.8355551311433664,
        "loss": 0.24589649907180242
    },
    "epoch_54": {
        "lwlrap": 0.824146047307812,
        "loss": 0.24925111500280245
    },
    "epoch_55": {
        "lwlrap": 0.7876767159855396,
        "loss": 0.2802655260477747
    }
}