{
    "high": {
        "score": 0.9485792349726776,
        "score_class": [
            0.9888888888888889,
            0.0,
            0.0,
            0.0,
            0.0,
            0.9222222222222223,
            0.0,
            0.9557823129251701,
            0.0,
            0.0,
            0.9042553191489363,
            0.0,
            0.0,
            0.0,
            0.0,
            0.0,
            0.0,
            0.0,
            0.0,
            0.0,
            0.0,
            0.0,
            0.96875,
            0.9523206751054852
        ],
        "weight": [
            0.14754098360655737,
            0.0,
            0.0,
            0.0,
            0.0,
            0.14754098360655737,
            0.0,
            0.16065573770491803,
            0.0,
            0.0,
            0.1540983606557377,
            0.0,
            0.0,
            0.0,
            0.0,
            0.0,
            0.0,
            0.0,
            0.0,
            0.0,
            0.0,
            0.0,
            0.13114754098360656,
            0.25901639344262295
        ]
    },
    "low": {
        "score": 0.834589025464938,
        "score_class": [
            0.0,
            0.8169537318473488,
            0.8964285714285715,
            0.4567622287010041,
            0.8354437229437227,
            0.0,
            0.8206521739130435,
            0.0,
            0.865079365079365,
            0.9354838709677419,
            0.9698581560283689,
            0.9124205581652391,
            0.7921985815602837,
            0.9113475177304964,
            0.8705673758865249,
            0.7290372670807453,
            0.9700854700854702,
            0.8683333333333333,
            0.6783687943262411,
            0.9239316239316241,
            0.9117647058823529,
            0.8257407407407409,
            0.0,
            0.0
        ],
        "weight": [
            0.0,
            0.057177615571776155,
            0.0340632603406326,
            0.05961070559610705,
            0.0535279805352798,
            0.0,
            0.05596107055961071,
            0.0,
            0.051094890510948905,
            0.037712895377128956,
            0.057177615571776155,
            0.057177615571776155,
            0.057177615571776155,
            0.057177615571776155,
            0.057177615571776155,
            0.05596107055961071,
            0.04744525547445255,
            0.06082725060827251,
            0.057177615571776155,
            0.04744525547445255,
            0.0413625304136253,
            0.05474452554744526,
            0.0,
            0.0
        ]
    },
    "all": {
        "score": 0.7986097226074006,
        "score_class": [
            0.7703703703703704,
            0.809582911178656,
            0.7472943722943723,
            0.4202500047638102,
            0.8368055555555555,
            0.8296296296296297,
            0.8007246376811593,
            0.637964416535845,
            0.853174603174603,
            0.9086021505376344,
            0.8705673758865248,
            0.8605008653160949,
            0.7347517730496453,
            0.9042553191489362,
            0.8656028368794327,
            0.6460403726708075,
            0.9700854700854702,
            0.8258571428571428,
            0.6275075987841945,
            0.8974358974358976,
            0.8725490196078431,
            0.8201851851851851,
            0.8564393939393937,
            0.8705344585091419
        ],
        "weight": [
            0.041666666666666664,
            0.04351851851851852,
            0.025925925925925925,
            0.04537037037037037,
            0.040740740740740744,
            0.041666666666666664,
            0.04259259259259259,
            0.04537037037037037,
            0.03888888888888889,
            0.028703703703703703,
            0.04351851851851852,
            0.04351851851851852,
            0.04351851851851852,
            0.04351851851851852,
            0.04351851851851852,
            0.04259259259259259,
            0.03611111111111111,
            0.046296296296296294,
            0.04351851851851852,
            0.03611111111111111,
            0.03148148148148148,
            0.041666666666666664,
            0.037037037037037035,
            0.07314814814814814
        ]
    }
}