{
    "best": {
        "lwlrap": 0.8575910847931574,
        "loss": 0.08631174431906806,
        "epoch": 12
    },
    "last": {
        "lwlrap": 0.8507494089100307,
        "loss": 0.09841847088601854,
        "epoch": 50
    },
    "epoch_1": {
        "lwlrap": 0.26322117211387974,
        "loss": 0.3116667502456241
    },
    "epoch_2": {
        "lwlrap": 0.40942601499215336,
        "loss": 0.16190827223989698
    },
    "epoch_3": {
        "lwlrap": 0.5244668301731297,
        "loss": 0.1431355426708857
    },
    "epoch_4": {
        "lwlrap": 0.5561085143986697,
        "loss": 0.17181329098012713
    },
    "epoch_5": {
        "lwlrap": 0.6521158741570522,
        "loss": 0.12687478876776165
    },
    "epoch_6": {
        "lwlrap": 0.756221412439029,
        "loss": 0.10520618822839525
    },
    "epoch_7": {
        "lwlrap": 0.7678470493237333,
        "loss": 0.10569529649284151
    },
    "epoch_8": {
        "lwlrap": 0.843327987498972,
        "loss": 0.0889216090242068
    },
    "epoch_9": {
        "lwlrap": 0.8515091701620199,
        "loss": 0.08694642864995533
    },
    "epoch_10": {
        "lwlrap": 0.8483140060860268,
        "loss": 0.08667731947369045
    },
    "epoch_11": {
        "lwlrap": 0.8525084299695698,
        "loss": 0.08681325448883905
    },
    "epoch_12": {
        "lwlrap": 0.8575910847931574,
        "loss": 0.08631174431906806
    },
    "epoch_13": {
        "lwlrap": 0.8476827864133565,
        "loss": 0.08926339157753521
    },
    "epoch_14": {
        "lwlrap": 0.8353356488071514,
        "loss": 0.09025712725188997
    },
    "epoch_15": {
        "lwlrap": 0.8143847804469566,
        "loss": 0.09121347218751907
    },
    "epoch_16": {
        "lwlrap": 0.6329089951499278,
        "loss": 0.14194809065924752
    },
    "epoch_17": {
        "lwlrap": 0.677295247845385,
        "loss": 0.12696978863742617
    },
    "epoch_18": {
        "lwlrap": 0.5439010175371042,
        "loss": 0.1733262770705753
    },
    "epoch_19": {
        "lwlrap": 0.7722554934990168,
        "loss": 0.1126315767566363
    },
    "epoch_20": {
        "lwlrap": 0.8264248704663213,
        "loss": 0.09299118899636799
    },
    "epoch_21": {
        "lwlrap": 0.7834092792642016,
        "loss": 0.1018337176905738
    },
    "epoch_22": {
        "lwlrap": 0.8169091558987932,
        "loss": 0.09364784177806643
    },
    "epoch_23": {
        "lwlrap": 0.8108720603958336,
        "loss": 0.10765711880392498
    },
    "epoch_24": {
        "lwlrap": 0.8252919647997368,
        "loss": 0.10152053501870897
    },
    "epoch_25": {
        "lwlrap": 0.8298509345166316,
        "loss": 0.09371360391378403
    },
    "epoch_26": {
        "lwlrap": 0.843351186809736,
        "loss": 0.08819426347812016
    },
    "epoch_27": {
        "lwlrap": 0.8336287366499191,
        "loss": 0.09220459726121691
    },
    "epoch_28": {
        "lwlrap": 0.8327737194736584,
        "loss": 0.09497813880443573
    },
    "epoch_29": {
        "lwlrap": 0.8286018931287142,
        "loss": 0.09686148166656494
    },
    "epoch_30": {
        "lwlrap": 0.8342928343118834,
        "loss": 0.09681585513883167
    },
    "epoch_31": {
        "lwlrap": 0.8381387509168673,
        "loss": 0.09698509756061766
    },
    "epoch_32": {
        "lwlrap": 0.8298655884567192,
        "loss": 0.09787910762760374
    },
    "epoch_33": {
        "lwlrap": 0.8375250080103784,
        "loss": 0.09707460304101308
    },
    "epoch_34": {
        "lwlrap": 0.8457011109213182,
        "loss": 0.09901407940520181
    },
    "epoch_35": {
        "lwlrap": 0.8371912291372821,
        "loss": 0.09761475109391743
    },
    "epoch_36": {
        "lwlrap": 0.8429223769897345,
        "loss": 0.09896781626674864
    },
    "epoch_37": {
        "lwlrap": 0.7691243650859622,
        "loss": 0.11088587840398152
    },
    "epoch_38": {
        "lwlrap": 0.8332359824130625,
        "loss": 0.08774875435564253
    },
    "epoch_39": {
        "lwlrap": 0.8073894585552617,
        "loss": 0.09810050990846422
    },
    "epoch_40": {
        "lwlrap": 0.8120774734764372,
        "loss": 0.1001386402381791
    },
    "epoch_41": {
        "lwlrap": 0.7828687144749321,
        "loss": 0.10466555340422525
    },
    "epoch_42": {
        "lwlrap": 0.836152232913891,
        "loss": 0.09942952874634
    },
    "epoch_43": {
        "lwlrap": 0.7705154035236327,
        "loss": 0.12410043428341548
    },
    "epoch_44": {
        "lwlrap": 0.8114853195164076,
        "loss": 0.09520641052060658
    },
    "epoch_45": {
        "lwlrap": 0.8379188981292,
        "loss": 0.09355607546038097
    },
    "epoch_46": {
        "lwlrap": 0.8476997430618742,
        "loss": 0.09850846976041794
    },
    "epoch_47": {
        "lwlrap": 0.8462368564953606,
        "loss": 0.0952350687649515
    },
    "epoch_48": {
        "lwlrap": 0.8547389256654323,
        "loss": 0.09607957303524017
    },
    "epoch_49": {
        "lwlrap": 0.850733084444002,
        "loss": 0.09819711786177424
    },
    "epoch_50": {
        "lwlrap": 0.8507494089100307,
        "loss": 0.09841847088601854
    }
}