{
    "best": {
        "lwlrap": 0.9781420765027322,
        "loss": 0.03127387512682213,
        "epoch": 54
    },
    "last": {
        "lwlrap": 0.9672131147540983,
        "loss": 0.02591808712868779,
        "epoch": 55
    },
    "epoch_1": {
        "lwlrap": 0.5448087431693989,
        "loss": 0.05769513726786331
    },
    "epoch_2": {
        "lwlrap": 0.7101092896174863,
        "loss": 0.03798246870024337
    },
    "epoch_3": {
        "lwlrap": 0.6740437158469945,
        "loss": 0.03542468538162885
    },
    "epoch_4": {
        "lwlrap": 0.7606557377049179,
        "loss": 0.04720776314260783
    },
    "epoch_5": {
        "lwlrap": 0.9180327868852458,
        "loss": 0.04341513587644807
    },
    "epoch_6": {
        "lwlrap": 0.8114754098360655,
        "loss": 0.031192872630156302
    },
    "epoch_7": {
        "lwlrap": 0.9275956284153006,
        "loss": 0.02933362674795919
    },
    "epoch_8": {
        "lwlrap": 0.9494535519125682,
        "loss": 0.028577936640768138
    },
    "epoch_9": {
        "lwlrap": 0.9453551912568307,
        "loss": 0.028824918230788574
    },
    "epoch_10": {
        "lwlrap": 0.959016393442623,
        "loss": 0.02838292583409283
    },
    "epoch_11": {
        "lwlrap": 0.9672131147540983,
        "loss": 0.028369559138944303
    },
    "epoch_12": {
        "lwlrap": 0.9672131147540983,
        "loss": 0.028537159371707175
    },
    "epoch_13": {
        "lwlrap": 0.9426229508196722,
        "loss": 0.028517366145496017
    },
    "epoch_14": {
        "lwlrap": 0.9508196721311475,
        "loss": 0.029204913164937386
    },
    "epoch_15": {
        "lwlrap": 0.9207650273224044,
        "loss": 0.03583559769861124
    },
    "epoch_16": {
        "lwlrap": 0.9180327868852458,
        "loss": 0.034891037856815035
    },
    "epoch_17": {
        "lwlrap": 0.9254098360655737,
        "loss": 0.03823696549429938
    },
    "epoch_18": {
        "lwlrap": 0.4912568306010928,
        "loss": 0.173462148337556
    },
    "epoch_19": {
        "lwlrap": 0.7502732240437158,
        "loss": 0.04877818006746195
    },
    "epoch_20": {
        "lwlrap": 0.8278688524590163,
        "loss": 0.030366458723114595
    },
    "epoch_21": {
        "lwlrap": 0.8893442622950819,
        "loss": 0.026234711330659962
    },
    "epoch_22": {
        "lwlrap": 0.9562841530054644,
        "loss": 0.028068360036101053
    },
    "epoch_23": {
        "lwlrap": 0.8431693989071039,
        "loss": 0.033374619799562626
    },
    "epoch_24": {
        "lwlrap": 0.9699453551912567,
        "loss": 0.02615882943953491
    },
    "epoch_25": {
        "lwlrap": 0.9672131147540983,
        "loss": 0.032054845726600396
    },
    "epoch_26": {
        "lwlrap": 0.971311475409836,
        "loss": 0.032892165843535354
    },
    "epoch_27": {
        "lwlrap": 0.9535519125683058,
        "loss": 0.02924450795614609
    },
    "epoch_28": {
        "lwlrap": 0.9726775956284153,
        "loss": 0.03042910225620424
    },
    "epoch_29": {
        "lwlrap": 0.9562841530054644,
        "loss": 0.03390101269232454
    },
    "epoch_30": {
        "lwlrap": 0.96448087431694,
        "loss": 0.031760711809275324
    },
    "epoch_31": {
        "lwlrap": 0.96448087431694,
        "loss": 0.031873044920050435
    },
    "epoch_32": {
        "lwlrap": 0.9644808743169399,
        "loss": 0.031482103651527454
    },
    "epoch_33": {
        "lwlrap": 0.9508196721311475,
        "loss": 0.030760097463994666
    },
    "epoch_34": {
        "lwlrap": 0.9617486338797814,
        "loss": 0.028305911170146254
    },
    "epoch_35": {
        "lwlrap": 0.903551912568306,
        "loss": 0.03843035281601327
    },
    "epoch_36": {
        "lwlrap": 0.9672131147540983,
        "loss": 0.033521099102303935
    },
    "epoch_37": {
        "lwlrap": 0.9590163934426229,
        "loss": 0.02646616487591355
    },
    "epoch_38": {
        "lwlrap": 0.8196721311475409,
        "loss": 0.03179103087771822
    },
    "epoch_39": {
        "lwlrap": 0.8196721311475409,
        "loss": 0.03960176633188018
    },
    "epoch_40": {
        "lwlrap": 0.8166666666666667,
        "loss": 0.030678741254464344
    },
    "epoch_41": {
        "lwlrap": 0.8229508196721311,
        "loss": 0.0317489848713632
    },
    "epoch_42": {
        "lwlrap": 0.9234972677595628,
        "loss": 0.03309084766509908
    },
    "epoch_43": {
        "lwlrap": 0.9193989071038251,
        "loss": 0.024982796628373088
    },
    "epoch_44": {
        "lwlrap": 0.9002732240437158,
        "loss": 0.02726617474453869
    },
    "epoch_45": {
        "lwlrap": 0.9098360655737704,
        "loss": 0.033086053699392964
    },
    "epoch_46": {
        "lwlrap": 0.9617486338797814,
        "loss": 0.029663994727242324
    },
    "epoch_47": {
        "lwlrap": 0.9631147540983607,
        "loss": 0.02701910703305017
    },
    "epoch_48": {
        "lwlrap": 0.9726775956284153,
        "loss": 0.029632450357355452
    },
    "epoch_49": {
        "lwlrap": 0.9672131147540983,
        "loss": 0.03094450073937575
    },
    "epoch_50": {
        "lwlrap": 0.9644808743169399,
        "loss": 0.030003464772124535
    },
    "epoch_51": {
        "lwlrap": 0.9672131147540983,
        "loss": 0.030228118688144064
    },
    "epoch_52": {
        "lwlrap": 0.9754098360655737,
        "loss": 0.029675592435523868
    },
    "epoch_53": {
        "lwlrap": 0.9699453551912568,
        "loss": 0.03332230673792461
    },
    "epoch_54": {
        "lwlrap": 0.9781420765027322,
        "loss": 0.03127387512682213
    },
    "epoch_55": {
        "lwlrap": 0.9672131147540983,
        "loss": 0.02591808712868779
    }
}