{
    "best": {
        "lwlrap": 0.8229210692229724,
        "loss": 0.13261208517683876,
        "epoch": 49
    },
    "last": {
        "lwlrap": 0.797628097584845,
        "loss": 0.13809369338883293,
        "epoch": 55
    },
    "epoch_1": {
        "lwlrap": 0.2663684482659753,
        "loss": 0.3628118369314406
    },
    "epoch_2": {
        "lwlrap": 0.3364101777921724,
        "loss": 0.25177225801679826
    },
    "epoch_3": {
        "lwlrap": 0.3535331213443075,
        "loss": 0.22551849981149039
    },
    "epoch_4": {
        "lwlrap": 0.39853568364605196,
        "loss": 0.22129833035998875
    },
    "epoch_5": {
        "lwlrap": 0.436858794649458,
        "loss": 0.197959303855896
    },
    "epoch_6": {
        "lwlrap": 0.4470732099385806,
        "loss": 0.2023379769590166
    },
    "epoch_7": {
        "lwlrap": 0.5240904323220841,
        "loss": 0.19236907031801012
    },
    "epoch_8": {
        "lwlrap": 0.5419231231731232,
        "loss": 0.18128310806221432
    },
    "epoch_9": {
        "lwlrap": 0.5645154724876087,
        "loss": 0.1748841537369622
    },
    "epoch_10": {
        "lwlrap": 0.5637817764223473,
        "loss": 0.17148635453648037
    },
    "epoch_11": {
        "lwlrap": 0.5779264759721416,
        "loss": 0.17235210206773546
    },
    "epoch_12": {
        "lwlrap": 0.5771365974926346,
        "loss": 0.17554003993670145
    },
    "epoch_13": {
        "lwlrap": 0.5719418733259564,
        "loss": 0.17663014928499857
    },
    "epoch_14": {
        "lwlrap": 0.570991045485673,
        "loss": 0.1699622174104055
    },
    "epoch_15": {
        "lwlrap": 0.561473772687008,
        "loss": 0.17505251367886862
    },
    "epoch_16": {
        "lwlrap": 0.541452503241681,
        "loss": 0.19171452853414747
    },
    "epoch_17": {
        "lwlrap": 0.5131651363729992,
        "loss": 0.21378982067108154
    },
    "epoch_18": {
        "lwlrap": 0.4915177410123686,
        "loss": 0.20188749995496538
    },
    "epoch_19": {
        "lwlrap": 0.5677754001960659,
        "loss": 0.19523038466771445
    },
    "epoch_20": {
        "lwlrap": 0.6013305836135239,
        "loss": 0.1704948428604338
    },
    "epoch_21": {
        "lwlrap": 0.6182800154065634,
        "loss": 0.17610653738180795
    },
    "epoch_22": {
        "lwlrap": 0.5459962715261157,
        "loss": 0.19649643202622732
    },
    "epoch_23": {
        "lwlrap": 0.6301529489029489,
        "loss": 0.17120710677570766
    },
    "epoch_24": {
        "lwlrap": 0.6638173484438965,
        "loss": 0.1604441503683726
    },
    "epoch_25": {
        "lwlrap": 0.7007830404889228,
        "loss": 0.15237688687112597
    },
    "epoch_26": {
        "lwlrap": 0.7441055492309816,
        "loss": 0.15437020195855033
    },
    "epoch_27": {
        "lwlrap": 0.7726793495175848,
        "loss": 0.13509598705503675
    },
    "epoch_28": {
        "lwlrap": 0.7595691005617475,
        "loss": 0.1348453222049607
    },
    "epoch_29": {
        "lwlrap": 0.7927221267294796,
        "loss": 0.13547295166386497
    },
    "epoch_30": {
        "lwlrap": 0.7900389481949079,
        "loss": 0.1355140573448605
    },
    "epoch_31": {
        "lwlrap": 0.7897447868036103,
        "loss": 0.13518766893280876
    },
    "epoch_32": {
        "lwlrap": 0.7914577320827321,
        "loss": 0.1344724115398195
    },
    "epoch_33": {
        "lwlrap": 0.787469132389798,
        "loss": 0.13037403259012434
    },
    "epoch_34": {
        "lwlrap": 0.7815743123405662,
        "loss": 0.135866550107797
    },
    "epoch_35": {
        "lwlrap": 0.7991206185842864,
        "loss": 0.13558429645167458
    },
    "epoch_36": {
        "lwlrap": 0.7422223314007201,
        "loss": 0.1438668891787529
    },
    "epoch_37": {
        "lwlrap": 0.7268385317585144,
        "loss": 0.15050912317302492
    },
    "epoch_38": {
        "lwlrap": 0.6898219674632213,
        "loss": 0.14985574202405083
    },
    "epoch_39": {
        "lwlrap": 0.5806644799799854,
        "loss": 0.18233534362581041
    },
    "epoch_40": {
        "lwlrap": 0.6246880434380435,
        "loss": 0.1841588450802697
    },
    "epoch_41": {
        "lwlrap": 0.5987882167812963,
        "loss": 0.17345975836118063
    },
    "epoch_42": {
        "lwlrap": 0.5910758743719102,
        "loss": 0.18619073265128666
    },
    "epoch_43": {
        "lwlrap": 0.7438002162972569,
        "loss": 0.13451585421959558
    },
    "epoch_44": {
        "lwlrap": 0.7043759365234279,
        "loss": 0.15284057623810238
    },
    "epoch_45": {
        "lwlrap": 0.7140844600648142,
        "loss": 0.15292645659711626
    },
    "epoch_46": {
        "lwlrap": 0.7834289905958317,
        "loss": 0.13917609552542368
    },
    "epoch_47": {
        "lwlrap": 0.8060746851188028,
        "loss": 0.13335856215821373
    },
    "epoch_48": {
        "lwlrap": 0.7960149463825934,
        "loss": 0.13301803668340048
    },
    "epoch_49": {
        "lwlrap": 0.8229210692229724,
        "loss": 0.13261208517683876
    },
    "epoch_50": {
        "lwlrap": 0.8184072735543324,
        "loss": 0.13109557330608368
    },
    "epoch_51": {
        "lwlrap": 0.8117894760628325,
        "loss": 0.13083026227023867
    },
    "epoch_52": {
        "lwlrap": 0.8127246704020061,
        "loss": 0.13025979614920086
    },
    "epoch_53": {
        "lwlrap": 0.8085429384629211,
        "loss": 0.13093213902579415
    },
    "epoch_54": {
        "lwlrap": 0.7951382127420189,
        "loss": 0.13838840358787113
    },
    "epoch_55": {
        "lwlrap": 0.797628097584845,
        "loss": 0.13809369338883293
    }
}