{
    "best": {
        "lwlrap": 0.7724942421413009,
        "loss": 1.1333617947318337,
        "epoch": 28
    },
    "last": {
        "lwlrap": 0.7469183818131186,
        "loss": 1.7789648622274399,
        "epoch": 70
    },
    "epoch_1": {
        "lwlrap": 0.1658528401522748,
        "loss": 0.5089352306994525
    },
    "epoch_2": {
        "lwlrap": 0.18599174333557605,
        "loss": 0.737097978591919
    },
    "epoch_3": {
        "lwlrap": 0.22840021528220927,
        "loss": 0.6703339273279364
    },
    "epoch_4": {
        "lwlrap": 0.26789147522999096,
        "loss": 0.7534544142809781
    },
    "epoch_5": {
        "lwlrap": 0.25440012718071675,
        "loss": 0.7301422276280143
    },
    "epoch_6": {
        "lwlrap": 0.2765758648189213,
        "loss": 0.6539769267494028
    },
    "epoch_7": {
        "lwlrap": 0.29997851127018355,
        "loss": 0.6945504329421304
    },
    "epoch_8": {
        "lwlrap": 0.2960201082724976,
        "loss": 0.6934454183686863
    },
    "epoch_9": {
        "lwlrap": 0.31713188997213315,
        "loss": 0.6712908853184093
    },
    "epoch_10": {
        "lwlrap": 0.3174454776190541,
        "loss": 0.6629236015406522
    },
    "epoch_11": {
        "lwlrap": 0.30996471173890744,
        "loss": 0.6660493314266205
    },
    "epoch_12": {
        "lwlrap": 0.3171130343676223,
        "loss": 0.6620923199436881
    },
    "epoch_13": {
        "lwlrap": 0.3446579872809289,
        "loss": 0.6785606349056418
    },
    "epoch_14": {
        "lwlrap": 0.3464882992757763,
        "loss": 0.6851435303688049
    },
    "epoch_15": {
        "lwlrap": 0.3535541035170191,
        "loss": 0.718816423957998
    },
    "epoch_16": {
        "lwlrap": 0.3359260490360908,
        "loss": 0.9026597291231155
    },
    "epoch_17": {
        "lwlrap": 0.4292071234769893,
        "loss": 0.574645375663584
    },
    "epoch_18": {
        "lwlrap": 0.3669242990756205,
        "loss": 0.6081888750195503
    },
    "epoch_19": {
        "lwlrap": 0.39982703824777677,
        "loss": 0.8731087703596462
    },
    "epoch_20": {
        "lwlrap": 0.5060933436790663,
        "loss": 0.8267514915628866
    },
    "epoch_21": {
        "lwlrap": 0.4924030101114724,
        "loss": 0.6429884338920767
    },
    "epoch_22": {
        "lwlrap": 0.622205428100165,
        "loss": 0.7999058738350868
    },
    "epoch_23": {
        "lwlrap": 0.636989898989899,
        "loss": 0.8002829362045635
    },
    "epoch_24": {
        "lwlrap": 0.651890590890591,
        "loss": 0.853866002776406
    },
    "epoch_25": {
        "lwlrap": 0.6810177970177971,
        "loss": 1.0278347182002934
    },
    "epoch_26": {
        "lwlrap": 0.7176246941464333,
        "loss": 0.8693772107362747
    },
    "epoch_27": {
        "lwlrap": 0.7572717652717653,
        "loss": 0.9960946318778124
    },
    "epoch_28": {
        "lwlrap": 0.7724942421413009,
        "loss": 1.1333617947318337
    },
    "epoch_29": {
        "lwlrap": 0.7609465472798806,
        "loss": 1.0494919351556085
    },
    "epoch_30": {
        "lwlrap": 0.7575610786224821,
        "loss": 1.0786126391454176
    },
    "epoch_31": {
        "lwlrap": 0.7605749166363202,
        "loss": 1.1041428975083611
    },
    "epoch_32": {
        "lwlrap": 0.7516326142992809,
        "loss": 1.1012824739922176
    },
    "epoch_33": {
        "lwlrap": 0.7637539289819992,
        "loss": 1.1477314389564774
    },
    "epoch_34": {
        "lwlrap": 0.7281270167740757,
        "loss": 1.170057426122102
    },
    "epoch_35": {
        "lwlrap": 0.7285513067179734,
        "loss": 1.3088173825632443
    },
    "epoch_36": {
        "lwlrap": 0.7449382716049383,
        "loss": 1.0263832848180423
    },
    "epoch_37": {
        "lwlrap": 0.7019717504717504,
        "loss": 1.0950422490184957
    },
    "epoch_38": {
        "lwlrap": 0.607158127701606,
        "loss": 1.202018385583704
    },
    "epoch_39": {
        "lwlrap": 0.6476162844914135,
        "loss": 0.8121356530623003
    },
    "epoch_40": {
        "lwlrap": 0.7110845450845451,
        "loss": 1.0226090604608709
    },
    "epoch_41": {
        "lwlrap": 0.6998033116980484,
        "loss": 1.0104572041468187
    },
    "epoch_42": {
        "lwlrap": 0.7118824447157781,
        "loss": 1.1350407749414444
    },
    "epoch_43": {
        "lwlrap": 0.7134822523155856,
        "loss": 1.113542307506908
    },
    "epoch_44": {
        "lwlrap": 0.7511729998396666,
        "loss": 1.3938296694647183
    },
    "epoch_45": {
        "lwlrap": 0.7272142857142857,
        "loss": 1.6711982366713611
    },
    "epoch_46": {
        "lwlrap": 0.7362475281026005,
        "loss": 1.5179458897222171
    },
    "epoch_47": {
        "lwlrap": 0.7664542247875581,
        "loss": 1.6423201980915936
    },
    "epoch_48": {
        "lwlrap": 0.7582000200550925,
        "loss": 1.5690472654320977
    },
    "epoch_49": {
        "lwlrap": 0.7511897238563905,
        "loss": 1.6010458631948992
    },
    "epoch_50": {
        "lwlrap": 0.7490521083854418,
        "loss": 1.6234631104902788
    },
    "epoch_51": {
        "lwlrap": 0.7483924963924964,
        "loss": 1.6426893310113386
    },
    "epoch_52": {
        "lwlrap": 0.7483793490460157,
        "loss": 1.6290699677033857
    },
    "epoch_53": {
        "lwlrap": 0.7588781958781958,
        "loss": 1.6586813601580532
    },
    "epoch_54": {
        "lwlrap": 0.7600052910052909,
        "loss": 1.6274380412968723
    },
    "epoch_55": {
        "lwlrap": 0.7478838977786346,
        "loss": 1.626814828677611
    },
    "epoch_56": {
        "lwlrap": 0.7360072150072149,
        "loss": 1.724579319357872
    },
    "epoch_57": {
        "lwlrap": 0.7071747154663204,
        "loss": 1.6694476157426834
    },
    "epoch_58": {
        "lwlrap": 0.7287538572538572,
        "loss": 1.3714892661029643
    },
    "epoch_59": {
        "lwlrap": 0.6746730464429123,
        "loss": 1.0020895491946826
    },
    "epoch_60": {
        "lwlrap": 0.6890469200686592,
        "loss": 1.5058021260933443
    },
    "epoch_61": {
        "lwlrap": 0.715976311537715,
        "loss": 1.6280302649194545
    },
    "epoch_62": {
        "lwlrap": 0.7437410614077281,
        "loss": 1.5027972554618663
    },
    "epoch_63": {
        "lwlrap": 0.6930320500124422,
        "loss": 1.7968739040873267
    },
    "epoch_64": {
        "lwlrap": 0.6832975931113185,
        "loss": 1.4047605327584527
    },
    "epoch_65": {
        "lwlrap": 0.7331610650558018,
        "loss": 1.5752440785819835
    },
    "epoch_66": {
        "lwlrap": 0.7522431149097816,
        "loss": 1.6537352895194835
    },
    "epoch_67": {
        "lwlrap": 0.7457153996101364,
        "loss": 1.8420762392607601
    },
    "epoch_68": {
        "lwlrap": 0.7567151675485009,
        "loss": 1.7813760272481225
    },
    "epoch_69": {
        "lwlrap": 0.7542603731551101,
        "loss": 1.8115428510037335
    },
    "epoch_70": {
        "lwlrap": 0.7469183818131186,
        "loss": 1.7789648622274399
    }
}