{
    "best": {
        "lwlrap": 0.9739583333333334,
        "loss": 0.146440353943035,
        "epoch": 27
    },
    "last": {
        "lwlrap": 0.9661458333333333,
        "loss": 0.12796864588744938,
        "epoch": 50
    },
    "epoch_1": {
        "lwlrap": 0.4486979166666667,
        "loss": 0.40417221561074257
    },
    "epoch_2": {
        "lwlrap": 0.5052083333333333,
        "loss": 0.3812078107148409
    },
    "epoch_3": {
        "lwlrap": 0.53671875,
        "loss": 0.35272098891437054
    },
    "epoch_4": {
        "lwlrap": 0.7283854166666667,
        "loss": 0.3896870631724596
    },
    "epoch_5": {
        "lwlrap": 0.6794270833333333,
        "loss": 0.3473203154280782
    },
    "epoch_6": {
        "lwlrap": 0.7380208333333333,
        "loss": 0.20382477901875973
    },
    "epoch_7": {
        "lwlrap": 0.8059895833333333,
        "loss": 0.1902732653543353
    },
    "epoch_8": {
        "lwlrap": 0.8697916666666667,
        "loss": 0.19045117683708668
    },
    "epoch_9": {
        "lwlrap": 0.859375,
        "loss": 0.16460655257105827
    },
    "epoch_10": {
        "lwlrap": 0.8723958333333334,
        "loss": 0.16518210247159004
    },
    "epoch_11": {
        "lwlrap": 0.875,
        "loss": 0.16427534632384777
    },
    "epoch_12": {
        "lwlrap": 0.8854166666666667,
        "loss": 0.15923314820975065
    },
    "epoch_13": {
        "lwlrap": 0.8932291666666666,
        "loss": 0.16033796197734773
    },
    "epoch_14": {
        "lwlrap": 0.8802083333333334,
        "loss": 0.1880907299928367
    },
    "epoch_15": {
        "lwlrap": 0.8958333333333333,
        "loss": 0.1698022335767746
    },
    "epoch_16": {
        "lwlrap": 0.8263020833333333,
        "loss": 0.22686210181564093
    },
    "epoch_17": {
        "lwlrap": 0.8924479166666667,
        "loss": 0.16424520779401064
    },
    "epoch_18": {
        "lwlrap": 0.9192708333333333,
        "loss": 0.21638537338003516
    },
    "epoch_19": {
        "lwlrap": 0.8109375,
        "loss": 0.20085801742970943
    },
    "epoch_20": {
        "lwlrap": 0.921875,
        "loss": 0.1571627352386713
    },
    "epoch_21": {
        "lwlrap": 0.8270833333333333,
        "loss": 0.2075645038858056
    },
    "epoch_22": {
        "lwlrap": 0.7252604166666666,
        "loss": 0.19887927547097206
    },
    "epoch_23": {
        "lwlrap": 0.8434895833333332,
        "loss": 0.18670267332345247
    },
    "epoch_24": {
        "lwlrap": 0.91015625,
        "loss": 0.20865326095372438
    },
    "epoch_25": {
        "lwlrap": 0.9322916666666666,
        "loss": 0.1564913592301309
    },
    "epoch_26": {
        "lwlrap": 0.96875,
        "loss": 0.1613737193401903
    },
    "epoch_27": {
        "lwlrap": 0.9739583333333334,
        "loss": 0.146440353943035
    },
    "epoch_28": {
        "lwlrap": 0.9661458333333334,
        "loss": 0.14597768103703856
    },
    "epoch_29": {
        "lwlrap": 0.9609375,
        "loss": 0.1473662428325042
    },
    "epoch_30": {
        "lwlrap": 0.9609375,
        "loss": 0.14627236826345325
    },
    "epoch_31": {
        "lwlrap": 0.9583333333333334,
        "loss": 0.15215207892470062
    },
    "epoch_32": {
        "lwlrap": 0.9609375,
        "loss": 0.14756670501083136
    },
    "epoch_33": {
        "lwlrap": 0.9661458333333333,
        "loss": 0.15251931198872626
    },
    "epoch_34": {
        "lwlrap": 0.9453125,
        "loss": 0.18038585560861975
    },
    "epoch_35": {
        "lwlrap": 0.9505208333333334,
        "loss": 0.18888887227512896
    },
    "epoch_36": {
        "lwlrap": 0.9518229166666666,
        "loss": 0.20793049363419414
    },
    "epoch_37": {
        "lwlrap": 0.9739583333333334,
        "loss": 0.17405843175947666
    },
    "epoch_38": {
        "lwlrap": 0.9049479166666667,
        "loss": 0.2147620825562626
    },
    "epoch_39": {
        "lwlrap": 0.9192708333333334,
        "loss": 0.17842180468142033
    },
    "epoch_40": {
        "lwlrap": 0.9505208333333333,
        "loss": 0.14220451610162854
    },
    "epoch_41": {
        "lwlrap": 0.9075520833333333,
        "loss": 0.2999075883999467
    },
    "epoch_42": {
        "lwlrap": 0.828125,
        "loss": 0.3756775911897421
    },
    "epoch_43": {
        "lwlrap": 0.9348958333333333,
        "loss": 0.15702228946611285
    },
    "epoch_44": {
        "lwlrap": 0.9427083333333334,
        "loss": 0.15811727195978165
    },
    "epoch_45": {
        "lwlrap": 0.9453125,
        "loss": 0.14395759301260114
    },
    "epoch_46": {
        "lwlrap": 0.9348958333333333,
        "loss": 0.1501644707750529
    },
    "epoch_47": {
        "lwlrap": 0.953125,
        "loss": 0.14675678545609117
    },
    "epoch_48": {
        "lwlrap": 0.9635416666666666,
        "loss": 0.12732460419647396
    },
    "epoch_49": {
        "lwlrap": 0.9635416666666666,
        "loss": 0.13114463607780635
    },
    "epoch_50": {
        "lwlrap": 0.9661458333333333,
        "loss": 0.12796864588744938
    }
}