{
  "best": {
    "epoch_lwlrap": 0.8760258543009635,
    "loss": 0.018607635361452896,
    "lwlrap": 0.8764169816074577
  },
  "last": {
    "epoch_lwlrap": 0.8725618631732169,
    "loss": 0.019768258887860508,
    "lwlrap": 0.8732768959435626
  },
  "train.48": {
    "epoch_lwlrap": 0.8760258543009635,
    "loss": 0.018607635361452896,
    "lwlrap": 0.8764169816074577
  },
  "epoch_0": [
    "out/119_117_ResNest/fold4/checkpoints/train.1.pth",
    0.2454928599782342,
    {
      "epoch_lwlrap": 0.2454928599782342,
      "loss": 0.05349514832099279,
      "lwlrap": 0.24535744309531934
    }
  ],
  "epoch_1": [
    "out/119_117_ResNest/fold4/checkpoints/train.2.pth",
    0.2613498814898705,
    {
      "epoch_lwlrap": 0.2613498814898705,
      "loss": 0.0499897866613335,
      "lwlrap": 0.26155682418078496
    }
  ],
  "epoch_2": [
    "out/119_117_ResNest/fold4/checkpoints/train.3.pth",
    0.27492684107015203,
    {
      "epoch_lwlrap": 0.27492684107015203,
      "loss": 0.05136704966425895,
      "lwlrap": 0.27540832939126414
    }
  ],
  "epoch_3": [
    "out/119_117_ResNest/fold4/checkpoints/train.4.pth",
    0.3146095873330653,
    {
      "epoch_lwlrap": 0.3146095873330653,
      "loss": 0.049983837289942636,
      "lwlrap": 0.31416180822670087
    }
  ],
  "epoch_4": [
    "out/119_117_ResNest/fold4/checkpoints/train.5.pth",
    0.31057143231034967,
    {
      "epoch_lwlrap": 0.31057143231034967,
      "loss": 0.049337638086742824,
      "lwlrap": 0.3096541696655216
    }
  ],
  "epoch_5": [
    "out/119_117_ResNest/fold4/checkpoints/train.6.pth",
    0.34506665268109415,
    {
      "epoch_lwlrap": 0.34506665268109415,
      "loss": 0.045694712632232244,
      "lwlrap": 0.34464634071361033
    }
  ],
  "epoch_6": [
    "out/119_117_ResNest/fold4/checkpoints/train.7.pth",
    0.3524089725041486,
    {
      "epoch_lwlrap": 0.3524089725041486,
      "loss": 0.04497233240140809,
      "lwlrap": 0.3515855679110074
    }
  ],
  "epoch_7": [
    "out/119_117_ResNest/fold4/checkpoints/train.8.pth",
    0.38448198019685836,
    {
      "epoch_lwlrap": 0.38448198019685836,
      "loss": 0.04306118529703882,
      "lwlrap": 0.38425502127467187
    }
  ],
  "epoch_8": [
    "out/119_117_ResNest/fold4/checkpoints/train.9.pth",
    0.39843369442149834,
    {
      "epoch_lwlrap": 0.39843369442149834,
      "loss": 0.04273098061482112,
      "lwlrap": 0.3983423416556431
    }
  ],
  "epoch_9": [
    "out/119_117_ResNest/fold4/checkpoints/train.10.pth",
    0.4137186136661226,
    {
      "epoch_lwlrap": 0.4137186136661226,
      "loss": 0.04173425990674231,
      "lwlrap": 0.41313162906233175
    }
  ],
  "epoch_10": [
    "out/119_117_ResNest/fold4/checkpoints/train.11.pth",
    0.41670244876529283,
    {
      "epoch_lwlrap": 0.41670244876529283,
      "loss": 0.04199635336796443,
      "lwlrap": 0.41623207618238667
    }
  ],
  "epoch_11": [
    "out/119_117_ResNest/fold4/checkpoints/train.12.pth",
    0.4118370890771744,
    {
      "epoch_lwlrap": 0.4118370890771744,
      "loss": 0.04231492256124814,
      "lwlrap": 0.4114413205466264
    }
  ],
  "epoch_12": [
    "out/119_117_ResNest/fold4/checkpoints/train.13.pth",
    0.42835572328139815,
    {
      "epoch_lwlrap": 0.42835572328139815,
      "loss": 0.04141784393125111,
      "lwlrap": 0.4277151202331245
    }
  ],
  "epoch_13": [
    "out/119_117_ResNest/fold4/checkpoints/train.14.pth",
    0.42286937046194406,
    {
      "epoch_lwlrap": 0.42286937046194406,
      "loss": 0.04211129984921879,
      "lwlrap": 0.42278453779463016
    }
  ],
  "epoch_14": [
    "out/119_117_ResNest/fold4/checkpoints/train.15.pth",
    0.4494784887626275,
    {
      "epoch_lwlrap": 0.4494784887626275,
      "loss": 0.04044713427623113,
      "lwlrap": 0.44886951674092906
    }
  ],
  "epoch_15": [
    "out/119_117_ResNest/fold4/checkpoints/train.16.pth",
    0.4567248107801665,
    {
      "epoch_lwlrap": 0.4567248107801665,
      "loss": 0.04245406165719032,
      "lwlrap": 0.4561849831705107
    }
  ],
  "epoch_16": [
    "out/119_117_ResNest/fold4/checkpoints/train.17.pth",
    0.4568055064779955,
    {
      "epoch_lwlrap": 0.4568055064779955,
      "loss": 0.045690490388207966,
      "lwlrap": 0.45660395336585813
    }
  ],
  "epoch_17": [
    "out/119_117_ResNest/fold4/checkpoints/train.18.pth",
    0.414068207128119,
    {
      "epoch_lwlrap": 0.414068207128119,
      "loss": 0.04957987848255369,
      "lwlrap": 0.413822626140111
    }
  ],
  "epoch_18": [
    "out/119_117_ResNest/fold4/checkpoints/train.19.pth",
    0.4619417757539135,
    {
      "epoch_lwlrap": 0.4619417757539135,
      "loss": 0.05445596343941159,
      "lwlrap": 0.4619998842639203
    }
  ],
  "epoch_19": [
    "out/119_117_ResNest/fold4/checkpoints/train.20.pth",
    0.4932949060756717,
    {
      "epoch_lwlrap": 0.4932949060756717,
      "loss": 0.05055619155367216,
      "lwlrap": 0.4927996207599809
    }
  ],
  "epoch_20": [
    "out/119_117_ResNest/fold4/checkpoints/train.21.pth",
    0.5901317155581542,
    {
      "epoch_lwlrap": 0.5901317155581542,
      "loss": 0.04255091233385934,
      "lwlrap": 0.590437877003058
    }
  ],
  "epoch_21": [
    "out/119_117_ResNest/fold4/checkpoints/train.22.pth",
    0.5399641618335427,
    {
      "epoch_lwlrap": 0.5399641618335427,
      "loss": 0.04463387992646959,
      "lwlrap": 0.5394530854731602
    }
  ],
  "epoch_22": [
    "out/119_117_ResNest/fold4/checkpoints/train.23.pth",
    0.5603310501101071,
    {
      "epoch_lwlrap": 0.5603310501101071,
      "loss": 0.04004196027914683,
      "lwlrap": 0.5604723270379323
    }
  ],
  "epoch_23": [
    "out/119_117_ResNest/fold4/checkpoints/train.24.pth",
    0.665095748501862,
    {
      "epoch_lwlrap": 0.665095748501862,
      "loss": 0.033247325238254334,
      "lwlrap": 0.665585079823175
    }
  ],
  "epoch_24": [
    "out/119_117_ResNest/fold4/checkpoints/train.25.pth",
    0.6751013724266999,
    {
      "epoch_lwlrap": 0.6751013724266999,
      "loss": 0.03220878653228283,
      "lwlrap": 0.6750173427395649
    }
  ],
  "epoch_25": [
    "out/119_117_ResNest/fold4/checkpoints/train.26.pth",
    0.7108337441306873,
    {
      "epoch_lwlrap": 0.7108337441306873,
      "loss": 0.030224784753388828,
      "lwlrap": 0.7107839655934894
    }
  ],
  "epoch_26": [
    "out/119_117_ResNest/fold4/checkpoints/train.27.pth",
    0.7607664291070404,
    {
      "epoch_lwlrap": 0.7607664291070404,
      "loss": 0.02711463881035646,
      "lwlrap": 0.7609291860402971
    }
  ],
  "epoch_27": [
    "out/119_117_ResNest/fold4/checkpoints/train.28.pth",
    0.7877815900741665,
    {
      "epoch_lwlrap": 0.7877815900741665,
      "loss": 0.02514613601896498,
      "lwlrap": 0.7878759553203998
    }
  ],
  "epoch_28": [
    "out/119_117_ResNest/fold4/checkpoints/train.29.pth",
    0.801334461268959,
    {
      "epoch_lwlrap": 0.801334461268959,
      "loss": 0.024511177755064437,
      "lwlrap": 0.8016538934316711
    }
  ],
  "epoch_29": [
    "out/119_117_ResNest/fold4/checkpoints/train.30.pth",
    0.802287535366138,
    {
      "epoch_lwlrap": 0.802287535366138,
      "loss": 0.024296771983305612,
      "lwlrap": 0.8022535406979852
    }
  ],
  "epoch_30": [
    "out/119_117_ResNest/fold4/checkpoints/train.31.pth",
    0.7951013566734091,
    {
      "epoch_lwlrap": 0.7951013566734091,
      "loss": 0.02415423571235604,
      "lwlrap": 0.7953099780877558
    }
  ],
  "epoch_31": [
    "out/119_117_ResNest/fold4/checkpoints/train.32.pth",
    0.7911105754992218,
    {
      "epoch_lwlrap": 0.7911105754992218,
      "loss": 0.024183543978465928,
      "lwlrap": 0.7909219710330821
    }
  ],
  "epoch_32": [
    "out/119_117_ResNest/fold4/checkpoints/train.33.pth",
    0.8016049452730676,
    {
      "epoch_lwlrap": 0.8016049452730676,
      "loss": 0.023862057758702173,
      "lwlrap": 0.8018007741817265
    }
  ],