{
  "best": {
    "epoch_lwlrap": 0.8710029889824715,
    "lwlrap": 0.8717980213150246,
    "loss": 0.07315965374590645
  },
  "last": {
    "epoch_lwlrap": 0.8446341511595747,
    "lwlrap": 0.8452182046647274,
    "loss": 0.07951990063761322
  },
  "train.29": {
    "epoch_lwlrap": 0.8710029889824715,
    "lwlrap": 0.8717980213150246,
    "loss": 0.07315965374590645
  },
  "epoch_0": [
    "out/017_EfficientNetB2/fold0/checkpoints/train.1.pth",
    0.22912802645783908,
    {
      "epoch_lwlrap": 0.22912802645783908,
      "lwlrap": 0.22869444022190816,
      "loss": 0.19509100431287793
    }
  ],
  "epoch_1": [
    "out/017_EfficientNetB2/fold0/checkpoints/train.2.pth",
    0.27924019655105004,
    {
      "epoch_lwlrap": 0.27924019655105004,
      "lwlrap": 0.27640079105172743,
      "loss": 0.2068806187787526
    }
  ],
  "epoch_2": [
    "out/017_EfficientNetB2/fold0/checkpoints/train.3.pth",
    0.47922985146611174,
    {
      "epoch_lwlrap": 0.47922985146611174,
      "lwlrap": 0.48003011590589406,
      "loss": 0.1481068304307024
    }
  ],
  "epoch_3": [
    "out/017_EfficientNetB2/fold0/checkpoints/train.4.pth",
    0.6157673570853767,
    {
      "epoch_lwlrap": 0.6157673570853767,
      "lwlrap": 0.6164592390160601,
      "loss": 0.1270303837430309
    }
  ],
  "epoch_4": [
    "out/017_EfficientNetB2/fold0/checkpoints/train.5.pth",
    0.5250868848556562,
    {
      "epoch_lwlrap": 0.5250868848556562,
      "lwlrap": 0.5243337663457857,
      "loss": 0.14948589113396657
    }
  ],
  "epoch_5": [
    "out/017_EfficientNetB2/fold0/checkpoints/train.6.pth",
    0.6245326754225059,
    {
      "epoch_lwlrap": 0.6245326754225059,
      "lwlrap": 0.6244225792465228,
      "loss": 0.12634675729442651
    }
  ],
  "epoch_6": [
    "out/017_EfficientNetB2/fold0/checkpoints/train.7.pth",
    0.7218254352920606,
    {
      "epoch_lwlrap": 0.7218254352920606,
      "lwlrap": 0.721957987920074,
      "loss": 0.10092480186845217
    }
  ],
  "epoch_7": [
    "out/017_EfficientNetB2/fold0/checkpoints/train.8.pth",
    0.7601856712026203,
    {
      "epoch_lwlrap": 0.7601856712026203,
      "lwlrap": 0.7601847288731092,
      "loss": 0.09559134540843292
    }
  ],
  "epoch_8": [
    "out/017_EfficientNetB2/fold0/checkpoints/train.9.pth",
    0.7702702946770743,
    {
      "epoch_lwlrap": 0.7702702946770743,
      "lwlrap": 0.7707518634425912,
      "loss": 0.09385765721680413
    }
  ],
  "epoch_9": [
    "out/017_EfficientNetB2/fold0/checkpoints/train.10.pth",
    0.785248072521253,
    {
      "epoch_lwlrap": 0.785248072521253,
      "lwlrap": 0.7860964981383077,
      "loss": 0.09018458289579606
    }
  ],
  "epoch_10": [
    "out/017_EfficientNetB2/fold0/checkpoints/train.11.pth",
    0.8025256848880714,
    {
      "epoch_lwlrap": 0.8025256848880714,
      "lwlrap": 0.8038295582740351,
      "loss": 0.08793357948602086
    }
  ],
  "epoch_11": [
    "out/017_EfficientNetB2/fold0/checkpoints/train.12.pth",
    0.8037924034534203,
    {
      "epoch_lwlrap": 0.8037924034534203,
      "lwlrap": 0.8045885261767011,
      "loss": 0.08655902260625867
    }
  ],
  "epoch_12": [
    "out/017_EfficientNetB2/fold0/checkpoints/train.13.pth",
    0.8144787570909205,
    {
      "epoch_lwlrap": 0.8144787570909205,
      "lwlrap": 0.8153217127416243,
      "loss": 0.08483070533880044
    }
  ],
  "epoch_13": [
    "out/017_EfficientNetB2/fold0/checkpoints/train.14.pth",
    0.8234685337925617,
    {
      "epoch_lwlrap": 0.8234685337925617,
      "lwlrap": 0.8254755175147073,
      "loss": 0.08514493483472878
    }
  ],
  "epoch_14": [
    "out/017_EfficientNetB2/fold0/checkpoints/train.15.pth",
    0.8089459975053195,
    {
      "epoch_lwlrap": 0.8089459975053195,
      "lwlrap": 0.8098849049685317,
      "loss": 0.0925124617109836
    }
  ],
  "epoch_15": [
    "out/017_EfficientNetB2/fold0/checkpoints/train.16.pth",
    0.8227306967984934,
    {
      "epoch_lwlrap": 0.8227306967984934,
      "lwlrap": 0.82475538027548,
      "loss": 0.08603717680548278
    }
  ],
  "epoch_16": [
    "out/017_EfficientNetB2/fold0/checkpoints/train.17.pth",
    0.7987665879041752,
    {
      "epoch_lwlrap": 0.7987665879041752,
      "lwlrap": 0.8002077423376357,
      "loss": 0.09295007051296637
    }
  ],
  "epoch_17": [
    "out/017_EfficientNetB2/fold0/checkpoints/train.18.pth",
    0.7712672840065662,
    {
      "epoch_lwlrap": 0.7712672840065662,
      "lwlrap": 0.7722820011324227,
      "loss": 0.09184519883612512
    }
  ],
  "epoch_18": [
    "out/017_EfficientNetB2/fold0/checkpoints/train.19.pth",
    0.787658060640743,
    {
      "epoch_lwlrap": 0.787658060640743,
      "lwlrap": 0.7883171980219208,
      "loss": 0.09234118839384804
    }
  ],
  "epoch_19": [
    "out/017_EfficientNetB2/fold0/checkpoints/train.20.pth",
    0.772746343259278,
    {
      "epoch_lwlrap": 0.772746343259278,
      "lwlrap": 0.7737227568628142,
      "loss": 0.09859809489317344
    }
  ],
  "epoch_20": [
    "out/017_EfficientNetB2/fold0/checkpoints/train.21.pth",
    0.7711018308084716,
    {
      "epoch_lwlrap": 0.7711018308084716,
      "lwlrap": 0.7727407603448435,
      "loss": 0.09610242973750747
    }
  ],
  "epoch_21": [
    "out/017_EfficientNetB2/fold0/checkpoints/train.22.pth",
    0.8124267709138098,
    {
      "epoch_lwlrap": 0.8124267709138098,
      "lwlrap": 0.8126902204721694,
      "loss": 0.08777524153111686
    }
  ],
  "epoch_22": [
    "out/017_EfficientNetB2/fold0/checkpoints/train.23.pth",
    0.8343585980874118,
    {
      "epoch_lwlrap": 0.8343585980874118,
      "lwlrap": 0.8361906889569742,
      "loss": 0.079934235190002
    }
  ],
  "epoch_23": [
    "out/017_EfficientNetB2/fold0/checkpoints/train.24.pth",
    0.8375523501645137,
    {
      "epoch_lwlrap": 0.8375523501645137,
      "lwlrap": 0.8387496331225619,
      "loss": 0.07808391309120286
    }
  ],
  "epoch_24": [
    "out/017_EfficientNetB2/fold0/checkpoints/train.25.pth",
    0.8452512412258175,
    {
      "epoch_lwlrap": 0.8452512412258175,
      "lwlrap": 0.8467293301052105,
      "loss": 0.08405837248748457
    }
  ],
  "epoch_25": [
    "out/017_EfficientNetB2/fold0/checkpoints/train.26.pth",
    0.8565144177856041,
    {
      "epoch_lwlrap": 0.8565144177856041,
      "lwlrap": 0.8583519515360563,
      "loss": 0.07566599107124436
    }
  ],
  "epoch_26": [
    "out/017_EfficientNetB2/fold0/checkpoints/train.27.pth",
    0.8649263965789389,
    {
      "epoch_lwlrap": 0.8649263965789389,
      "lwlrap": 0.8657601956571294,
      "loss": 0.07313323230810569
    }
  ],
  "epoch_27": [
    "out/017_EfficientNetB2/fold0/checkpoints/train.28.pth",
    0.8650638344706141,
    {
      "epoch_lwlrap": 0.8650638344706141,
      "lwlrap": 0.8657951285151988,
      "loss": 0.07368983412292643
    }
  ],
  "epoch_28": [
    "out/017_EfficientNetB2/fold0/checkpoints/train.29.pth",
    0.8710029889824715,
    {
      "epoch_lwlrap": 0.8710029889824715,
      "lwlrap": 0.8717980213150246,
      "loss": 0.07315965374590645
    }
  ],
  "epoch_29": [
    "out/017_EfficientNetB2/fold0/checkpoints/train.30.pth",
    0.8644009098246386,
    {
      "epoch_lwlrap": 0.8644009098246386,
      "lwlrap": 0.8651780950856656,
      "loss": 0.07294067236739146
    }
  ],
  "epoch_30": [
    "out/017_EfficientNetB2/fold0/checkpoints/train.31.pth",
    0.8632732986521621,
    {
      "epoch_lwlrap": 0.8632732986521621,
      "lwlrap": 0.8639965659034113,
      "loss": 0.07286577283496588
    }
  ],
  "epoch_31": [
    "out/017_EfficientNetB2/fold0/checkpoints/train.32.pth",
    0.8641733690038774,
    {
      "epoch_lwlrap": 0.8641733690038774,
      "lwlrap": 0.8649140284923736,
      "loss": 0.07303708130624932
    }
  ],
  "epoch_32": [
    "out/017_EfficientNetB2/fold0/checkpoints/train.33.pth",
    0.8639973585736298,
    {
      "epoch_lwlrap": 0.8639973585736298,
      "lwlrap": 0.8646627344030513,
      "loss": 0.07292162154761839
    }
  ],