{
  "best": {
    "epoch_lwlrap": 0.8572990175729902,
    "loss": 0.2935890163460823,
    "lwlrap": 0.8572990175729901
  },
  "last": {
    "epoch_lwlrap": 0.8463276911705598,
    "loss": 0.29525032898062437,
    "lwlrap": 0.8463276911705598
  },
  "train.49": {
    "epoch_lwlrap": 0.8572990175729902,
    "loss": 0.2935890163460823,
    "lwlrap": 0.8572990175729901
  },
  "epoch_0": [
    "out/082_ResNest_focal_SAM_pitch_shift_change_mel/fold4/checkpoints/train.1.pth",
    0.2588310841084818,
    {
      "epoch_lwlrap": 0.2588310841084818,
      "loss": 0.6312075047732488,
      "lwlrap": 0.2588310841084818
    }
  ],
  "epoch_1": [
    "out/082_ResNest_focal_SAM_pitch_shift_change_mel/fold4/checkpoints/train.2.pth",
    0.3099111028546442,
    {
      "epoch_lwlrap": 0.3099111028546442,
      "loss": 0.580691903693491,
      "lwlrap": 0.3099111028546441
    }
  ],
  "epoch_2": [
    "out/082_ResNest_focal_SAM_pitch_shift_change_mel/fold4/checkpoints/train.3.pth",
    0.31475460424638213,
    {
      "epoch_lwlrap": 0.31475460424638213,
      "loss": 0.5702798254958027,
      "lwlrap": 0.31475460424638213
    }
  ],
  "epoch_3": [
    "out/082_ResNest_focal_SAM_pitch_shift_change_mel/fold4/checkpoints/train.4.pth",
    0.36608756645501755,
    {
      "epoch_lwlrap": 0.36608756645501755,
      "loss": 0.5582416234495433,
      "lwlrap": 0.3660875664550176
    }
  ],
  "epoch_4": [
    "out/082_ResNest_focal_SAM_pitch_shift_change_mel/fold4/checkpoints/train.5.pth",
    0.4222451308926562,
    {
      "epoch_lwlrap": 0.4222451308926562,
      "loss": 0.5354873573399025,
      "lwlrap": 0.4222451308926563
    }
  ],
  "epoch_5": [
    "out/082_ResNest_focal_SAM_pitch_shift_change_mel/fold4/checkpoints/train.6.pth",
    0.5142990224801001,
    {
      "epoch_lwlrap": 0.5142990224801001,
      "loss": 0.4853171581002675,
      "lwlrap": 0.5142990224801003
    }
  ],
  "epoch_6": [
    "out/082_ResNest_focal_SAM_pitch_shift_change_mel/fold4/checkpoints/train.7.pth",
    0.5781145261906744,
    {
      "epoch_lwlrap": 0.5781145261906744,
      "loss": 0.44984635356898717,
      "lwlrap": 0.5781145261906745
    }
  ],
  "epoch_7": [
    "out/082_ResNest_focal_SAM_pitch_shift_change_mel/fold4/checkpoints/train.8.pth",
    0.5911013599168313,
    {
      "epoch_lwlrap": 0.5911013599168313,
      "loss": 0.42617045948494514,
      "lwlrap": 0.5911013599168313
    }
  ],
  "epoch_8": [
    "out/082_ResNest_focal_SAM_pitch_shift_change_mel/fold4/checkpoints/train.9.pth",
    0.6099999695890106,
    {
      "epoch_lwlrap": 0.6099999695890106,
      "loss": 0.41201797563191417,
      "lwlrap": 0.6099999695890107
    }
  ],
  "epoch_9": [
    "out/082_ResNest_focal_SAM_pitch_shift_change_mel/fold4/checkpoints/train.10.pth",
    0.6149749852234054,
    {
      "epoch_lwlrap": 0.6149749852234054,
      "loss": 0.4072216558674155,
      "lwlrap": 0.6149749852234055
    }
  ],
  "epoch_10": [
    "out/082_ResNest_focal_SAM_pitch_shift_change_mel/fold4/checkpoints/train.11.pth",
    0.6204327699190713,
    {
      "epoch_lwlrap": 0.6204327699190713,
      "loss": 0.40451930483726606,
      "lwlrap": 0.6204327699190713
    }
  ],
  "epoch_11": [
    "out/082_ResNest_focal_SAM_pitch_shift_change_mel/fold4/checkpoints/train.12.pth",
    0.621293977458361,
    {
      "epoch_lwlrap": 0.621293977458361,
      "loss": 0.4019789830462573,
      "lwlrap": 0.621293977458361
    }
  ],
  "epoch_12": [
    "out/082_ResNest_focal_SAM_pitch_shift_change_mel/fold4/checkpoints/train.13.pth",
    0.6353215803356818,
    {
      "epoch_lwlrap": 0.6353215803356818,
      "loss": 0.39449412433524106,
      "lwlrap": 0.6353215803356819
    }
  ],
  "epoch_13": [
    "out/082_ResNest_focal_SAM_pitch_shift_change_mel/fold4/checkpoints/train.14.pth",
    0.656568099572076,
    {
      "epoch_lwlrap": 0.656568099572076,
      "loss": 0.397010525203731,
      "lwlrap": 0.6565680995720761
    }
  ],
  "epoch_14": [
    "out/082_ResNest_focal_SAM_pitch_shift_change_mel/fold4/checkpoints/train.15.pth",
    0.6641497011360025,
    {
      "epoch_lwlrap": 0.6641497011360025,
      "loss": 0.38691458582333776,
      "lwlrap": 0.6641497011360025
    }
  ],
  "epoch_15": [
    "out/082_ResNest_focal_SAM_pitch_shift_change_mel/fold4/checkpoints/train.16.pth",
    0.6675638303883407,
    {
      "epoch_lwlrap": 0.6675638303883407,
      "loss": 0.39665768026761267,
      "lwlrap": 0.6675638303883408
    }
  ],
  "epoch_16": [
    "out/082_ResNest_focal_SAM_pitch_shift_change_mel/fold4/checkpoints/train.17.pth",
    0.7520604351530498,
    {
      "epoch_lwlrap": 0.7520604351530498,
      "loss": 0.3372510926092052,
      "lwlrap": 0.7520604351530499
    }
  ],
  "epoch_17": [
    "out/082_ResNest_focal_SAM_pitch_shift_change_mel/fold4/checkpoints/train.18.pth",
    0.7385127873141571,
    {
      "epoch_lwlrap": 0.7385127873141571,
      "loss": 0.3736836612224579,
      "lwlrap": 0.7385127873141573
    }
  ],
  "epoch_18": [
    "out/082_ResNest_focal_SAM_pitch_shift_change_mel/fold4/checkpoints/train.19.pth",
    0.7786762509794656,
    {
      "epoch_lwlrap": 0.7786762509794656,
      "loss": 0.3220138038130111,
      "lwlrap": 0.7786762509794657
    }
  ],
  "epoch_19": [
    "out/082_ResNest_focal_SAM_pitch_shift_change_mel/fold4/checkpoints/train.20.pth",
    0.7803362876542399,
    {
      "epoch_lwlrap": 0.7803362876542399,
      "loss": 0.31901218248828905,
      "lwlrap": 0.7803362876542401
    }
  ],
  "epoch_20": [
    "out/082_ResNest_focal_SAM_pitch_shift_change_mel/fold4/checkpoints/train.21.pth",
    0.7289066060244862,
    {
      "epoch_lwlrap": 0.7289066060244862,
      "loss": 0.36887298830567977,
      "lwlrap": 0.7289066060244863
    }
  ],
  "epoch_21": [
    "out/082_ResNest_focal_SAM_pitch_shift_change_mel/fold4/checkpoints/train.22.pth",
    0.7890808455876948,
    {
      "epoch_lwlrap": 0.7890808455876948,
      "loss": 0.300896555185318,
      "lwlrap": 0.789080845587695
    }
  ],
  "epoch_22": [
    "out/082_ResNest_focal_SAM_pitch_shift_change_mel/fold4/checkpoints/train.23.pth",
    0.7961034526103019,
    {
      "epoch_lwlrap": 0.7961034526103019,
      "loss": 0.2956812648468366,
      "lwlrap": 0.7961034526103019
    }
  ],
  "epoch_23": [
    "out/082_ResNest_focal_SAM_pitch_shift_change_mel/fold4/checkpoints/train.24.pth",
    0.8121615613684827,
    {
      "epoch_lwlrap": 0.8121615613684827,
      "loss": 0.29013163382059903,
      "lwlrap": 0.8121615613684827
    }
  ],
  "epoch_24": [
    "out/082_ResNest_focal_SAM_pitch_shift_change_mel/fold4/checkpoints/train.25.pth",
    0.7993782958047401,
    {
      "epoch_lwlrap": 0.7993782958047401,
      "loss": 0.282241838503646,
      "lwlrap": 0.7993782958047402
    }
  ],
  "epoch_25": [
    "out/082_ResNest_focal_SAM_pitch_shift_change_mel/fold4/checkpoints/train.26.pth",
    0.8295201939466963,
    {
      "epoch_lwlrap": 0.8295201939466963,
      "loss": 0.28056786546151935,
      "lwlrap": 0.8295201939466964
    }
  ],
  "epoch_26": [
    "out/082_ResNest_focal_SAM_pitch_shift_change_mel/fold4/checkpoints/train.27.pth",
    0.8335019958106178,
    {
      "epoch_lwlrap": 0.8335019958106178,
      "loss": 0.2568562829603343,
      "lwlrap": 0.8335019958106179
    }
  ],
  "epoch_27": [
    "out/082_ResNest_focal_SAM_pitch_shift_change_mel/fold4/checkpoints/train.28.pth",
    0.8421526741530769,
    {
      "epoch_lwlrap": 0.8421526741530769,
      "loss": 0.27701242655923924,
      "lwlrap": 0.8421526741530772
    }
  ],
  "epoch_28": [
    "out/082_ResNest_focal_SAM_pitch_shift_change_mel/fold4/checkpoints/train.29.pth",
    0.8457764856536008,
    {
      "epoch_lwlrap": 0.8457764856536008,
      "loss": 0.2692182680515394,
      "lwlrap": 0.845776485653601
    }
  ],
  "epoch_29": [
    "out/082_ResNest_focal_SAM_pitch_shift_change_mel/fold4/checkpoints/train.30.pth",
    0.848569733158774,
    {
      "epoch_lwlrap": 0.848569733158774,
      "loss": 0.2641543452053854,