{
    "best": {
        "lwlrap": 0.9595959595959597,
        "loss": 0.03955265169497579,
        "epoch": 46
    },
    "last": {
        "lwlrap": 0.9242424242424243,
        "loss": 0.038604500819928944,
        "epoch": 50
    },
    "epoch_1": {
        "lwlrap": 0.5409090909090909,
        "loss": 0.08643125905655324
    },
    "epoch_2": {
        "lwlrap": 0.5813131313131313,
        "loss": 0.10944096790626645
    },
    "epoch_3": {
        "lwlrap": 0.5368686868686868,
        "loss": 0.07014365098439157
    },
    "epoch_4": {
        "lwlrap": 0.6921717171717172,
        "loss": 0.07138152979314327
    },
    "epoch_5": {
        "lwlrap": 0.745959595959596,
        "loss": 0.0578591984231025
    },
    "epoch_6": {
        "lwlrap": 0.7962121212121213,
        "loss": 0.053089162916876376
    },
    "epoch_7": {
        "lwlrap": 0.8853535353535353,
        "loss": 0.040223291143774986
    },
    "epoch_8": {
        "lwlrap": 0.8815656565656566,
        "loss": 0.04372793110087514
    },
    "epoch_9": {
        "lwlrap": 0.8853535353535353,
        "loss": 0.039994108374230564
    },
    "epoch_10": {
        "lwlrap": 0.9055555555555556,
        "loss": 0.03976307972334325
    },
    "epoch_11": {
        "lwlrap": 0.9090909090909091,
        "loss": 0.03869194188155234
    },
    "epoch_12": {
        "lwlrap": 0.9078282828282828,
        "loss": 0.03881428739987314
    },
    "epoch_13": {
        "lwlrap": 0.9179292929292929,
        "loss": 0.039763956679962575
    },
    "epoch_14": {
        "lwlrap": 0.8787878787878789,
        "loss": 0.04572163033299148
    },
    "epoch_15": {
        "lwlrap": 0.8611111111111112,
        "loss": 0.0446455292403698
    },
    "epoch_16": {
        "lwlrap": 0.8560606060606061,
        "loss": 0.04749428480863571
    },
    "epoch_17": {
        "lwlrap": 0.7113636363636363,
        "loss": 0.06134751345962286
    },
    "epoch_18": {
        "lwlrap": 0.7224747474747475,
        "loss": 0.061245320132002234
    },
    "epoch_19": {
        "lwlrap": 0.8040404040404041,
        "loss": 0.04602654103655368
    },
    "epoch_20": {
        "lwlrap": 0.8340909090909091,
        "loss": 0.04800049145705998
    },
    "epoch_21": {
        "lwlrap": 0.8308080808080808,
        "loss": 0.05063221894670278
    },
    "epoch_22": {
        "lwlrap": 0.8699494949494949,
        "loss": 0.045547790825366974
    },
    "epoch_23": {
        "lwlrap": 0.9318181818181819,
        "loss": 0.036884969333186746
    },
    "epoch_24": {
        "lwlrap": 0.8651515151515152,
        "loss": 0.03935524576809257
    },
    "epoch_25": {
        "lwlrap": 0.9242424242424243,
        "loss": 0.038999968906864524
    },
    "epoch_26": {
        "lwlrap": 0.9484848484848484,
        "loss": 0.03621126222424209
    },
    "epoch_27": {
        "lwlrap": 0.913131313131313,
        "loss": 0.03926093515474349
    },
    "epoch_28": {
        "lwlrap": 0.9093434343434342,
        "loss": 0.04161241732072085
    },
    "epoch_29": {
        "lwlrap": 0.9118686868686868,
        "loss": 0.03789776505436748
    },
    "epoch_30": {
        "lwlrap": 0.9169191919191918,
        "loss": 0.03772194962948561
    },
    "epoch_31": {
        "lwlrap": 0.9282828282828283,
        "loss": 0.03745946288108826
    },
    "epoch_32": {
        "lwlrap": 0.9244949494949494,
        "loss": 0.03864242206327617
    },
    "epoch_33": {
        "lwlrap": 0.9406565656565656,
        "loss": 0.03675601852592081
    },
    "epoch_34": {
        "lwlrap": 0.913131313131313,
        "loss": 0.039985713083297014
    },
    "epoch_35": {
        "lwlrap": 0.9282828282828283,
        "loss": 0.04054020589683205
    },
    "epoch_36": {
        "lwlrap": 0.945959595959596,
        "loss": 0.0374426047783345
    },
    "epoch_37": {
        "lwlrap": 0.9383838383838383,
        "loss": 0.03506155963987112
    },
    "epoch_38": {
        "lwlrap": 0.8838383838383839,
        "loss": 0.04727615072624758
    },
    "epoch_39": {
        "lwlrap": 0.903030303030303,
        "loss": 0.03754211310297251
    },
    "epoch_40": {
        "lwlrap": 0.8873737373737374,
        "loss": 0.03896102320868522
    },
    "epoch_41": {
        "lwlrap": 0.9383838383838384,
        "loss": 0.04109140392392874
    },
    "epoch_42": {
        "lwlrap": 0.9156565656565656,
        "loss": 0.03430607414338738
    },
    "epoch_43": {
        "lwlrap": 0.9090909090909091,
        "loss": 0.038529624813236296
    },
    "epoch_44": {
        "lwlrap": 0.8964646464646464,
        "loss": 0.040519631234928966
    },
    "epoch_45": {
        "lwlrap": 0.9106060606060606,
        "loss": 0.037474759155884385
    },
    "epoch_46": {
        "lwlrap": 0.9595959595959597,
        "loss": 0.03955265169497579
    },
    "epoch_47": {
        "lwlrap": 0.9078282828282829,
        "loss": 0.038094669580459595
    },
    "epoch_48": {
        "lwlrap": 0.9419191919191919,
        "loss": 0.039207374094985425
    },
    "epoch_49": {
        "lwlrap": 0.9267676767676768,
        "loss": 0.040017328574322164
    },
    "epoch_50": {
        "lwlrap": 0.9242424242424243,
        "loss": 0.038604500819928944
    }
}