{
    "best": {
        "lwlrap": 0.9143939393939394,
        "loss": 0.24457121081650257,
        "epoch": 33
    },
    "last": {
        "lwlrap": 0.9128787878787878,
        "loss": 0.20825822930783033,
        "epoch": 50
    },
    "epoch_1": {
        "lwlrap": 0.6888888888888889,
        "loss": 0.35467655770480633
    },
    "epoch_2": {
        "lwlrap": 0.8085858585858585,
        "loss": 0.27292358689010143
    },
    "epoch_3": {
        "lwlrap": 0.7853535353535354,
        "loss": 0.28857375122606754
    },
    "epoch_4": {
        "lwlrap": 0.7515151515151516,
        "loss": 0.25603287294507027
    },
    "epoch_5": {
        "lwlrap": 0.8487373737373738,
        "loss": 0.28637600131332874
    },
    "epoch_6": {
        "lwlrap": 0.8340909090909091,
        "loss": 0.2424593511968851
    },
    "epoch_7": {
        "lwlrap": 0.8638888888888889,
        "loss": 0.2495660400018096
    },
    "epoch_8": {
        "lwlrap": 0.8744949494949494,
        "loss": 0.21736760716885328
    },
    "epoch_9": {
        "lwlrap": 0.8845959595959596,
        "loss": 0.2440716288983822
    },
    "epoch_10": {
        "lwlrap": 0.877020202020202,
        "loss": 0.24285331647843122
    },
    "epoch_11": {
        "lwlrap": 0.8845959595959596,
        "loss": 0.2413199506700039
    },
    "epoch_12": {
        "lwlrap": 0.8719696969696971,
        "loss": 0.23209205828607082
    },
    "epoch_13": {
        "lwlrap": 0.8573232323232324,
        "loss": 0.25585891120135784
    },
    "epoch_14": {
        "lwlrap": 0.8694444444444445,
        "loss": 0.26961826998740435
    },
    "epoch_15": {
        "lwlrap": 0.8724747474747475,
        "loss": 0.23524809256196022
    },
    "epoch_16": {
        "lwlrap": 0.851010101010101,
        "loss": 0.22687006322667003
    },
    "epoch_17": {
        "lwlrap": 0.767929292929293,
        "loss": 0.3585067451931536
    },
    "epoch_18": {
        "lwlrap": 0.8512626262626263,
        "loss": 0.2383114853873849
    },
    "epoch_19": {
        "lwlrap": 0.694949494949495,
        "loss": 0.31303047202527523
    },
    "epoch_20": {
        "lwlrap": 0.8290404040404041,
        "loss": 0.3162255026400089
    },
    "epoch_21": {
        "lwlrap": 0.8257575757575758,
        "loss": 0.3411172702908516
    },
    "epoch_22": {
        "lwlrap": 0.7957070707070707,
        "loss": 0.5035942792892456
    },
    "epoch_23": {
        "lwlrap": 0.8452020202020203,
        "loss": 0.31657981034368277
    },
    "epoch_24": {
        "lwlrap": 0.8590909090909091,
        "loss": 0.28448824770748615
    },
    "epoch_25": {
        "lwlrap": 0.8421717171717171,
        "loss": 0.37443800549954176
    },
    "epoch_26": {
        "lwlrap": 0.8603535353535354,
        "loss": 0.2813868038356304
    },
    "epoch_27": {
        "lwlrap": 0.8992424242424243,
        "loss": 0.22090885043144226
    },
    "epoch_28": {
        "lwlrap": 0.9141414141414141,
        "loss": 0.21907570585608482
    },
    "epoch_29": {
        "lwlrap": 0.9068181818181819,
        "loss": 0.24589173775166273
    },
    "epoch_30": {
        "lwlrap": 0.8992424242424242,
        "loss": 0.2344684861600399
    },
    "epoch_31": {
        "lwlrap": 0.9068181818181817,
        "loss": 0.23787716962397099
    },
    "epoch_32": {
        "lwlrap": 0.9093434343434343,
        "loss": 0.24238492920994759
    },
    "epoch_33": {
        "lwlrap": 0.9143939393939394,
        "loss": 0.24457121081650257
    },
    "epoch_34": {
        "lwlrap": 0.8939393939393939,
        "loss": 0.27707566134631634
    },
    "epoch_35": {
        "lwlrap": 0.86489898989899,
        "loss": 0.2856863019987941
    },
    "epoch_36": {
        "lwlrap": 0.8613636363636363,
        "loss": 0.2976498678326607
    },
    "epoch_37": {
        "lwlrap": 0.9040404040404041,
        "loss": 0.2699061054736376
    },
    "epoch_38": {
        "lwlrap": 0.820959595959596,
        "loss": 0.3284866362810135
    },
    "epoch_39": {
        "lwlrap": 0.8598484848484848,
        "loss": 0.2565524475648999
    },
    "epoch_40": {
        "lwlrap": 0.9007575757575758,
        "loss": 0.2396014640107751
    },
    "epoch_41": {
        "lwlrap": 0.9065656565656566,
        "loss": 0.3039465481415391
    },
    "epoch_42": {
        "lwlrap": 0.7952020202020202,
        "loss": 0.36994754895567894
    },
    "epoch_43": {
        "lwlrap": 0.8247474747474748,
        "loss": 0.2587965149432421
    },
    "epoch_44": {
        "lwlrap": 0.8613636363636363,
        "loss": 0.3429919686168432
    },
    "epoch_45": {
        "lwlrap": 0.8815656565656566,
        "loss": 0.22355887573212385
    },
    "epoch_46": {
        "lwlrap": 0.8888888888888888,
        "loss": 0.17422685027122498
    },
    "epoch_47": {
        "lwlrap": 0.913131313131313,
        "loss": 0.20567848207429051
    },
    "epoch_48": {
        "lwlrap": 0.8926767676767677,
        "loss": 0.20268142130225897
    },
    "epoch_49": {
        "lwlrap": 0.9030303030303031,
        "loss": 0.21076041646301746
    },
    "epoch_50": {
        "lwlrap": 0.9128787878787878,
        "loss": 0.20825822930783033
    }
}