{
    "best": {
        "lwlrap": 0.8924240484724355,
        "loss": 0.0799512593075633,
        "epoch": 25
    },
    "last": {
        "lwlrap": 0.8645891690009337,
        "loss": 0.08830652572214603,
        "epoch": 50
    },
    "epoch_1": {
        "lwlrap": 0.3245975660056105,
        "loss": 0.1745913326740265
    },
    "epoch_2": {
        "lwlrap": 0.44057998561706246,
        "loss": 0.15985661931335926
    },
    "epoch_3": {
        "lwlrap": 0.5965649317198554,
        "loss": 0.1373626496642828
    },
    "epoch_4": {
        "lwlrap": 0.6417833952613738,
        "loss": 0.13305893633514643
    },
    "epoch_5": {
        "lwlrap": 0.7698070393104348,
        "loss": 0.10647286474704742
    },
    "epoch_6": {
        "lwlrap": 0.774766385048643,
        "loss": 0.10861253179609776
    },
    "epoch_7": {
        "lwlrap": 0.8254992319508448,
        "loss": 0.08762594126164913
    },
    "epoch_8": {
        "lwlrap": 0.8505629078209723,
        "loss": 0.0859424751251936
    },
    "epoch_9": {
        "lwlrap": 0.8621181088923024,
        "loss": 0.08136227447539568
    },
    "epoch_10": {
        "lwlrap": 0.8623271889400921,
        "loss": 0.0806408990174532
    },
    "epoch_11": {
        "lwlrap": 0.8668074756784434,
        "loss": 0.08035772200673819
    },
    "epoch_12": {
        "lwlrap": 0.8691884280593958,
        "loss": 0.08124619536101818
    },
    "epoch_13": {
        "lwlrap": 0.8655081925243215,
        "loss": 0.08383086789399385
    },
    "epoch_14": {
        "lwlrap": 0.8429851510496672,
        "loss": 0.09226037934422493
    },
    "epoch_15": {
        "lwlrap": 0.8025281618023554,
        "loss": 0.10111959371715784
    },
    "epoch_16": {
        "lwlrap": 0.7681184929168801,
        "loss": 0.10529001615941525
    },
    "epoch_17": {
        "lwlrap": 0.7940243448307964,
        "loss": 0.10876079276204109
    },
    "epoch_18": {
        "lwlrap": 0.7669594540325091,
        "loss": 0.12195895612239838
    },
    "epoch_19": {
        "lwlrap": 0.7920183609699739,
        "loss": 0.1026282487437129
    },
    "epoch_20": {
        "lwlrap": 0.7900361903863602,
        "loss": 0.1072127865627408
    },
    "epoch_21": {
        "lwlrap": 0.8193249701314218,
        "loss": 0.1003123689442873
    },
    "epoch_22": {
        "lwlrap": 0.8573715263231392,
        "loss": 0.09296798799186945
    },
    "epoch_23": {
        "lwlrap": 0.8418903527774495,
        "loss": 0.08967348281294107
    },
    "epoch_24": {
        "lwlrap": 0.881336405529954,
        "loss": 0.07728487532585859
    },
    "epoch_25": {
        "lwlrap": 0.8924240484724355,
        "loss": 0.0799512593075633
    },
    "epoch_26": {
        "lwlrap": 0.8680256869773,
        "loss": 0.08206271473318338
    },
    "epoch_27": {
        "lwlrap": 0.8685421806389548,
        "loss": 0.08464386221021414
    },
    "epoch_28": {
        "lwlrap": 0.878692163571196,
        "loss": 0.08761031460016966
    },
    "epoch_29": {
        "lwlrap": 0.8778833845366103,
        "loss": 0.08570795599371195
    },
    "epoch_30": {
        "lwlrap": 0.8805138186186574,
        "loss": 0.08642893563956022
    },
    "epoch_31": {
        "lwlrap": 0.8769295892279763,
        "loss": 0.08583971951156855
    },
    "epoch_32": {
        "lwlrap": 0.8797457694635114,
        "loss": 0.08678963594138622
    },
    "epoch_33": {
        "lwlrap": 0.8764815605541413,
        "loss": 0.08746298961341381
    },
    "epoch_34": {
        "lwlrap": 0.8627677029629491,
        "loss": 0.09223640710115433
    },
    "epoch_35": {
        "lwlrap": 0.8490613329323007,
        "loss": 0.09353424422442913
    },
    "epoch_36": {
        "lwlrap": 0.844011852052649,
        "loss": 0.09877443592995405
    },
    "epoch_37": {
        "lwlrap": 0.8469662655146526,
        "loss": 0.08949115499854088
    },
    "epoch_38": {
        "lwlrap": 0.8035901449207901,
        "loss": 0.09856276772916317
    },
    "epoch_39": {
        "lwlrap": 0.779409747958135,
        "loss": 0.10185502283275127
    },
    "epoch_40": {
        "lwlrap": 0.8074911945879688,
        "loss": 0.11669964995235205
    },
    "epoch_41": {
        "lwlrap": 0.8277049115758792,
        "loss": 0.09725927468389273
    },
    "epoch_42": {
        "lwlrap": 0.839716869152353,
        "loss": 0.09335571900010109
    },
    "epoch_43": {
        "lwlrap": 0.8519249716830362,
        "loss": 0.08799940720200539
    },
    "epoch_44": {
        "lwlrap": 0.8599658576470786,
        "loss": 0.0951917702332139
    },
    "epoch_45": {
        "lwlrap": 0.8783519618939822,
        "loss": 0.08346239710226655
    },
    "epoch_46": {
        "lwlrap": 0.8607686416896942,
        "loss": 0.08883329574018717
    },
    "epoch_47": {
        "lwlrap": 0.8568349586494747,
        "loss": 0.08686319272965193
    },
    "epoch_48": {
        "lwlrap": 0.871499149701237,
        "loss": 0.0889827711507678
    },
    "epoch_49": {
        "lwlrap": 0.8704135417607903,
        "loss": 0.08844766765832901
    },
    "epoch_50": {
        "lwlrap": 0.8645891690009337,
        "loss": 0.08830652572214603
    }
}