{
  "best": {
    "epoch_lwlrap": 0.8322333333333333,
    "loss": 0.027726834910105407,
    "lwlrap": 0.832337983873666
  },
  "last": {
    "epoch_lwlrap": 0.8322333333333333,
    "loss": 0.027726834910105407,
    "lwlrap": 0.832337983873666
  },
  "train.55": {
    "epoch_lwlrap": 0.8322333333333333,
    "loss": 0.027726834910105407,
    "lwlrap": 0.832337983873666
  },
  "epoch_0": [
    "out/127_117_30s/fold3/checkpoints/train.1.pth",
    0.2217942007357743,
    {
      "epoch_lwlrap": 0.2217942007357743,
      "loss": 0.05994079139374901,
      "lwlrap": 0.2223874691725884
    }
  ],
  "epoch_1": [
    "out/127_117_30s/fold3/checkpoints/train.2.pth",
    0.31158209907231305,
    {
      "epoch_lwlrap": 0.31158209907231305,
      "loss": 0.05328905487379419,
      "lwlrap": 0.31260132429360055
    }
  ],
  "epoch_2": [
    "out/127_117_30s/fold3/checkpoints/train.3.pth",
    0.3096494370319111,
    {
      "epoch_lwlrap": 0.3096494370319111,
      "loss": 0.05395875952432676,
      "lwlrap": 0.3100937758328393
    }
  ],
  "epoch_3": [
    "out/127_117_30s/fold3/checkpoints/train.4.pth",
    0.4038497990769494,
    {
      "epoch_lwlrap": 0.4038497990769494,
      "loss": 0.05012311413884163,
      "lwlrap": 0.4050274159124803
    }
  ],
  "epoch_4": [
    "out/127_117_30s/fold3/checkpoints/train.5.pth",
    0.43474067721064624,
    {
      "epoch_lwlrap": 0.43474067721064624,
      "loss": 0.048044230329033766,
      "lwlrap": 0.4358115320776331
    }
  ],
  "epoch_5": [
    "out/127_117_30s/fold3/checkpoints/train.6.pth",
    0.5048758164540773,
    {
      "epoch_lwlrap": 0.5048758164540773,
      "loss": 0.047341883381821,
      "lwlrap": 0.505663557064065
    }
  ],
  "epoch_6": [
    "out/127_117_30s/fold3/checkpoints/train.7.pth",
    0.5057084760784452,
    {
      "epoch_lwlrap": 0.5057084760784452,
      "loss": 0.04696726837337263,
      "lwlrap": 0.5066313588962283
    }
  ],
  "epoch_7": [
    "out/127_117_30s/fold3/checkpoints/train.8.pth",
    0.531664810335863,
    {
      "epoch_lwlrap": 0.531664810335863,
      "loss": 0.0439349692084907,
      "lwlrap": 0.5323995908452666
    }
  ],
  "epoch_8": [
    "out/127_117_30s/fold3/checkpoints/train.9.pth",
    0.533558941866527,
    {
      "epoch_lwlrap": 0.533558941866527,
      "loss": 0.0436315673093001,
      "lwlrap": 0.5345171947999325
    }
  ],
  "epoch_9": [
    "out/127_117_30s/fold3/checkpoints/train.10.pth",
    0.536709084946701,
    {
      "epoch_lwlrap": 0.536709084946701,
      "loss": 0.044267523788498256,
      "lwlrap": 0.537690085335613
    }
  ],
  "epoch_10": [
    "out/127_117_30s/fold3/checkpoints/train.11.pth",
    0.5449979072355233,
    {
      "epoch_lwlrap": 0.5449979072355233,
      "loss": 0.04335050283329477,
      "lwlrap": 0.5460430282733841
    }
  ],
  "epoch_11": [
    "out/127_117_30s/fold3/checkpoints/train.12.pth",
    0.5383395783095473,
    {
      "epoch_lwlrap": 0.5383395783095473,
      "loss": 0.04449051207720988,
      "lwlrap": 0.5392649860918489
    }
  ],
  "epoch_12": [
    "out/127_117_30s/fold3/checkpoints/train.13.pth",
    0.5514122761998923,
    {
      "epoch_lwlrap": 0.5514122761998923,
      "loss": 0.04299747360555968,
      "lwlrap": 0.5523669198178704
    }
  ],
  "epoch_13": [
    "out/127_117_30s/fold3/checkpoints/train.14.pth",
    0.5652368033067723,
    {
      "epoch_lwlrap": 0.5652368033067723,
      "loss": 0.041439732237730495,
      "lwlrap": 0.5662182401953334
    }
  ],
  "epoch_14": [
    "out/127_117_30s/fold3/checkpoints/train.15.pth",
    0.6006060140342748,
    {
      "epoch_lwlrap": 0.6006060140342748,
      "loss": 0.039618805073845534,
      "lwlrap": 0.6012463647111533
    }
  ],
  "epoch_15": [
    "out/127_117_30s/fold3/checkpoints/train.16.pth",
    0.6021954561778091,
    {
      "epoch_lwlrap": 0.6021954561778091,
      "loss": 0.037264281469914645,
      "lwlrap": 0.6021975692999869
    }
  ],
  "epoch_16": [
    "out/127_117_30s/fold3/checkpoints/train.17.pth",
    0.6478653656800716,
    {
      "epoch_lwlrap": 0.6478653656800716,
      "loss": 0.03803425606478144,
      "lwlrap": 0.6480862436964722
    }
  ],
  "epoch_17": [
    "out/127_117_30s/fold3/checkpoints/train.18.pth",
    0.6783294962347594,
    {
      "epoch_lwlrap": 0.6783294962347594,
      "loss": 0.030374210327863693,
      "lwlrap": 0.6786374695198244
    }
  ],
  "epoch_18": [
    "out/127_117_30s/fold3/checkpoints/train.19.pth",
    0.6622647417941536,
    {
      "epoch_lwlrap": 0.6622647417941536,
      "loss": 0.03336144763010519,
      "lwlrap": 0.6620613173709841
    }
  ],
  "epoch_19": [
    "out/127_117_30s/fold3/checkpoints/train.20.pth",
    0.7129170607170607,
    {
      "epoch_lwlrap": 0.7129170607170607,
      "loss": 0.02983559244178205,
      "lwlrap": 0.7129645206798532
    }
  ],
  "epoch_20": [
    "out/127_117_30s/fold3/checkpoints/train.21.pth",
    0.7244619491619491,
    {
      "epoch_lwlrap": 0.7244619491619491,
      "loss": 0.03217892851603866,
      "lwlrap": 0.7246174080729794
    }
  ],
  "epoch_21": [
    "out/127_117_30s/fold3/checkpoints/train.22.pth",
    0.7505046469869999,
    {
      "epoch_lwlrap": 0.7505046469869999,
      "loss": 0.02916668658240587,
      "lwlrap": 0.750195503325572
    }
  ],
  "epoch_22": [
    "out/127_117_30s/fold3/checkpoints/train.23.pth",
    0.7488527950310558,
    {
      "epoch_lwlrap": 0.7488527950310558,
      "loss": 0.02794744973090083,
      "lwlrap": 0.7488751121269701
    }
  ],
  "epoch_23": [
    "out/127_117_30s/fold3/checkpoints/train.24.pth",
    0.7740668831168831,
    {
      "epoch_lwlrap": 0.7740668831168831,
      "loss": 0.028552423066501756,
      "lwlrap": 0.7737664443992143
    }
  ],
  "epoch_24": [
    "out/127_117_30s/fold3/checkpoints/train.25.pth",
    0.7744444444444444,
    {
      "epoch_lwlrap": 0.7744444444444444,
      "loss": 0.027306616835204172,
      "lwlrap": 0.7747479544306375
    }
  ],
  "epoch_25": [
    "out/127_117_30s/fold3/checkpoints/train.26.pth",
    0.8004142857142857,
    {
      "epoch_lwlrap": 0.8004142857142857,
      "loss": 0.02523567560876225,
      "lwlrap": 0.8004974869602564
    }
  ],
  "epoch_26": [
    "out/127_117_30s/fold3/checkpoints/train.27.pth",
    0.810315873015873,
    {
      "epoch_lwlrap": 0.810315873015873,
      "loss": 0.023752249990026526,
      "lwlrap": 0.8099327963199286
    }
  ],
  "epoch_27": [
    "out/127_117_30s/fold3/checkpoints/train.28.pth",
    0.8073847374847375,
    {
      "epoch_lwlrap": 0.8073847374847375,
      "loss": 0.02403456170050573,
      "lwlrap": 0.8073383525556566
    }
  ],
  "epoch_28": [
    "out/127_117_30s/fold3/checkpoints/train.29.pth",
    0.8054619304671936,
    {
      "epoch_lwlrap": 0.8054619304671936,
      "loss": 0.023828060994760245,
      "lwlrap": 0.8053627596538999
    }
  ],
  "epoch_29": [
    "out/127_117_30s/fold3/checkpoints/train.30.pth",
    0.8076799755799756,
    {
      "epoch_lwlrap": 0.8076799755799756,
      "loss": 0.02292526453357849,
      "lwlrap": 0.8073594624081426
    }
  ],
  "epoch_30": [
    "out/127_117_30s/fold3/checkpoints/train.31.pth",
    0.807297827903091,
    {
      "epoch_lwlrap": 0.807297827903091,
      "loss": 0.023604868694664643,
      "lwlrap": 0.8072492722815835
    }
  ],
  "epoch_31": [
    "out/127_117_30s/fold3/checkpoints/train.32.pth",
    0.8031301844354476,
    {
      "epoch_lwlrap": 0.8031301844354476,
      "loss": 0.02420558701863382,
      "lwlrap": 0.8028677875162498
    }
  ],
  "epoch_32": [
    "out/127_117_30s/fold3/checkpoints/train.33.pth",
    0.8064311612364243,
    {
      "epoch_lwlrap": 0.8064311612364243,
      "loss": 0.024286015304150404,
      "lwlrap": 0.8062898494010525
    }
  ],
  "epoch_33": [
    "out/127_117_30s/fold3/checkpoints/train.34.pth",
    0.8186396825396824,
    {
      "epoch_lwlrap": 0.8186396825396824,
      "loss": 0.02392988083232577,
      "lwlrap": 0.8187019485323209
    }
  ],