{
  "best": {
    "epoch_lwlrap": 0.8850418261990315,
    "loss": 0.01654800745762057,
    "lwlrap": 0.8850268402966814
  },
  "last": {
    "epoch_lwlrap": 0.8569435780134471,
    "loss": 0.02041553103675445,
    "lwlrap": 0.8570340975896531
  },
  "train.32": {
    "epoch_lwlrap": 0.8850418261990315,
    "loss": 0.01654800745762057,
    "lwlrap": 0.8850268402966814
  },
  "epoch_0": [
    "out/117_116_10sec/fold4/checkpoints/train.1.pth",
    0.282562460688752,
    {
      "epoch_lwlrap": 0.282562460688752,
      "loss": 0.05223535175124804,
      "lwlrap": 0.2826114517764134
    }
  ],
  "epoch_1": [
    "out/117_116_10sec/fold4/checkpoints/train.2.pth",
    0.34723898052449825,
    {
      "epoch_lwlrap": 0.34723898052449825,
      "loss": 0.04790287704931365,
      "lwlrap": 0.3480287978663756
    }
  ],
  "epoch_2": [
    "out/117_116_10sec/fold4/checkpoints/train.3.pth",
    0.3990817745345102,
    {
      "epoch_lwlrap": 0.3990817745345102,
      "loss": 0.044913456754551995,
      "lwlrap": 0.39942550904502355
    }
  ],
  "epoch_3": [
    "out/117_116_10sec/fold4/checkpoints/train.4.pth",
    0.48747812255920453,
    {
      "epoch_lwlrap": 0.48747812255920453,
      "loss": 0.042738281190395355,
      "lwlrap": 0.48660994465689383
    }
  ],
  "epoch_4": [
    "out/117_116_10sec/fold4/checkpoints/train.5.pth",
    0.5149943556660403,
    {
      "epoch_lwlrap": 0.5149943556660403,
      "loss": 0.04065214072664579,
      "lwlrap": 0.5137354304317546
    }
  ],
  "epoch_5": [
    "out/117_116_10sec/fold4/checkpoints/train.6.pth",
    0.5329114919554561,
    {
      "epoch_lwlrap": 0.5329114919554561,
      "loss": 0.0376939230495029,
      "lwlrap": 0.5324106822186025
    }
  ],
  "epoch_6": [
    "out/117_116_10sec/fold4/checkpoints/train.7.pth",
    0.5843786611253861,
    {
      "epoch_lwlrap": 0.5843786611253861,
      "loss": 0.0365892360607783,
      "lwlrap": 0.584091043583107
    }
  ],
  "epoch_7": [
    "out/117_116_10sec/fold4/checkpoints/train.8.pth",
    0.6247377799644351,
    {
      "epoch_lwlrap": 0.6247377799644351,
      "loss": 0.03472340669896867,
      "lwlrap": 0.6242890861165961
    }
  ],
  "epoch_8": [
    "out/117_116_10sec/fold4/checkpoints/train.9.pth",
    0.6152696323059459,
    {
      "epoch_lwlrap": 0.6152696323059459,
      "loss": 0.03435164284374979,
      "lwlrap": 0.6145827615251175
    }
  ],
  "epoch_9": [
    "out/117_116_10sec/fold4/checkpoints/train.10.pth",
    0.6126064554422809,
    {
      "epoch_lwlrap": 0.6126064554422809,
      "loss": 0.03455889912115203,
      "lwlrap": 0.6118871679289636
    }
  ],
  "epoch_10": [
    "out/117_116_10sec/fold4/checkpoints/train.11.pth",
    0.6089931011135737,
    {
      "epoch_lwlrap": 0.6089931011135737,
      "loss": 0.03416452200876342,
      "lwlrap": 0.6079534372671627
    }
  ],
  "epoch_11": [
    "out/117_116_10sec/fold4/checkpoints/train.12.pth",
    0.6292808840843775,
    {
      "epoch_lwlrap": 0.6292808840843775,
      "loss": 0.03394531243377261,
      "lwlrap": 0.6284367789764616
    }
  ],
  "epoch_12": [
    "out/117_116_10sec/fold4/checkpoints/train.13.pth",
    0.627223976896466,
    {
      "epoch_lwlrap": 0.627223976896466,
      "loss": 0.03340224118696319,
      "lwlrap": 0.6264664254029333
    }
  ],
  "epoch_13": [
    "out/117_116_10sec/fold4/checkpoints/train.14.pth",
    0.6383797524138825,
    {
      "epoch_lwlrap": 0.6383797524138825,
      "loss": 0.032472141500976354,
      "lwlrap": 0.6374354452904996
    }
  ],
  "epoch_14": [
    "out/117_116_10sec/fold4/checkpoints/train.15.pth",
    0.661716301842135,
    {
      "epoch_lwlrap": 0.661716301842135,
      "loss": 0.031726053771045475,
      "lwlrap": 0.6610692565116123
    }
  ],
  "epoch_15": [
    "out/117_116_10sec/fold4/checkpoints/train.16.pth",
    0.6711551427708633,
    {
      "epoch_lwlrap": 0.6711551427708633,
      "loss": 0.03254431929025385,
      "lwlrap": 0.6701745532539184
    }
  ],
  "epoch_16": [
    "out/117_116_10sec/fold4/checkpoints/train.17.pth",
    0.6968001266935251,
    {
      "epoch_lwlrap": 0.6968001266935251,
      "loss": 0.029616631526086065,
      "lwlrap": 0.6954988383681194
    }
  ],
  "epoch_17": [
    "out/117_116_10sec/fold4/checkpoints/train.18.pth",
    0.7183475912733555,
    {
      "epoch_lwlrap": 0.7183475912733555,
      "loss": 0.02712522086997827,
      "lwlrap": 0.7176233725122614
    }
  ],
  "epoch_18": [
    "out/117_116_10sec/fold4/checkpoints/train.19.pth",
    0.7359515787463385,
    {
      "epoch_lwlrap": 0.7359515787463385,
      "loss": 0.03041644332309564,
      "lwlrap": 0.7354619701286368
    }
  ],
  "epoch_19": [
    "out/117_116_10sec/fold4/checkpoints/train.20.pth",
    0.7795664064223016,
    {
      "epoch_lwlrap": 0.7795664064223016,
      "loss": 0.024799000637398826,
      "lwlrap": 0.779237240126129
    }
  ],
  "epoch_20": [
    "out/117_116_10sec/fold4/checkpoints/train.21.pth",
    0.762279581166044,
    {
      "epoch_lwlrap": 0.762279581166044,
      "loss": 0.026804858653081787,
      "lwlrap": 0.7621193298177424
    }
  ],
  "epoch_21": [
    "out/117_116_10sec/fold4/checkpoints/train.22.pth",
    0.8149474009736017,
    {
      "epoch_lwlrap": 0.8149474009736017,
      "loss": 0.023281134333875447,
      "lwlrap": 0.8146104618485571
    }
  ],
  "epoch_22": [
    "out/117_116_10sec/fold4/checkpoints/train.23.pth",
    0.8052084499682753,
    {
      "epoch_lwlrap": 0.8052084499682753,
      "loss": 0.021402726094755863,
      "lwlrap": 0.8056943426943427
    }
  ],
  "epoch_23": [
    "out/117_116_10sec/fold4/checkpoints/train.24.pth",
    0.8094217281990208,
    {
      "epoch_lwlrap": 0.8094217281990208,
      "loss": 0.02382479374193483,
      "lwlrap": 0.809370530703864
    }
  ],
  "epoch_24": [
    "out/117_116_10sec/fold4/checkpoints/train.25.pth",
    0.8400533721494421,
    {
      "epoch_lwlrap": 0.8400533721494421,
      "loss": 0.01783004200292958,
      "lwlrap": 0.8400805408583186
    }
  ],
  "epoch_25": [
    "out/117_116_10sec/fold4/checkpoints/train.26.pth",
    0.8632684152334807,
    {
      "epoch_lwlrap": 0.8632684152334807,
      "loss": 0.017476273472938272,
      "lwlrap": 0.8629600934045378
    }
  ],
  "epoch_26": [
    "out/117_116_10sec/fold4/checkpoints/train.27.pth",
    0.8839173078256047,
    {
      "epoch_lwlrap": 0.8839173078256047,
      "loss": 0.017170022283163337,
      "lwlrap": 0.8838283362727807
    }
  ],
  "epoch_27": [
    "out/117_116_10sec/fold4/checkpoints/train.28.pth",
    0.8796039477262184,
    {
      "epoch_lwlrap": 0.8796039477262184,
      "loss": 0.01647726013842556,
      "lwlrap": 0.879634397348683
    }
  ],
  "epoch_28": [
    "out/117_116_10sec/fold4/checkpoints/train.29.pth",
    0.8783106784428321,
    {
      "epoch_lwlrap": 0.8783106784428321,
      "loss": 0.016600475563771193,
      "lwlrap": 0.8784058559096153
    }
  ],
  "epoch_29": [
    "out/117_116_10sec/fold4/checkpoints/train.30.pth",
    0.8783945675867073,
    {
      "epoch_lwlrap": 0.8783945675867073,
      "loss": 0.016656481702294616,
      "lwlrap": 0.8783613494089684
    }
  ],
  "epoch_30": [
    "out/117_116_10sec/fold4/checkpoints/train.31.pth",
    0.8798744388585128,
    {
      "epoch_lwlrap": 0.8798744388585128,
      "loss": 0.016690440931253964,
      "lwlrap": 0.8798687178575133
    }
  ],
  "epoch_31": [
    "out/117_116_10sec/fold4/checkpoints/train.32.pth",
    0.8850418261990315,
    {
      "epoch_lwlrap": 0.8850418261990315,
      "loss": 0.01654800745762057,
      "lwlrap": 0.8850268402966814
    }
  ],
  "epoch_32": [
    "out/117_116_10sec/fold4/checkpoints/train.33.pth",
    0.8794979765503783,
    {
      "epoch_lwlrap": 0.8794979765503783,
      "loss": 0.016577350286146004,
      "lwlrap": 0.8795331899141422
    }
  ],
  "epoch_33": [
    "out/117_116_10sec/fold4/checkpoints/train.34.pth",
    0.8744136293492764,
    {
      "epoch_lwlrap": 0.8744136293492764,
      "loss": 0.01711344476789236,