{
  "best": {
    "epoch_lwlrap": 0.8761283110598179,
    "loss": 0.27100908130271245,
    "lwlrap": 0.8761283110598178
  },
  "last": {
    "epoch_lwlrap": 0.8593384292014428,
    "loss": 0.28658404143433597,
    "lwlrap": 0.8593384292014429
  },
  "train.53": {
    "epoch_lwlrap": 0.8761283110598179,
    "loss": 0.27100908130271245,
    "lwlrap": 0.8761283110598178
  },
  "epoch_0": [
    "out/099_078_DA_tune/fold4/checkpoints/train.1.pth",
    0.233895405121344,
    {
      "epoch_lwlrap": 0.233895405121344,
      "loss": 0.6405537509482745,
      "lwlrap": 0.233895405121344
    }
  ],
  "epoch_1": [
    "out/099_078_DA_tune/fold4/checkpoints/train.2.pth",
    0.28420936681068665,
    {
      "epoch_lwlrap": 0.28420936681068665,
      "loss": 0.5968915022671495,
      "lwlrap": 0.2842093668106867
    }
  ],
  "epoch_2": [
    "out/099_078_DA_tune/fold4/checkpoints/train.3.pth",
    0.32259603850055096,
    {
      "epoch_lwlrap": 0.32259603850055096,
      "loss": 0.5919334115503042,
      "lwlrap": 0.32259603850055096
    }
  ],
  "epoch_3": [
    "out/099_078_DA_tune/fold4/checkpoints/train.4.pth",
    0.3379579380030684,
    {
      "epoch_lwlrap": 0.3379579380030684,
      "loss": 0.5703931600535842,
      "lwlrap": 0.3379579380030685
    }
  ],
  "epoch_4": [
    "out/099_078_DA_tune/fold4/checkpoints/train.5.pth",
    0.3633683188933623,
    {
      "epoch_lwlrap": 0.3633683188933623,
      "loss": 0.5429663519336753,
      "lwlrap": 0.36336831889336235
    }
  ],
  "epoch_5": [
    "out/099_078_DA_tune/fold4/checkpoints/train.6.pth",
    0.45293692107011163,
    {
      "epoch_lwlrap": 0.45293692107011163,
      "loss": 0.5185216344110497,
      "lwlrap": 0.4529369210701116
    }
  ],
  "epoch_6": [
    "out/099_078_DA_tune/fold4/checkpoints/train.7.pth",
    0.4542629784698998,
    {
      "epoch_lwlrap": 0.4542629784698998,
      "loss": 0.5142691071447172,
      "lwlrap": 0.4542629784698998
    }
  ],
  "epoch_7": [
    "out/099_078_DA_tune/fold4/checkpoints/train.8.pth",
    0.45682420065981705,
    {
      "epoch_lwlrap": 0.45682420065981705,
      "loss": 0.4985878988760247,
      "lwlrap": 0.4568242006598171
    }
  ],
  "epoch_8": [
    "out/099_078_DA_tune/fold4/checkpoints/train.9.pth",
    0.48025366499379385,
    {
      "epoch_lwlrap": 0.48025366499379385,
      "loss": 0.4919739248545747,
      "lwlrap": 0.4802536649937939
    }
  ],
  "epoch_9": [
    "out/099_078_DA_tune/fold4/checkpoints/train.10.pth",
    0.49720858982543104,
    {
      "epoch_lwlrap": 0.49720858982543104,
      "loss": 0.4858602078537963,
      "lwlrap": 0.4972085898254311
    }
  ],
  "epoch_10": [
    "out/099_078_DA_tune/fold4/checkpoints/train.11.pth",
    0.5004270690511625,
    {
      "epoch_lwlrap": 0.5004270690511625,
      "loss": 0.4859584681519635,
      "lwlrap": 0.5004270690511625
    }
  ],
  "epoch_11": [
    "out/099_078_DA_tune/fold4/checkpoints/train.12.pth",
    0.5029412530472795,
    {
      "epoch_lwlrap": 0.5029412530472795,
      "loss": 0.4816447598476933,
      "lwlrap": 0.5029412530472795
    }
  ],
  "epoch_12": [
    "out/099_078_DA_tune/fold4/checkpoints/train.13.pth",
    0.5136280956486435,
    {
      "epoch_lwlrap": 0.5136280956486435,
      "loss": 0.47782201609110725,
      "lwlrap": 0.5136280956486436
    }
  ],
  "epoch_13": [
    "out/099_078_DA_tune/fold4/checkpoints/train.14.pth",
    0.5575235325664734,
    {
      "epoch_lwlrap": 0.5575235325664734,
      "loss": 0.4675685982453769,
      "lwlrap": 0.5575235325664732
    }
  ],
  "epoch_14": [
    "out/099_078_DA_tune/fold4/checkpoints/train.15.pth",
    0.5603004796323002,
    {
      "epoch_lwlrap": 0.5603004796323002,
      "loss": 0.45970504019902725,
      "lwlrap": 0.5603004796323003
    }
  ],
  "epoch_15": [
    "out/099_078_DA_tune/fold4/checkpoints/train.16.pth",
    0.5882494150046845,
    {
      "epoch_lwlrap": 0.5882494150046845,
      "loss": 0.45146159262961993,
      "lwlrap": 0.5882494150046845
    }
  ],
  "epoch_16": [
    "out/099_078_DA_tune/fold4/checkpoints/train.17.pth",
    0.5788732908416367,
    {
      "epoch_lwlrap": 0.5788732908416367,
      "loss": 0.4295978200490072,
      "lwlrap": 0.5788732908416369
    }
  ],
  "epoch_17": [
    "out/099_078_DA_tune/fold4/checkpoints/train.18.pth",
    0.5920921372774716,
    {
      "epoch_lwlrap": 0.5920921372774716,
      "loss": 0.42311373162487326,
      "lwlrap": 0.5920921372774717
    }
  ],
  "epoch_18": [
    "out/099_078_DA_tune/fold4/checkpoints/train.19.pth",
    0.6733436523249492,
    {
      "epoch_lwlrap": 0.6733436523249492,
      "loss": 0.39494976142770083,
      "lwlrap": 0.6733436523249493
    }
  ],
  "epoch_19": [
    "out/099_078_DA_tune/fold4/checkpoints/train.20.pth",
    0.6550856740925234,
    {
      "epoch_lwlrap": 0.6550856740925234,
      "loss": 0.3853927555421716,
      "lwlrap": 0.6550856740925234
    }
  ],
  "epoch_20": [
    "out/099_078_DA_tune/fold4/checkpoints/train.21.pth",
    0.7150261096977455,
    {
      "epoch_lwlrap": 0.7150261096977455,
      "loss": 0.3472528823706657,
      "lwlrap": 0.7150261096977455
    }
  ],
  "epoch_21": [
    "out/099_078_DA_tune/fold4/checkpoints/train.22.pth",
    0.658375640418523,
    {
      "epoch_lwlrap": 0.658375640418523,
      "loss": 0.37766985166562744,
      "lwlrap": 0.6583756404185233
    }
  ],
  "epoch_22": [
    "out/099_078_DA_tune/fold4/checkpoints/train.23.pth",
    0.7215889323766036,
    {
      "epoch_lwlrap": 0.7215889323766036,
      "loss": 0.3549840750351344,
      "lwlrap": 0.7215889323766036
    }
  ],
  "epoch_23": [
    "out/099_078_DA_tune/fold4/checkpoints/train.24.pth",
    0.7690117087377362,
    {
      "epoch_lwlrap": 0.7690117087377362,
      "loss": 0.3111556407795649,
      "lwlrap": 0.7690117087377362
    }
  ],
  "epoch_24": [
    "out/099_078_DA_tune/fold4/checkpoints/train.25.pth",
    0.8093041907506049,
    {
      "epoch_lwlrap": 0.8093041907506049,
      "loss": 0.2806532178839592,
      "lwlrap": 0.809304190750605
    }
  ],
  "epoch_25": [
    "out/099_078_DA_tune/fold4/checkpoints/train.26.pth",
    0.8009494052731678,
    {
      "epoch_lwlrap": 0.8009494052731678,
      "loss": 0.2919608859438874,
      "lwlrap": 0.8009494052731679
    }
  ],
  "epoch_26": [
    "out/099_078_DA_tune/fold4/checkpoints/train.27.pth",
    0.8109210994484966,
    {
      "epoch_lwlrap": 0.8109210994484966,
      "loss": 0.27182379065583284,
      "lwlrap": 0.8109210994484967
    }
  ],
  "epoch_27": [
    "out/099_078_DA_tune/fold4/checkpoints/train.28.pth",
    0.8210119788886912,
    {
      "epoch_lwlrap": 0.8210119788886912,
      "loss": 0.2688250054507495,
      "lwlrap": 0.8210119788886913
    }
  ],
  "epoch_28": [
    "out/099_078_DA_tune/fold4/checkpoints/train.29.pth",
    0.8322091594351867,
    {
      "epoch_lwlrap": 0.8322091594351867,
      "loss": 0.268296008921105,
      "lwlrap": 0.8322091594351868
    }
  ],
  "epoch_29": [
    "out/099_078_DA_tune/fold4/checkpoints/train.30.pth",
    0.8260669822313658,
    {
      "epoch_lwlrap": 0.8260669822313658,
      "loss": 0.2631739192901681,
      "lwlrap": 0.8260669822313658
    }
  ],
  "epoch_30": [
    "out/099_078_DA_tune/fold4/checkpoints/train.31.pth",
    0.8301894199154473,
    {
      "epoch_lwlrap": 0.8301894199154473,
      "loss": 0.26052816953833247,
      "lwlrap": 0.8301894199154473
    }
  ],
  "epoch_31": [
    "out/099_078_DA_tune/fold4/checkpoints/train.32.pth",
    0.8305217550080564,
    {
      "epoch_lwlrap": 0.8305217550080564,
      "loss": 0.2608497723188575,
      "lwlrap": 0.8305217550080564
    }
  ],
  "epoch_32": [
    "out/099_078_DA_tune/fold4/checkpoints/train.33.pth",
    0.8310476579110745,
    {
      "epoch_lwlrap": 0.8310476579110745,
      "loss": 0.26876847520810826,
      "lwlrap": 0.8310476579110746
    }
  ],
  "epoch_33": [
    "out/099_078_DA_tune/fold4/checkpoints/train.34.pth",
    0.8311973116566186,
    {
      "epoch_lwlrap": 0.8311973116566186,