{
    "best": {
        "lwlrap": 1.0,
        "loss": 0.021251518589754898,
        "epoch": 35
    },
    "last": {
        "lwlrap": 0.9754901960784313,
        "loss": 0.02219252422865894,
        "epoch": 50
    },
    "epoch_1": {
        "lwlrap": 0.5225490196078431,
        "loss": 0.09525955220063527
    },
    "epoch_2": {
        "lwlrap": 0.709313725490196,
        "loss": 0.048806539840168424
    },
    "epoch_3": {
        "lwlrap": 0.7308823529411765,
        "loss": 0.04604650640653239
    },
    "epoch_4": {
        "lwlrap": 0.8142156862745098,
        "loss": 0.04510052502155304
    },
    "epoch_5": {
        "lwlrap": 0.9068627450980392,
        "loss": 0.03341906931665209
    },
    "epoch_6": {
        "lwlrap": 0.894607843137255,
        "loss": 0.038651343848970204
    },
    "epoch_7": {
        "lwlrap": 0.9607843137254901,
        "loss": 0.029451356786820624
    },
    "epoch_8": {
        "lwlrap": 0.9926470588235294,
        "loss": 0.023585969789160624
    },
    "epoch_9": {
        "lwlrap": 0.9852941176470589,
        "loss": 0.02363058262401157
    },
    "epoch_10": {
        "lwlrap": 0.9926470588235294,
        "loss": 0.023466961975726817
    },
    "epoch_11": {
        "lwlrap": 0.9926470588235294,
        "loss": 0.023301145993173122
    },
    "epoch_12": {
        "lwlrap": 0.9852941176470589,
        "loss": 0.023507069071961775
    },
    "epoch_13": {
        "lwlrap": 0.9926470588235294,
        "loss": 0.024878581364949543
    },
    "epoch_14": {
        "lwlrap": 0.9926470588235294,
        "loss": 0.025154685084190633
    },
    "epoch_15": {
        "lwlrap": 0.9571078431372549,
        "loss": 0.029075097085701093
    },
    "epoch_16": {
        "lwlrap": 0.9534313725490196,
        "loss": 0.029627522453665733
    },
    "epoch_17": {
        "lwlrap": 0.8970588235294118,
        "loss": 0.03608147758576605
    },
    "epoch_18": {
        "lwlrap": 0.8718137254901961,
        "loss": 0.040513361907667585
    },
    "epoch_19": {
        "lwlrap": 0.9490196078431372,
        "loss": 0.030670031905174255
    },
    "epoch_20": {
        "lwlrap": 0.8191176470588235,
        "loss": 0.0412961577789651
    },
    "epoch_21": {
        "lwlrap": 0.9497549019607844,
        "loss": 0.027112217826975718
    },
    "epoch_22": {
        "lwlrap": 0.9779411764705883,
        "loss": 0.020931593245930143
    },
    "epoch_23": {
        "lwlrap": 0.9718137254901961,
        "loss": 0.02416889721320735
    },
    "epoch_24": {
        "lwlrap": 0.9620098039215685,
        "loss": 0.02355152140888903
    },
    "epoch_25": {
        "lwlrap": 0.9828431372549019,
        "loss": 0.019899189989599917
    },
    "epoch_26": {
        "lwlrap": 0.9889705882352942,
        "loss": 0.020889982788099185
    },
    "epoch_27": {
        "lwlrap": 0.9901960784313726,
        "loss": 0.02099833016594251
    },
    "epoch_28": {
        "lwlrap": 0.9901960784313726,
        "loss": 0.023342571117811732
    },
    "epoch_29": {
        "lwlrap": 0.9901960784313726,
        "loss": 0.021219910225934453
    },
    "epoch_30": {
        "lwlrap": 0.9901960784313726,
        "loss": 0.020746981725096703
    },
    "epoch_31": {
        "lwlrap": 0.9901960784313726,
        "loss": 0.020702649321821
    },
    "epoch_32": {
        "lwlrap": 0.9901960784313726,
        "loss": 0.02085697878566053
    },
    "epoch_33": {
        "lwlrap": 0.9901960784313726,
        "loss": 0.02150906167096562
    },
    "epoch_34": {
        "lwlrap": 0.9926470588235294,
        "loss": 0.021998229953977797
    },
    "epoch_35": {
        "lwlrap": 1.0,
        "loss": 0.021251518589754898
    },
    "epoch_36": {
        "lwlrap": 1.0,
        "loss": 0.02090002058280839
    },
    "epoch_37": {
        "lwlrap": 0.9392156862745098,
        "loss": 0.030690146196219657
    },
    "epoch_38": {
        "lwlrap": 0.8627450980392157,
        "loss": 0.03690919383532471
    },
    "epoch_39": {
        "lwlrap": 0.9583333333333333,
        "loss": 0.027628969815042283
    },
    "epoch_40": {
        "lwlrap": 0.9595588235294117,
        "loss": 0.025095461557308834
    },
    "epoch_41": {
        "lwlrap": 0.9497549019607843,
        "loss": 0.02954706611732642
    },
    "epoch_42": {
        "lwlrap": 0.8828431372549019,
        "loss": 0.03657904205222925
    },
    "epoch_43": {
        "lwlrap": 0.954656862745098,
        "loss": 0.023977888851530023
    },
    "epoch_44": {
        "lwlrap": 0.9375,
        "loss": 0.035976318228575915
    },
    "epoch_45": {
        "lwlrap": 0.943627450980392,
        "loss": 0.03468529010812441
    },
    "epoch_46": {
        "lwlrap": 0.9828431372549019,
        "loss": 0.021669222455885675
    },
    "epoch_47": {
        "lwlrap": 0.9485294117647058,
        "loss": 0.024450868368148804
    },
    "epoch_48": {
        "lwlrap": 0.9681372549019608,
        "loss": 0.021606624229914613
    },
    "epoch_49": {
        "lwlrap": 0.9754901960784313,
        "loss": 0.02195938231630458
    },
    "epoch_50": {
        "lwlrap": 0.9754901960784313,
        "loss": 0.02219252422865894
    }
}