{
    "best": {
        "lwlrap": 0.9562841530054644,
        "loss": 0.24409214925253764,
        "epoch": 35
    },
    "last": {
        "lwlrap": 0.9453551912568305,
        "loss": 0.22449975309427828,
        "epoch": 50
    },
    "epoch_1": {
        "lwlrap": 0.510655737704918,
        "loss": 0.20032996200025083
    },
    "epoch_2": {
        "lwlrap": 0.5251366120218579,
        "loss": 0.20602019522339104
    },
    "epoch_3": {
        "lwlrap": 0.5382513661202186,
        "loss": 0.133735413197428
    },
    "epoch_4": {
        "lwlrap": 0.7144808743169399,
        "loss": 0.4374165892601013
    },
    "epoch_5": {
        "lwlrap": 0.6415300546448087,
        "loss": 0.2964612042531371
    },
    "epoch_6": {
        "lwlrap": 0.7133879781420764,
        "loss": 0.13355537028983236
    },
    "epoch_7": {
        "lwlrap": 0.7625683060109288,
        "loss": 0.18190636513754727
    },
    "epoch_8": {
        "lwlrap": 0.8442622950819672,
        "loss": 0.1836299853399396
    },
    "epoch_9": {
        "lwlrap": 0.8180327868852458,
        "loss": 0.14224574705585838
    },
    "epoch_10": {
        "lwlrap": 0.8456284153005463,
        "loss": 0.15608299551531674
    },
    "epoch_11": {
        "lwlrap": 0.8428961748633879,
        "loss": 0.15586875611916184
    },
    "epoch_12": {
        "lwlrap": 0.8661202185792349,
        "loss": 0.15846444708295165
    },
    "epoch_13": {
        "lwlrap": 0.8811475409836065,
        "loss": 0.171615578699857
    },
    "epoch_14": {
        "lwlrap": 0.8306010928961749,
        "loss": 0.19315009266138078
    },
    "epoch_15": {
        "lwlrap": 0.8494535519125682,
        "loss": 0.1925801274366677
    },
    "epoch_16": {
        "lwlrap": 0.7625683060109288,
        "loss": 0.2149957476183772
    },
    "epoch_17": {
        "lwlrap": 0.8584699453551912,
        "loss": 0.13903377796523272
    },
    "epoch_18": {
        "lwlrap": 0.8893442622950819,
        "loss": 0.23589123440906407
    },
    "epoch_19": {
        "lwlrap": 0.7650273224043715,
        "loss": 0.1163884020410478
    },
    "epoch_20": {
        "lwlrap": 0.8934426229508197,
        "loss": 0.14737962996587156
    },
    "epoch_21": {
        "lwlrap": 0.7693989071038251,
        "loss": 0.12610165572259574
    },
    "epoch_22": {
        "lwlrap": 0.7090163934426229,
        "loss": 0.14980350686237215
    },
    "epoch_23": {
        "lwlrap": 0.8284153005464481,
        "loss": 0.15184810990467668
    },
    "epoch_24": {
        "lwlrap": 0.901639344262295,
        "loss": 0.21432965053245426
    },
    "epoch_25": {
        "lwlrap": 0.9371584699453551,
        "loss": 0.15380577705800533
    },
    "epoch_26": {
        "lwlrap": 0.9508196721311475,
        "loss": 0.18790921582840384
    },
    "epoch_27": {
        "lwlrap": 0.953551912568306,
        "loss": 0.20494556082412602
    },
    "epoch_28": {
        "lwlrap": 0.9453551912568305,
        "loss": 0.17268901225179434
    },
    "epoch_29": {
        "lwlrap": 0.9371584699453551,
        "loss": 0.1813335420563817
    },
    "epoch_30": {
        "lwlrap": 0.9398907103825136,
        "loss": 0.18178838756866753
    },
    "epoch_31": {
        "lwlrap": 0.9426229508196721,
        "loss": 0.18807181338779627
    },
    "epoch_32": {
        "lwlrap": 0.948087431693989,
        "loss": 0.186315722996369
    },
    "epoch_33": {
        "lwlrap": 0.948087431693989,
        "loss": 0.19834803701378406
    },
    "epoch_34": {
        "lwlrap": 0.9344262295081966,
        "loss": 0.20930383678060024
    },
    "epoch_35": {
        "lwlrap": 0.9562841530054644,
        "loss": 0.24409214925253764
    },
    "epoch_36": {
        "lwlrap": 0.9390710382513661,
        "loss": 0.22908402683679013
    },
    "epoch_37": {
        "lwlrap": 0.948087431693989,
        "loss": 0.3012245563324541
    },
    "epoch_38": {
        "lwlrap": 0.8693989071038252,
        "loss": 0.16834152226801963
    },
    "epoch_39": {
        "lwlrap": 0.8907103825136611,
        "loss": 0.1936214270070195
    },
    "epoch_40": {
        "lwlrap": 0.9508196721311475,
        "loss": 0.16011104779317975
    },
    "epoch_41": {
        "lwlrap": 0.9002732240437158,
        "loss": 0.20719855511561036
    },
    "epoch_42": {
        "lwlrap": 0.8306010928961748,
        "loss": 0.4473305526189506
    },
    "epoch_43": {
        "lwlrap": 0.9193989071038251,
        "loss": 0.13875195607542992
    },
    "epoch_44": {
        "lwlrap": 0.9191256830601092,
        "loss": 0.133187923009973
    },
    "epoch_45": {
        "lwlrap": 0.9316939890710382,
        "loss": 0.1925383266992867
    },
    "epoch_46": {
        "lwlrap": 0.9112021857923496,
        "loss": 0.15004045811947436
    },
    "epoch_47": {
        "lwlrap": 0.9453551912568305,
        "loss": 0.21544159492477774
    },
    "epoch_48": {
        "lwlrap": 0.9453551912568305,
        "loss": 0.23590729464776813
    },
    "epoch_49": {
        "lwlrap": 0.9453551912568305,
        "loss": 0.22125820820219816
    },
    "epoch_50": {
        "lwlrap": 0.9453551912568305,
        "loss": 0.22449975309427828
    }
}