{
  "best": {
    "epoch_lwlrap": 0.8867162698412698,
    "loss": 0.018509102320032462,
    "lwlrap": 0.8868394977038434
  },
  "last": {
    "epoch_lwlrap": 0.8714401455026455,
    "loss": 0.01905529695649107,
    "lwlrap": 0.8714719221021742
  },
  "train.51": {
    "epoch_lwlrap": 0.8867162698412698,
    "loss": 0.018509102320032462,
    "lwlrap": 0.8868394977038434
  },
  "epoch_0": [
    "out/117_116_10sec/fold0/checkpoints/train.1.pth",
    0.3052107514608776,
    {
      "epoch_lwlrap": 0.3052107514608776,
      "loss": 0.054707760006940664,
      "lwlrap": 0.3048205354526523
    }
  ],
  "epoch_1": [
    "out/117_116_10sec/fold0/checkpoints/train.2.pth",
    0.35446961554262757,
    {
      "epoch_lwlrap": 0.35446961554262757,
      "loss": 0.04749738359275986,
      "lwlrap": 0.3536354341442337
    }
  ],
  "epoch_2": [
    "out/117_116_10sec/fold0/checkpoints/train.3.pth",
    0.4628949441081794,
    {
      "epoch_lwlrap": 0.4628949441081794,
      "loss": 0.04511050729691481,
      "lwlrap": 0.46269230035030473
    }
  ],
  "epoch_3": [
    "out/117_116_10sec/fold0/checkpoints/train.4.pth",
    0.48232418183904757,
    {
      "epoch_lwlrap": 0.48232418183904757,
      "loss": 0.040630369501955366,
      "lwlrap": 0.4817471068665216
    }
  ],
  "epoch_4": [
    "out/117_116_10sec/fold0/checkpoints/train.5.pth",
    0.5483166197228697,
    {
      "epoch_lwlrap": 0.5483166197228697,
      "loss": 0.04056011259305377,
      "lwlrap": 0.5475104757742812
    }
  ],
  "epoch_5": [
    "out/117_116_10sec/fold0/checkpoints/train.6.pth",
    0.5645926874051874,
    {
      "epoch_lwlrap": 0.5645926874051874,
      "loss": 0.03731080247950153,
      "lwlrap": 0.5640477586305918
    }
  ],
  "epoch_6": [
    "out/117_116_10sec/fold0/checkpoints/train.7.pth",
    0.6123250666816844,
    {
      "epoch_lwlrap": 0.6123250666816844,
      "loss": 0.035340698310682754,
      "lwlrap": 0.6119730523956921
    }
  ],
  "epoch_7": [
    "out/117_116_10sec/fold0/checkpoints/train.8.pth",
    0.6382166618104117,
    {
      "epoch_lwlrap": 0.6382166618104117,
      "loss": 0.033112030131977145,
      "lwlrap": 0.6377262085320308
    }
  ],
  "epoch_8": [
    "out/117_116_10sec/fold0/checkpoints/train.9.pth",
    0.6583018601768602,
    {
      "epoch_lwlrap": 0.6583018601768602,
      "loss": 0.03221418010462232,
      "lwlrap": 0.6577660568056726
    }
  ],
  "epoch_9": [
    "out/117_116_10sec/fold0/checkpoints/train.10.pth",
    0.6623629281257957,
    {
      "epoch_lwlrap": 0.6623629281257957,
      "loss": 0.03180407710811671,
      "lwlrap": 0.6617464435481348
    }
  ],
  "epoch_10": [
    "out/117_116_10sec/fold0/checkpoints/train.11.pth",
    0.6609320135882635,
    {
      "epoch_lwlrap": 0.6609320135882635,
      "loss": 0.03224263359017733,
      "lwlrap": 0.660525108311723
    }
  ],
  "epoch_11": [
    "out/117_116_10sec/fold0/checkpoints/train.12.pth",
    0.6621107653920153,
    {
      "epoch_lwlrap": 0.6621107653920153,
      "loss": 0.032300180544247145,
      "lwlrap": 0.6616068180518961
    }
  ],
  "epoch_12": [
    "out/117_116_10sec/fold0/checkpoints/train.13.pth",
    0.6803097324788501,
    {
      "epoch_lwlrap": 0.6803097324788501,
      "loss": 0.03132460045651728,
      "lwlrap": 0.6797219562640436
    }
  ],
  "epoch_13": [
    "out/117_116_10sec/fold0/checkpoints/train.14.pth",
    0.6829307052560729,
    {
      "epoch_lwlrap": 0.6829307052560729,
      "loss": 0.030351039851788716,
      "lwlrap": 0.6827278769695442
    }
  ],
  "epoch_14": [
    "out/117_116_10sec/fold0/checkpoints/train.15.pth",
    0.6888417753055911,
    {
      "epoch_lwlrap": 0.6888417753055911,
      "loss": 0.030169925926362764,
      "lwlrap": 0.6885174452906809
    }
  ],
  "epoch_15": [
    "out/117_116_10sec/fold0/checkpoints/train.16.pth",
    0.7062789446177604,
    {
      "epoch_lwlrap": 0.7062789446177604,
      "loss": 0.029460387038333074,
      "lwlrap": 0.7062088819497045
    }
  ],
  "epoch_16": [
    "out/117_116_10sec/fold0/checkpoints/train.17.pth",
    0.7115556318681318,
    {
      "epoch_lwlrap": 0.7115556318681318,
      "loss": 0.028584578645830395,
      "lwlrap": 0.7110783812914666
    }
  ],
  "epoch_17": [
    "out/117_116_10sec/fold0/checkpoints/train.18.pth",
    0.7221478174603175,
    {
      "epoch_lwlrap": 0.7221478174603175,
      "loss": 0.024294099371348108,
      "lwlrap": 0.721928533318089
    }
  ],
  "epoch_18": [
    "out/117_116_10sec/fold0/checkpoints/train.19.pth",
    0.7371332371332371,
    {
      "epoch_lwlrap": 0.7371332371332371,
      "loss": 0.02590148362229351,
      "lwlrap": 0.737306654263437
    }
  ],
  "epoch_19": [
    "out/117_116_10sec/fold0/checkpoints/train.20.pth",
    0.7596497290451095,
    {
      "epoch_lwlrap": 0.7596497290451095,
      "loss": 0.027467113755205098,
      "lwlrap": 0.7598200612511772
    }
  ],
  "epoch_20": [
    "out/117_116_10sec/fold0/checkpoints/train.21.pth",
    0.7982101152989309,
    {
      "epoch_lwlrap": 0.7982101152989309,
      "loss": 0.022563747639039986,
      "lwlrap": 0.7982031727285093
    }
  ],
  "epoch_21": [
    "out/117_116_10sec/fold0/checkpoints/train.22.pth",
    0.8079324878338037,
    {
      "epoch_lwlrap": 0.8079324878338037,
      "loss": 0.02179883329682991,
      "lwlrap": 0.8080558367378359
    }
  ],
  "epoch_22": [
    "out/117_116_10sec/fold0/checkpoints/train.23.pth",
    0.8068350630850631,
    {
      "epoch_lwlrap": 0.8068350630850631,
      "loss": 0.020913754691596793,
      "lwlrap": 0.8064556591867517
    }
  ],
  "epoch_23": [
    "out/117_116_10sec/fold0/checkpoints/train.24.pth",
    0.8285368566618566,
    {
      "epoch_lwlrap": 0.8285368566618566,
      "loss": 0.021669733424146638,
      "lwlrap": 0.8286499448264154
    }
  ],
  "epoch_24": [
    "out/117_116_10sec/fold0/checkpoints/train.25.pth",
    0.8470386904761904,
    {
      "epoch_lwlrap": 0.8470386904761904,
      "loss": 0.017923484603334375,
      "lwlrap": 0.8470585853388974
    }
  ],
  "epoch_25": [
    "out/117_116_10sec/fold0/checkpoints/train.26.pth",
    0.8580274470899472,
    {
      "epoch_lwlrap": 0.8580274470899472,
      "loss": 0.017688282147175122,
      "lwlrap": 0.8578625894802365
    }
  ],
  "epoch_26": [
    "out/117_116_10sec/fold0/checkpoints/train.27.pth",
    0.8429693223443223,
    {
      "epoch_lwlrap": 0.8429693223443223,
      "loss": 0.017070694959589412,
      "lwlrap": 0.8430250488473778
    }
  ],
  "epoch_27": [
    "out/117_116_10sec/fold0/checkpoints/train.28.pth",
    0.8523443223443223,
    {
      "epoch_lwlrap": 0.8523443223443223,
      "loss": 0.016999020123807322,
      "lwlrap": 0.8523754556767762
    }
  ],
  "epoch_28": [
    "out/117_116_10sec/fold0/checkpoints/train.29.pth",
    0.8599786556036555,
    {
      "epoch_lwlrap": 0.8599786556036555,
      "loss": 0.01597306220753103,
      "lwlrap": 0.8601158645276292
    }
  ],
  "epoch_29": [
    "out/117_116_10sec/fold0/checkpoints/train.30.pth",
    0.8491982323232323,
    {
      "epoch_lwlrap": 0.8491982323232323,
      "loss": 0.01667969728655675,
      "lwlrap": 0.8492548534565342
    }
  ],
  "epoch_30": [
    "out/117_116_10sec/fold0/checkpoints/train.31.pth",
    0.8527083333333332,
    {
      "epoch_lwlrap": 0.8527083333333332,
      "loss": 0.01653126357984142,
      "lwlrap": 0.8527744431105775
    }
  ],
  "epoch_31": [
    "out/117_116_10sec/fold0/checkpoints/train.32.pth",
    0.8571843434343435,
    {
      "epoch_lwlrap": 0.8571843434343435,
      "loss": 0.016635436009020864,
      "lwlrap": 0.8573080747450496
    }
  ],
  "epoch_32": [
    "out/117_116_10sec/fold0/checkpoints/train.33.pth",
    0.8539781746031745,
    {
      "epoch_lwlrap": 0.8539781746031745,
      "loss": 0.016288220874589532,
      "lwlrap": 0.8540749633186607
    }
  ],
  "epoch_33": [
    "out/117_116_10sec/fold0/checkpoints/train.34.pth",
    0.8553205128205128,
    {
      "epoch_lwlrap": 0.8553205128205128,
      "loss": 0.01650936046161321,