{
    "blend": [
        0.8905555555555555,
        0.8555833333333333,
        0.9614035087719298,
        0.6306610580195486,
        0.8624126984126984,
        0.9118589743589745,
        1.0,
        0.8062893081761007,
        0.9705882352941176,
        0.8732303732303732,
        0.9572222222222223,
        0.9059166666666667,
        0.9006666666666667,
        0.9666666666666666,
        0.9330065359477123,
        0.9346405228758169,
        0.9516666666666665,
        0.9259389671361503,
        0.805,
        0.9666666666666667,
        0.9135416666666668,
        0.75,
        1.0,
        0.9659546061415221
    ],
    "015_focal": [
        0.9132051282051282,
        0.8111915204678363,
        0.9404239766081872,
        0.5814162941769695,
        0.8218730158730158,
        0.8717948717948717,
        0.99,
        0.7366590432628168,
        0.9133986928104576,
        0.8743243243243244,
        0.9281904761904762,
        0.896388888888889,
        0.8573333333333335,
        0.9416666666666665,
        0.8867880485527544,
        0.9019607843137255,
        0.9159523809523811,
        0.9233176838810642,
        0.7900476190476191,
        0.9433333333333334,
        0.9112500000000001,
        0.772875816993464,
        1.0,
        0.9404205607476636
    ],
    "016_strong": [
        0.8665384615384616,
        0.868576441102757,
        0.9467418546365914,
        0.6017258161126086,
        0.8648717948717949,
        0.9162393162393163,
        0.98,
        0.7727987421383649,
        0.946078431372549,
        0.7856499356499357,
        0.9353333333333333,
        0.8820995670995672,
        0.8856666666666666,
        0.9266666666666665,
        0.8944444444444445,
        0.8872549019607843,
        0.97,
        0.9348591549295775,
        0.7378431372549019,
        0.9351851851851852,
        0.9029166666666667,
        0.7168845315904139,
        0.9777777777777777,
        0.9575545171339563
    ],
    "035_focal_5s": [
        0.8861904761904763,
        0.8512662337662339,
        0.9638157894736842,
        0.5075817697023602,
        0.8821862745098039,
        0.8826923076923077,
        0.9766666666666666,
        0.7400407768332296,
        0.9362745098039216,
        0.7342862092862092,
        0.9566666666666667,
        0.9010384615384615,
        0.8796666666666667,
        0.97,
        0.9246031746031746,
        0.866013071895425,
        0.9666666666666666,
        0.8793147775542143,
        0.8083419913419914,
        0.9777777777777777,
        0.9013278388278388,
        0.8094771241830065,
        0.9777777777777777,
        0.9501317996645099
    ]
}