{
  "best": {
    "epoch_lwlrap": 0.8700602647698084,
    "loss": 0.0207171733274993,
    "lwlrap": 0.8707822005046243
  },
  "last": {
    "epoch_lwlrap": 0.8700602647698084,
    "loss": 0.0207171733274993,
    "lwlrap": 0.8707822005046243
  },
  "train.55": {
    "epoch_lwlrap": 0.8700602647698084,
    "loss": 0.0207171733274993,
    "lwlrap": 0.8707822005046243
  },
  "epoch_0": [
    "out/122_117_random_sampling_rate_and_duration/fold1/checkpoints/train.1.pth",
    0.22955794583593064,
    {
      "epoch_lwlrap": 0.22955794583593064,
      "loss": 0.055004886669825906,
      "lwlrap": 0.22887181133086407
    }
  ],
  "epoch_1": [
    "out/122_117_random_sampling_rate_and_duration/fold1/checkpoints/train.2.pth",
    0.2720804877088302,
    {
      "epoch_lwlrap": 0.2720804877088302,
      "loss": 0.049500450979179475,
      "lwlrap": 0.2719360841647235
    }
  ],
  "epoch_2": [
    "out/122_117_random_sampling_rate_and_duration/fold1/checkpoints/train.3.pth",
    0.3578950007495284,
    {
      "epoch_lwlrap": 0.3578950007495284,
      "loss": 0.04545757300240078,
      "lwlrap": 0.35853140231181935
    }
  ],
  "epoch_3": [
    "out/122_117_random_sampling_rate_and_duration/fold1/checkpoints/train.4.pth",
    0.39665271668091306,
    {
      "epoch_lwlrap": 0.39665271668091306,
      "loss": 0.042785570402688614,
      "lwlrap": 0.3968197872114108
    }
  ],
  "epoch_4": [
    "out/122_117_random_sampling_rate_and_duration/fold1/checkpoints/train.5.pth",
    0.46363132554013414,
    {
      "epoch_lwlrap": 0.46363132554013414,
      "loss": 0.04128271335036443,
      "lwlrap": 0.46416954262680094
    }
  ],
  "epoch_5": [
    "out/122_117_random_sampling_rate_and_duration/fold1/checkpoints/train.6.pth",
    0.462163183436612,
    {
      "epoch_lwlrap": 0.462163183436612,
      "loss": 0.040468734166415936,
      "lwlrap": 0.462752491957467
    }
  ],
  "epoch_6": [
    "out/122_117_random_sampling_rate_and_duration/fold1/checkpoints/train.7.pth",
    0.5575067812728873,
    {
      "epoch_lwlrap": 0.5575067812728873,
      "loss": 0.03935390220412725,
      "lwlrap": 0.5580898750416198
    }
  ],
  "epoch_7": [
    "out/122_117_random_sampling_rate_and_duration/fold1/checkpoints/train.8.pth",
    0.5622640458556982,
    {
      "epoch_lwlrap": 0.5622640458556982,
      "loss": 0.037062144999388404,
      "lwlrap": 0.5628308204455549
    }
  ],
  "epoch_8": [
    "out/122_117_random_sampling_rate_and_duration/fold1/checkpoints/train.9.pth",
    0.5716937914552023,
    {
      "epoch_lwlrap": 0.5716937914552023,
      "loss": 0.03592750777486507,
      "lwlrap": 0.5721765619763852
    }
  ],
  "epoch_9": [
    "out/122_117_random_sampling_rate_and_duration/fold1/checkpoints/train.10.pth",
    0.5800585726751213,
    {
      "epoch_lwlrap": 0.5800585726751213,
      "loss": 0.03520545025477933,
      "lwlrap": 0.5804636188289437
    }
  ],
  "epoch_10": [
    "out/122_117_random_sampling_rate_and_duration/fold1/checkpoints/train.11.pth",
    0.5815811666434072,
    {
      "epoch_lwlrap": 0.5815811666434072,
      "loss": 0.03569384101573928,
      "lwlrap": 0.5821170803357381
    }
  ],
  "epoch_11": [
    "out/122_117_random_sampling_rate_and_duration/fold1/checkpoints/train.12.pth",
    0.5791658199206084,
    {
      "epoch_lwlrap": 0.5791658199206084,
      "loss": 0.0356521164754775,
      "lwlrap": 0.5795834184790288
    }
  ],
  "epoch_12": [
    "out/122_117_random_sampling_rate_and_duration/fold1/checkpoints/train.13.pth",
    0.5763430684928121,
    {
      "epoch_lwlrap": 0.5763430684928121,
      "loss": 0.035029433934874676,
      "lwlrap": 0.5768440239621453
    }
  ],
  "epoch_13": [
    "out/122_117_random_sampling_rate_and_duration/fold1/checkpoints/train.14.pth",
    0.5990114386196885,
    {
      "epoch_lwlrap": 0.5990114386196885,
      "loss": 0.03375670166081014,
      "lwlrap": 0.5994551143313196
    }
  ],
  "epoch_14": [
    "out/122_117_random_sampling_rate_and_duration/fold1/checkpoints/train.15.pth",
    0.6106489596970436,
    {
      "epoch_lwlrap": 0.6106489596970436,
      "loss": 0.034209414043381244,
      "lwlrap": 0.6109540576919065
    }
  ],
  "epoch_15": [
    "out/122_117_random_sampling_rate_and_duration/fold1/checkpoints/train.16.pth",
    0.6272051156204195,
    {
      "epoch_lwlrap": 0.6272051156204195,
      "loss": 0.03135048029040485,
      "lwlrap": 0.6275027602439934
    }
  ],
  "epoch_16": [
    "out/122_117_random_sampling_rate_and_duration/fold1/checkpoints/train.17.pth",
    0.6755166686701957,
    {
      "epoch_lwlrap": 0.6755166686701957,
      "loss": 0.02931790750961012,
      "lwlrap": 0.6754936935894668
    }
  ],
  "epoch_17": [
    "out/122_117_random_sampling_rate_and_duration/fold1/checkpoints/train.18.pth",
    0.6855775004969538,
    {
      "epoch_lwlrap": 0.6855775004969538,
      "loss": 0.031735015820853314,
      "lwlrap": 0.6853909711238145
    }
  ],
  "epoch_18": [
    "out/122_117_random_sampling_rate_and_duration/fold1/checkpoints/train.19.pth",
    0.6905627488669638,
    {
      "epoch_lwlrap": 0.6905627488669638,
      "loss": 0.03106212141267358,
      "lwlrap": 0.6901715327058822
    }
  ],
  "epoch_19": [
    "out/122_117_random_sampling_rate_and_duration/fold1/checkpoints/train.20.pth",
    0.7020990305222671,
    {
      "epoch_lwlrap": 0.7020990305222671,
      "loss": 0.030606773190734758,
      "lwlrap": 0.7024282998932438
    }
  ],
  "epoch_20": [
    "out/122_117_random_sampling_rate_and_duration/fold1/checkpoints/train.21.pth",
    0.7252260109161179,
    {
      "epoch_lwlrap": 0.7252260109161179,
      "loss": 0.027287460832153193,
      "lwlrap": 0.7260342837418131
    }
  ],
  "epoch_21": [
    "out/122_117_random_sampling_rate_and_duration/fold1/checkpoints/train.22.pth",
    0.7207714830121469,
    {
      "epoch_lwlrap": 0.7207714830121469,
      "loss": 0.026577844508463823,
      "lwlrap": 0.7214464367106225
    }
  ],
  "epoch_22": [
    "out/122_117_random_sampling_rate_and_duration/fold1/checkpoints/train.23.pth",
    0.7373495338225629,
    {
      "epoch_lwlrap": 0.7373495338225629,
      "loss": 0.02655415835825703,
      "lwlrap": 0.7381192705460173
    }
  ],
  "epoch_23": [
    "out/122_117_random_sampling_rate_and_duration/fold1/checkpoints/train.24.pth",
    0.7857966146347888,
    {
      "epoch_lwlrap": 0.7857966146347888,
      "loss": 0.022925948425498693,
      "lwlrap": 0.7866199530128248
    }
  ],
  "epoch_24": [
    "out/122_117_random_sampling_rate_and_duration/fold1/checkpoints/train.25.pth",
    0.8337434810463855,
    {
      "epoch_lwlrap": 0.8337434810463855,
      "loss": 0.01899481497170553,
      "lwlrap": 0.8347514442438587
    }
  ],
  "epoch_25": [
    "out/122_117_random_sampling_rate_and_duration/fold1/checkpoints/train.26.pth",
    0.823464041721303,
    {
      "epoch_lwlrap": 0.823464041721303,
      "loss": 0.020430982022503003,
      "lwlrap": 0.8242687126867574
    }
  ],
  "epoch_26": [
    "out/122_117_random_sampling_rate_and_duration/fold1/checkpoints/train.27.pth",
    0.8347790291773693,
    {
      "epoch_lwlrap": 0.8347790291773693,
      "loss": 0.019520344397343917,
      "lwlrap": 0.8358714379965196
    }
  ],
  "epoch_27": [
    "out/122_117_random_sampling_rate_and_duration/fold1/checkpoints/train.28.pth",
    0.8384108745104595,
    {
      "epoch_lwlrap": 0.8384108745104595,
      "loss": 0.01861999346579932,
      "lwlrap": 0.8395291133255764
    }
  ],
  "epoch_28": [
    "out/122_117_random_sampling_rate_and_duration/fold1/checkpoints/train.29.pth",
    0.8277036817493248,
    {
      "epoch_lwlrap": 0.8277036817493248,
      "loss": 0.020375901133702277,
      "lwlrap": 0.828881777522795
    }
  ],
  "epoch_29": [
    "out/122_117_random_sampling_rate_and_duration/fold1/checkpoints/train.30.pth",
    0.8324476238376652,
    {
      "epoch_lwlrap": 0.8324476238376652,
      "loss": 0.019323715401758375,
      "lwlrap": 0.8334668196265947
    }
  ],