{
  "best": {
    "epoch_lwlrap": 0.8791879194801292,
    "lwlrap": 0.8793966631016341,
    "loss": 0.22618063678183598
  },
  "last": {
    "epoch_lwlrap": 0.8570375385960536,
    "lwlrap": 0.8567021065982691,
    "loss": 0.23997536441527362
  },
  "train.48": {
    "epoch_lwlrap": 0.8791879194801292,
    "lwlrap": 0.8793966631016341,
    "loss": 0.22618063678183598
  },
  "epoch_0": [
    "out/072_ResNest_focal_55_epoch_RandomCrop_additional_label/fold2/checkpoints/train.1.pth",
    0.2366756342402771,
    {
      "epoch_lwlrap": 0.2366756342402771,
      "lwlrap": 0.23653114292071412,
      "loss": 0.7221555850710966
    }
  ],
  "epoch_1": [
    "out/072_ResNest_focal_55_epoch_RandomCrop_additional_label/fold2/checkpoints/train.2.pth",
    0.3352142841355323,
    {
      "epoch_lwlrap": 0.3352142841355323,
      "lwlrap": 0.33671785770900686,
      "loss": 0.5531380188248062
    }
  ],
  "epoch_2": [
    "out/072_ResNest_focal_55_epoch_RandomCrop_additional_label/fold2/checkpoints/train.3.pth",
    0.37597781858567825,
    {
      "epoch_lwlrap": 0.37597781858567825,
      "lwlrap": 0.3740765962260183,
      "loss": 0.5405767683374675
    }
  ],
  "epoch_3": [
    "out/072_ResNest_focal_55_epoch_RandomCrop_additional_label/fold2/checkpoints/train.4.pth",
    0.43551475034554066,
    {
      "epoch_lwlrap": 0.43551475034554066,
      "lwlrap": 0.43569535967765105,
      "loss": 0.5017830084920227
    }
  ],
  "epoch_4": [
    "out/072_ResNest_focal_55_epoch_RandomCrop_additional_label/fold2/checkpoints/train.5.pth",
    0.5016318332743286,
    {
      "epoch_lwlrap": 0.5016318332743286,
      "lwlrap": 0.5029201241769552,
      "loss": 0.4786732922660924
    }
  ],
  "epoch_5": [
    "out/072_ResNest_focal_55_epoch_RandomCrop_additional_label/fold2/checkpoints/train.6.pth",
    0.4976624152384276,
    {
      "epoch_lwlrap": 0.4976624152384276,
      "lwlrap": 0.49635782779817844,
      "loss": 0.4652327628156534
    }
  ],
  "epoch_6": [
    "out/072_ResNest_focal_55_epoch_RandomCrop_additional_label/fold2/checkpoints/train.7.pth",
    0.5772378316862982,
    {
      "epoch_lwlrap": 0.5772378316862982,
      "lwlrap": 0.5778447417998154,
      "loss": 0.4319614572733142
    }
  ],
  "epoch_7": [
    "out/072_ResNest_focal_55_epoch_RandomCrop_additional_label/fold2/checkpoints/train.8.pth",
    0.651612667802115,
    {
      "epoch_lwlrap": 0.651612667802115,
      "lwlrap": 0.6527252754420473,
      "loss": 0.386600992592136
    }
  ],
  "epoch_8": [
    "out/072_ResNest_focal_55_epoch_RandomCrop_additional_label/fold2/checkpoints/train.9.pth",
    0.6673887492727071,
    {
      "epoch_lwlrap": 0.6673887492727071,
      "lwlrap": 0.6688157557363825,
      "loss": 0.3789213582878664
    }
  ],
  "epoch_9": [
    "out/072_ResNest_focal_55_epoch_RandomCrop_additional_label/fold2/checkpoints/train.10.pth",
    0.6639381355724534,
    {
      "epoch_lwlrap": 0.6639381355724534,
      "lwlrap": 0.6655024613285965,
      "loss": 0.37551513467461495
    }
  ],
  "epoch_10": [
    "out/072_ResNest_focal_55_epoch_RandomCrop_additional_label/fold2/checkpoints/train.11.pth",
    0.6650630550379544,
    {
      "epoch_lwlrap": 0.6650630550379544,
      "lwlrap": 0.6667197856083116,
      "loss": 0.37489934288755317
    }
  ],
  "epoch_11": [
    "out/072_ResNest_focal_55_epoch_RandomCrop_additional_label/fold2/checkpoints/train.12.pth",
    0.6640760045987075,
    {
      "epoch_lwlrap": 0.6640760045987075,
      "lwlrap": 0.6653743925686649,
      "loss": 0.37555016684174664
    }
  ],
  "epoch_12": [
    "out/072_ResNest_focal_55_epoch_RandomCrop_additional_label/fold2/checkpoints/train.13.pth",
    0.6847402391495818,
    {
      "epoch_lwlrap": 0.6847402391495818,
      "lwlrap": 0.6859824205986952,
      "loss": 0.36775325583703017
    }
  ],
  "epoch_13": [
    "out/072_ResNest_focal_55_epoch_RandomCrop_additional_label/fold2/checkpoints/train.14.pth",
    0.6721926789895896,
    {
      "epoch_lwlrap": 0.6721926789895896,
      "lwlrap": 0.6743719267634204,
      "loss": 0.3686398273863906
    }
  ],
  "epoch_14": [
    "out/072_ResNest_focal_55_epoch_RandomCrop_additional_label/fold2/checkpoints/train.15.pth",
    0.646222408744795,
    {
      "epoch_lwlrap": 0.646222408744795,
      "lwlrap": 0.6492457595899073,
      "loss": 0.39340293019882316
    }
  ],
  "epoch_15": [
    "out/072_ResNest_focal_55_epoch_RandomCrop_additional_label/fold2/checkpoints/train.16.pth",
    0.6407894911642829,
    {
      "epoch_lwlrap": 0.6407894911642829,
      "lwlrap": 0.639411596288716,
      "loss": 0.41032115591344803
    }
  ],
  "epoch_16": [
    "out/072_ResNest_focal_55_epoch_RandomCrop_additional_label/fold2/checkpoints/train.17.pth",
    0.6911460421216666,
    {
      "epoch_lwlrap": 0.6911460421216666,
      "lwlrap": 0.6922427497901957,
      "loss": 0.3700863438705297
    }
  ],
  "epoch_17": [
    "out/072_ResNest_focal_55_epoch_RandomCrop_additional_label/fold2/checkpoints/train.18.pth",
    0.6686718642091947,
    {
      "epoch_lwlrap": 0.6686718642091947,
      "lwlrap": 0.669334711954315,
      "loss": 0.36570807104023895
    }
  ],
  "epoch_18": [
    "out/072_ResNest_focal_55_epoch_RandomCrop_additional_label/fold2/checkpoints/train.19.pth",
    0.6608827611253589,
    {
      "epoch_lwlrap": 0.6608827611253589,
      "lwlrap": 0.661427276361002,
      "loss": 0.37742867674286223
    }
  ],
  "epoch_19": [
    "out/072_ResNest_focal_55_epoch_RandomCrop_additional_label/fold2/checkpoints/train.20.pth",
    0.6764566451140228,
    {
      "epoch_lwlrap": 0.6764566451140228,
      "lwlrap": 0.6786822018192858,
      "loss": 0.389168222752353
    }
  ],
  "epoch_20": [
    "out/072_ResNest_focal_55_epoch_RandomCrop_additional_label/fold2/checkpoints/train.21.pth",
    0.6500958343979869,
    {
      "epoch_lwlrap": 0.6500958343979869,
      "lwlrap": 0.6505564401107748,
      "loss": 0.386276668544775
    }
  ],
  "epoch_21": [
    "out/072_ResNest_focal_55_epoch_RandomCrop_additional_label/fold2/checkpoints/train.22.pth",
    0.7746414779954962,
    {
      "epoch_lwlrap": 0.7746414779954962,
      "lwlrap": 0.7769458252555111,
      "loss": 0.3226909004524217
    }
  ],
  "epoch_22": [
    "out/072_ResNest_focal_55_epoch_RandomCrop_additional_label/fold2/checkpoints/train.23.pth",
    0.7622146593828975,
    {
      "epoch_lwlrap": 0.7622146593828975,
      "lwlrap": 0.7627620379257254,
      "loss": 0.32465431781240295
    }
  ],
  "epoch_23": [
    "out/072_ResNest_focal_55_epoch_RandomCrop_additional_label/fold2/checkpoints/train.24.pth",
    0.7391266609664389,
    {
      "epoch_lwlrap": 0.7391266609664389,
      "lwlrap": 0.742034400012959,
      "loss": 0.30737262376926916
    }
  ],
  "epoch_24": [
    "out/072_ResNest_focal_55_epoch_RandomCrop_additional_label/fold2/checkpoints/train.25.pth",
    0.8347684259463308,
    {
      "epoch_lwlrap": 0.8347684259463308,
      "lwlrap": 0.8354017871830179,
      "loss": 0.2816375714568145
    }
  ],
  "epoch_25": [
    "out/072_ResNest_focal_55_epoch_RandomCrop_additional_label/fold2/checkpoints/train.26.pth",
    0.8237753226918667,
    {
      "epoch_lwlrap": 0.8237753226918667,
      "lwlrap": 0.8250202596416522,
      "loss": 0.2654632306400048
    }
  ],
  "epoch_26": [
    "out/072_ResNest_focal_55_epoch_RandomCrop_additional_label/fold2/checkpoints/train.27.pth",
    0.851741873122992,
    {
      "epoch_lwlrap": 0.851741873122992,
      "lwlrap": 0.8521244035977876,
      "loss": 0.24473813477529877
    }
  ],
  "epoch_27": [
    "out/072_ResNest_focal_55_epoch_RandomCrop_additional_label/fold2/checkpoints/train.28.pth",
    0.851625995439498,
    {
      "epoch_lwlrap": 0.851625995439498,
      "lwlrap": 0.851377206283114,
      "loss": 0.263044015512067
    }
  ],
  "epoch_28": [
    "out/072_ResNest_focal_55_epoch_RandomCrop_additional_label/fold2/checkpoints/train.29.pth",
    0.8621773554157348,
    {
      "epoch_lwlrap": 0.8621773554157348,
      "lwlrap": 0.8625392586835201,