{
  "best": {
    "epoch_lwlrap": 0.8407071783937454,
    "lwlrap": 0.8385947685755675,
    "loss": 0.34061765670776367
  },
  "last": {
    "epoch_lwlrap": 0.8336117033878228,
    "lwlrap": 0.8322093827973245,
    "loss": 0.3623298037619818
  },
  "train.31": {
    "epoch_lwlrap": 0.8407071783937454,
    "lwlrap": 0.8385947685755675,
    "loss": 0.34061765670776367
  },
  "epoch_0": [
    "out/025_ResNest_Focal_15s_5fold/fold4/checkpoints/train.1.pth",
    0.25344862007426194,
    {
      "epoch_lwlrap": 0.25344862007426194,
      "lwlrap": 0.2549746909121565,
      "loss": 0.6242209502628872
    }
  ],
  "epoch_1": [
    "out/025_ResNest_Focal_15s_5fold/fold4/checkpoints/train.2.pth",
    0.34192426833201034,
    {
      "epoch_lwlrap": 0.34192426833201034,
      "lwlrap": 0.34342546238981475,
      "loss": 0.5659840220496768
    }
  ],
  "epoch_2": [
    "out/025_ResNest_Focal_15s_5fold/fold4/checkpoints/train.3.pth",
    0.41958045674521216,
    {
      "epoch_lwlrap": 0.41958045674521216,
      "lwlrap": 0.420284710342351,
      "loss": 0.5500386981737044
    }
  ],
  "epoch_3": [
    "out/025_ResNest_Focal_15s_5fold/fold4/checkpoints/train.4.pth",
    0.5077885194626854,
    {
      "epoch_lwlrap": 0.5077885194626854,
      "lwlrap": 0.5079698973786239,
      "loss": 0.5304153362909954
    }
  ],
  "epoch_4": [
    "out/025_ResNest_Focal_15s_5fold/fold4/checkpoints/train.5.pth",
    0.6090892349336968,
    {
      "epoch_lwlrap": 0.6090892349336968,
      "lwlrap": 0.6086179883826824,
      "loss": 0.4752140428338732
    }
  ],
  "epoch_5": [
    "out/025_ResNest_Focal_15s_5fold/fold4/checkpoints/train.6.pth",
    0.6398799961135343,
    {
      "epoch_lwlrap": 0.6398799961135343,
      "lwlrap": 0.6362952061233212,
      "loss": 0.4129082333473932
    }
  ],
  "epoch_6": [
    "out/025_ResNest_Focal_15s_5fold/fold4/checkpoints/train.7.pth",
    0.660884996502863,
    {
      "epoch_lwlrap": 0.660884996502863,
      "lwlrap": 0.6571864270944193,
      "loss": 0.4431722164154053
    }
  ],
  "epoch_7": [
    "out/025_ResNest_Focal_15s_5fold/fold4/checkpoints/train.8.pth",
    0.719167596499686,
    {
      "epoch_lwlrap": 0.719167596499686,
      "lwlrap": 0.7156832516490735,
      "loss": 0.3841895290783473
    }
  ],
  "epoch_8": [
    "out/025_ResNest_Focal_15s_5fold/fold4/checkpoints/train.9.pth",
    0.7643067131873101,
    {
      "epoch_lwlrap": 0.7643067131873101,
      "lwlrap": 0.7619117396513709,
      "loss": 0.3436134741419838
    }
  ],
  "epoch_9": [
    "out/025_ResNest_Focal_15s_5fold/fold4/checkpoints/train.10.pth",
    0.771380583554091,
    {
      "epoch_lwlrap": 0.771380583554091,
      "lwlrap": 0.7690464031900284,
      "loss": 0.3333713029112135
    }
  ],
  "epoch_10": [
    "out/025_ResNest_Focal_15s_5fold/fold4/checkpoints/train.11.pth",
    0.7723393314811225,
    {
      "epoch_lwlrap": 0.7723393314811225,
      "lwlrap": 0.7698846333446947,
      "loss": 0.3336174289385478
    }
  ],
  "epoch_11": [
    "out/025_ResNest_Focal_15s_5fold/fold4/checkpoints/train.12.pth",
    0.7779428749111585,
    {
      "epoch_lwlrap": 0.7779428749111585,
      "lwlrap": 0.7761220890249307,
      "loss": 0.33718285674140563
    }
  ],
  "epoch_12": [
    "out/025_ResNest_Focal_15s_5fold/fold4/checkpoints/train.13.pth",
    0.7735296937722311,
    {
      "epoch_lwlrap": 0.7735296937722311,
      "lwlrap": 0.773315077850408,
      "loss": 0.3810233573118845
    }
  ],
  "epoch_13": [
    "out/025_ResNest_Focal_15s_5fold/fold4/checkpoints/train.14.pth",
    0.7735553625478998,
    {
      "epoch_lwlrap": 0.7735553625478998,
      "lwlrap": 0.7711361671269505,
      "loss": 0.3606093298821222
    }
  ],
  "epoch_14": [
    "out/025_ResNest_Focal_15s_5fold/fold4/checkpoints/train.15.pth",
    0.763666239603985,
    {
      "epoch_lwlrap": 0.763666239603985,
      "lwlrap": 0.7621659863254575,
      "loss": 0.32883045857860926
    }
  ],
  "epoch_15": [
    "out/025_ResNest_Focal_15s_5fold/fold4/checkpoints/train.16.pth",
    0.6457563129973138,
    {
      "epoch_lwlrap": 0.6457563129973138,
      "lwlrap": 0.6403987998186969,
      "loss": 0.44007371153150293
    }
  ],
  "epoch_16": [
    "out/025_ResNest_Focal_15s_5fold/fold4/checkpoints/train.17.pth",
    0.7398373596019268,
    {
      "epoch_lwlrap": 0.7398373596019268,
      "lwlrap": 0.736302716552178,
      "loss": 0.34921424871399287
    }
  ],
  "epoch_17": [
    "out/025_ResNest_Focal_15s_5fold/fold4/checkpoints/train.18.pth",
    0.7506113652102457,
    {
      "epoch_lwlrap": 0.7506113652102457,
      "lwlrap": 0.7478657932142956,
      "loss": 0.3669403592745463
    }
  ],
  "epoch_18": [
    "out/025_ResNest_Focal_15s_5fold/fold4/checkpoints/train.19.pth",
    0.6129630792236481,
    {
      "epoch_lwlrap": 0.6129630792236481,
      "lwlrap": 0.609221008295537,
      "loss": 0.5074923095248993
    }
  ],
  "epoch_19": [
    "out/025_ResNest_Focal_15s_5fold/fold4/checkpoints/train.20.pth",
    0.7296604543739611,
    {
      "epoch_lwlrap": 0.7296604543739611,
      "lwlrap": 0.7287842925754855,
      "loss": 0.39550840996560593
    }
  ],
  "epoch_20": [
    "out/025_ResNest_Focal_15s_5fold/fold4/checkpoints/train.21.pth",
    0.755781358920077,
    {
      "epoch_lwlrap": 0.755781358920077,
      "lwlrap": 0.7544601427824975,
      "loss": 0.34656204212279546
    }
  ],
  "epoch_21": [
    "out/025_ResNest_Focal_15s_5fold/fold4/checkpoints/train.22.pth",
    0.7626778227990915,
    {
      "epoch_lwlrap": 0.7626778227990915,
      "lwlrap": 0.7615232191643481,
      "loss": 0.39443988459450857
    }
  ],
  "epoch_22": [
    "out/025_ResNest_Focal_15s_5fold/fold4/checkpoints/train.23.pth",
    0.772624906458456,
    {
      "epoch_lwlrap": 0.772624906458456,
      "lwlrap": 0.7686837186426446,
      "loss": 0.33354253144491286
    }
  ],
  "epoch_23": [
    "out/025_ResNest_Focal_15s_5fold/fold4/checkpoints/train.24.pth",
    0.8147124087257976,
    {
      "epoch_lwlrap": 0.8147124087257976,
      "lwlrap": 0.8126566857363073,
      "loss": 0.3553329436551957
    }
  ],
  "epoch_24": [
    "out/025_ResNest_Focal_15s_5fold/fold4/checkpoints/train.25.pth",
    0.7963781962355272,
    {
      "epoch_lwlrap": 0.7963781962355272,
      "lwlrap": 0.7959331724017276,
      "loss": 0.3512178361415863
    }
  ],
  "epoch_25": [
    "out/025_ResNest_Focal_15s_5fold/fold4/checkpoints/train.26.pth",
    0.7913210649218112,
    {
      "epoch_lwlrap": 0.7913210649218112,
      "lwlrap": 0.7890892042332135,
      "loss": 0.39245322062855675
    }
  ],
  "epoch_26": [
    "out/025_ResNest_Focal_15s_5fold/fold4/checkpoints/train.27.pth",
    0.818337021601947,
    {
      "epoch_lwlrap": 0.818337021601947,
      "lwlrap": 0.8152561642288984,
      "loss": 0.3081981369427272
    }
  ],
  "epoch_27": [
    "out/025_ResNest_Focal_15s_5fold/fold4/checkpoints/train.28.pth",
    0.8201375428054533,
    {
      "epoch_lwlrap": 0.8201375428054533,
      "lwlrap": 0.8168993642899174,
      "loss": 0.34532328446706134
    }
  ],
  "epoch_28": [
    "out/025_ResNest_Focal_15s_5fold/fold4/checkpoints/train.29.pth",
    0.8365971818397191,
    {
      "epoch_lwlrap": 0.8365971818397191,
      "lwlrap": 0.8346976595402095,
      "loss": 0.336833982240586
    }
  ],
  "epoch_29": [
    "out/025_ResNest_Focal_15s_5fold/fold4/checkpoints/train.30.pth",
    0.8302804161013116,
    {
      "epoch_lwlrap": 0.8302804161013116,
      "lwlrap": 0.8274868321642516,
      "loss": 0.3368450743811471
    }
  ],
  "epoch_30": [
    "out/025_ResNest_Focal_15s_5fold/fold4/checkpoints/train.31.pth",
    0.8407071783937454,
    {
      "epoch_lwlrap": 0.8407071783937454,
      "lwlrap": 0.8385947685755675,
      "loss": 0.34061765670776367
    }
  ],
  "epoch_31": [
    "out/025_ResNest_Focal_15s_5fold/fold4/checkpoints/train.32.pth",
    0.8334206941483061,
    {
      "epoch_lwlrap": 0.8334206941483061,
      "lwlrap": 0.831421090998664,
      "loss": 0.3322226433526902
    }
  ],