{
  "best": {
    "epoch_lwlrap": 0.865113957579711,
    "loss": 0.23755386260818673,
    "lwlrap": 0.8651139575797111
  },
  "last": {
    "epoch_lwlrap": 0.8407285700093918,
    "loss": 0.2599102888749615,
    "lwlrap": 0.8407285700093919
  },
  "train.52": {
    "epoch_lwlrap": 0.865113957579711,
    "loss": 0.23755386260818673,
    "lwlrap": 0.8651139575797111
  },
  "epoch_0": [
    "out/083_ResNest_LogmelMixup/fold4/checkpoints/train.1.pth",
    0.2476857479486477,
    {
      "epoch_lwlrap": 0.2476857479486477,
      "loss": 0.6636619420900737,
      "lwlrap": 0.2476857479486477
    }
  ],
  "epoch_1": [
    "out/083_ResNest_LogmelMixup/fold4/checkpoints/train.2.pth",
    0.2778891413338379,
    {
      "epoch_lwlrap": 0.2778891413338379,
      "loss": 0.630798275884428,
      "lwlrap": 0.2778891413338379
    }
  ],
  "epoch_2": [
    "out/083_ResNest_LogmelMixup/fold4/checkpoints/train.3.pth",
    0.3017991255173337,
    {
      "epoch_lwlrap": 0.3017991255173337,
      "loss": 0.6204364912150657,
      "lwlrap": 0.3017991255173337
    }
  ],
  "epoch_3": [
    "out/083_ResNest_LogmelMixup/fold4/checkpoints/train.4.pth",
    0.28437363345226274,
    {
      "epoch_lwlrap": 0.28437363345226274,
      "loss": 0.6161107214074157,
      "lwlrap": 0.28437363345226274
    }
  ],
  "epoch_4": [
    "out/083_ResNest_LogmelMixup/fold4/checkpoints/train.5.pth",
    0.3223134840633462,
    {
      "epoch_lwlrap": 0.3223134840633462,
      "loss": 0.6221193932507136,
      "lwlrap": 0.32231348406334626
    }
  ],
  "epoch_5": [
    "out/083_ResNest_LogmelMixup/fold4/checkpoints/train.6.pth",
    0.36509265193270574,
    {
      "epoch_lwlrap": 0.36509265193270574,
      "loss": 0.5777892579226733,
      "lwlrap": 0.36509265193270585
    }
  ],
  "epoch_6": [
    "out/083_ResNest_LogmelMixup/fold4/checkpoints/train.7.pth",
    0.34976949628659326,
    {
      "epoch_lwlrap": 0.34976949628659326,
      "loss": 0.5962986878064125,
      "lwlrap": 0.3497694962865933
    }
  ],
  "epoch_7": [
    "out/083_ResNest_LogmelMixup/fold4/checkpoints/train.8.pth",
    0.35269239364203653,
    {
      "epoch_lwlrap": 0.35269239364203653,
      "loss": 0.5826427032958427,
      "lwlrap": 0.3526923936420366
    }
  ],
  "epoch_8": [
    "out/083_ResNest_LogmelMixup/fold4/checkpoints/train.9.pth",
    0.37998722177069433,
    {
      "epoch_lwlrap": 0.37998722177069433,
      "loss": 0.5736257967339259,
      "lwlrap": 0.3799872217706944
    }
  ],
  "epoch_9": [
    "out/083_ResNest_LogmelMixup/fold4/checkpoints/train.10.pth",
    0.3857546513596388,
    {
      "epoch_lwlrap": 0.3857546513596388,
      "loss": 0.5704032378653957,
      "lwlrap": 0.3857546513596388
    }
  ],
  "epoch_10": [
    "out/083_ResNest_LogmelMixup/fold4/checkpoints/train.11.pth",
    0.3798822172968659,
    {
      "epoch_lwlrap": 0.3798822172968659,
      "loss": 0.5692640670902653,
      "lwlrap": 0.37988221729686594
    }
  ],
  "epoch_11": [
    "out/083_ResNest_LogmelMixup/fold4/checkpoints/train.12.pth",
    0.39004941564899576,
    {
      "epoch_lwlrap": 0.39004941564899576,
      "loss": 0.5738472040385416,
      "lwlrap": 0.3900494156489958
    }
  ],
  "epoch_12": [
    "out/083_ResNest_LogmelMixup/fold4/checkpoints/train.13.pth",
    0.39706004213941914,
    {
      "epoch_lwlrap": 0.39706004213941914,
      "loss": 0.5662017600721421,
      "lwlrap": 0.39706004213941914
    }
  ],
  "epoch_13": [
    "out/083_ResNest_LogmelMixup/fold4/checkpoints/train.14.pth",
    0.43401958170820293,
    {
      "epoch_lwlrap": 0.43401958170820293,
      "loss": 0.5544818422021387,
      "lwlrap": 0.43401958170820293
    }
  ],
  "epoch_14": [
    "out/083_ResNest_LogmelMixup/fold4/checkpoints/train.15.pth",
    0.47180086709176705,
    {
      "epoch_lwlrap": 0.47180086709176705,
      "loss": 0.5588345617464143,
      "lwlrap": 0.471800867091767
    }
  ],
  "epoch_15": [
    "out/083_ResNest_LogmelMixup/fold4/checkpoints/train.16.pth",
    0.5066181005168028,
    {
      "epoch_lwlrap": 0.5066181005168028,
      "loss": 0.504192831173335,
      "lwlrap": 0.5066181005168028
    }
  ],
  "epoch_16": [
    "out/083_ResNest_LogmelMixup/fold4/checkpoints/train.17.pth",
    0.5236617834220574,
    {
      "epoch_lwlrap": 0.5236617834220574,
      "loss": 0.5162406680790801,
      "lwlrap": 0.5236617834220574
    }
  ],
  "epoch_17": [
    "out/083_ResNest_LogmelMixup/fold4/checkpoints/train.18.pth",
    0.572302568256065,
    {
      "epoch_lwlrap": 0.572302568256065,
      "loss": 0.45342074477509275,
      "lwlrap": 0.5723025682560651
    }
  ],
  "epoch_18": [
    "out/083_ResNest_LogmelMixup/fold4/checkpoints/train.19.pth",
    0.589425091651119,
    {
      "epoch_lwlrap": 0.589425091651119,
      "loss": 0.4292962153752645,
      "lwlrap": 0.589425091651119
    }
  ],
  "epoch_19": [
    "out/083_ResNest_LogmelMixup/fold4/checkpoints/train.20.pth",
    0.5951158512600898,
    {
      "epoch_lwlrap": 0.5951158512600898,
      "loss": 0.4477730977208647,
      "lwlrap": 0.5951158512600898
    }
  ],
  "epoch_20": [
    "out/083_ResNest_LogmelMixup/fold4/checkpoints/train.21.pth",
    0.6693118372509992,
    {
      "epoch_lwlrap": 0.6693118372509992,
      "loss": 0.44197572012470193,
      "lwlrap": 0.6693118372509992
    }
  ],
  "epoch_21": [
    "out/083_ResNest_LogmelMixup/fold4/checkpoints/train.22.pth",
    0.6797570640058289,
    {
      "epoch_lwlrap": 0.6797570640058289,
      "loss": 0.3844055355139519,
      "lwlrap": 0.679757064005829
    }
  ],
  "epoch_22": [
    "out/083_ResNest_LogmelMixup/fold4/checkpoints/train.23.pth",
    0.7411863586319669,
    {
      "epoch_lwlrap": 0.7411863586319669,
      "loss": 0.388445903449298,
      "lwlrap": 0.7411863586319669
    }
  ],
  "epoch_23": [
    "out/083_ResNest_LogmelMixup/fold4/checkpoints/train.24.pth",
    0.7182634354721436,
    {
      "epoch_lwlrap": 0.7182634354721436,
      "loss": 0.3815557944448027,
      "lwlrap": 0.7182634354721437
    }
  ],
  "epoch_24": [
    "out/083_ResNest_LogmelMixup/fold4/checkpoints/train.25.pth",
    0.7757474047488466,
    {
      "epoch_lwlrap": 0.7757474047488466,
      "loss": 0.34398783369151426,
      "lwlrap": 0.7757474047488467
    }
  ],
  "epoch_25": [
    "out/083_ResNest_LogmelMixup/fold4/checkpoints/train.26.pth",
    0.8107535919179754,
    {
      "epoch_lwlrap": 0.8107535919179754,
      "loss": 0.30948883961869156,
      "lwlrap": 0.8107535919179756
    }
  ],
  "epoch_26": [
    "out/083_ResNest_LogmelMixup/fold4/checkpoints/train.27.pth",
    0.8215499787640943,
    {
      "epoch_lwlrap": 0.8215499787640943,
      "loss": 0.3090573315206728,
      "lwlrap": 0.8215499787640942
    }
  ],
  "epoch_27": [
    "out/083_ResNest_LogmelMixup/fold4/checkpoints/train.28.pth",
    0.8270529825324345,
    {
      "epoch_lwlrap": 0.8270529825324345,
      "loss": 0.2911050407445594,
      "lwlrap": 0.8270529825324345
    }
  ],
  "epoch_28": [
    "out/083_ResNest_LogmelMixup/fold4/checkpoints/train.29.pth",
    0.8289004691401951,
    {
      "epoch_lwlrap": 0.8289004691401951,
      "loss": 0.29184354685212927,
      "lwlrap": 0.8289004691401952
    }
  ],
  "epoch_29": [
    "out/083_ResNest_LogmelMixup/fold4/checkpoints/train.30.pth",
    0.8302075397965808,
    {
      "epoch_lwlrap": 0.8302075397965808,
      "loss": 0.29615720875187007,
      "lwlrap": 0.8302075397965809
    }
  ],
  "epoch_30": [
    "out/083_ResNest_LogmelMixup/fold4/checkpoints/train.31.pth",
    0.826754316802665,
    {
      "epoch_lwlrap": 0.826754316802665,
      "loss": 0.2903857794526505,
      "lwlrap": 0.826754316802665
    }
  ],
  "epoch_31": [
    "out/083_ResNest_LogmelMixup/fold4/checkpoints/train.32.pth",
    0.8363957579711003,
    {
      "epoch_lwlrap": 0.8363957579711003,
      "loss": 0.28893655674642627,
      "lwlrap": 0.8363957579711006
    }
  ],