{
  "best": {
    "epoch_lwlrap": 0.8875616427800893,
    "loss": 0.020611363758401172,
    "lwlrap": 0.8874586650047686
  },
  "last": {
    "epoch_lwlrap": 0.8647133610725843,
    "loss": 0.022410371499817547,
    "lwlrap": 0.8645789071131129
  },
  "train.52": {
    "epoch_lwlrap": 0.8875616427800893,
    "loss": 0.020611363758401172,
    "lwlrap": 0.8874586650047686
  },
  "epoch_0": [
    "out/103_102_bcefocal2wayloss/fold3/checkpoints/train.1.pth",
    0.2713051937408696,
    {
      "epoch_lwlrap": 0.2713051937408696,
      "loss": 0.07208179010123741,
      "lwlrap": 0.27103197350957325
    }
  ],
  "epoch_1": [
    "out/103_102_bcefocal2wayloss/fold3/checkpoints/train.2.pth",
    0.3188890278413901,
    {
      "epoch_lwlrap": 0.3188890278413901,
      "loss": 0.0679778591161821,
      "lwlrap": 0.31914361243316297
    }
  ],
  "epoch_2": [
    "out/103_102_bcefocal2wayloss/fold3/checkpoints/train.3.pth",
    0.3186404672147781,
    {
      "epoch_lwlrap": 0.3186404672147781,
      "loss": 0.06643982558715633,
      "lwlrap": 0.3188569120767862
    }
  ],
  "epoch_3": [
    "out/103_102_bcefocal2wayloss/fold3/checkpoints/train.4.pth",
    0.3262999700227299,
    {
      "epoch_lwlrap": 0.3262999700227299,
      "loss": 0.06568843235329884,
      "lwlrap": 0.3267115976742692
    }
  ],
  "epoch_4": [
    "out/103_102_bcefocal2wayloss/fold3/checkpoints/train.5.pth",
    0.32955655086561486,
    {
      "epoch_lwlrap": 0.32955655086561486,
      "loss": 0.06473271294337947,
      "lwlrap": 0.32989529323557154
    }
  ],
  "epoch_5": [
    "out/103_102_bcefocal2wayloss/fold3/checkpoints/train.6.pth",
    0.35094522223512425,
    {
      "epoch_lwlrap": 0.35094522223512425,
      "loss": 0.06262163763366094,
      "lwlrap": 0.3508020743299759
    }
  ],
  "epoch_6": [
    "out/103_102_bcefocal2wayloss/fold3/checkpoints/train.7.pth",
    0.3809083261880911,
    {
      "epoch_lwlrap": 0.3809083261880911,
      "loss": 0.06163876558222422,
      "lwlrap": 0.38101302157910066
    }
  ],
  "epoch_7": [
    "out/103_102_bcefocal2wayloss/fold3/checkpoints/train.8.pth",
    0.4041105055367582,
    {
      "epoch_lwlrap": 0.4041105055367582,
      "loss": 0.060627687086419364,
      "lwlrap": 0.40435096810571286
    }
  ],
  "epoch_8": [
    "out/103_102_bcefocal2wayloss/fold3/checkpoints/train.9.pth",
    0.4081138531473302,
    {
      "epoch_lwlrap": 0.4081138531473302,
      "loss": 0.060332361972186624,
      "lwlrap": 0.40843089567446017
    }
  ],
  "epoch_9": [
    "out/103_102_bcefocal2wayloss/fold3/checkpoints/train.10.pth",
    0.41039807832279795,
    {
      "epoch_lwlrap": 0.41039807832279795,
      "loss": 0.059926501225407526,
      "lwlrap": 0.41068259434370014
    }
  ],
  "epoch_10": [
    "out/103_102_bcefocal2wayloss/fold3/checkpoints/train.11.pth",
    0.41844391399927333,
    {
      "epoch_lwlrap": 0.41844391399927333,
      "loss": 0.059814230334468005,
      "lwlrap": 0.4188858796292544
    }
  ],
  "epoch_11": [
    "out/103_102_bcefocal2wayloss/fold3/checkpoints/train.12.pth",
    0.4152967530030261,
    {
      "epoch_lwlrap": 0.4152967530030261,
      "loss": 0.05987927108639624,
      "lwlrap": 0.4158313008160235
    }
  ],
  "epoch_12": [
    "out/103_102_bcefocal2wayloss/fold3/checkpoints/train.13.pth",
    0.41960842455409464,
    {
      "epoch_lwlrap": 0.41960842455409464,
      "loss": 0.0593836965357385,
      "lwlrap": 0.4198513131083675
    }
  ],
  "epoch_13": [
    "out/103_102_bcefocal2wayloss/fold3/checkpoints/train.14.pth",
    0.4408050475104264,
    {
      "epoch_lwlrap": 0.4408050475104264,
      "loss": 0.05848764301073261,
      "lwlrap": 0.44131980611314847
    }
  ],
  "epoch_14": [
    "out/103_102_bcefocal2wayloss/fold3/checkpoints/train.15.pth",
    0.46221161701808094,
    {
      "epoch_lwlrap": 0.46221161701808094,
      "loss": 0.056331926002735046,
      "lwlrap": 0.4624655012826215
    }
  ],
  "epoch_15": [
    "out/103_102_bcefocal2wayloss/fold3/checkpoints/train.16.pth",
    0.5113369183393079,
    {
      "epoch_lwlrap": 0.5113369183393079,
      "loss": 0.05360104398029607,
      "lwlrap": 0.5114454367122043
    }
  ],
  "epoch_16": [
    "out/103_102_bcefocal2wayloss/fold3/checkpoints/train.17.pth",
    0.5307029130907966,
    {
      "epoch_lwlrap": 0.5307029130907966,
      "loss": 0.05174108667344582,
      "lwlrap": 0.5309297524344222
    }
  ],
  "epoch_17": [
    "out/103_102_bcefocal2wayloss/fold3/checkpoints/train.18.pth",
    0.5308742585227451,
    {
      "epoch_lwlrap": 0.5308742585227451,
      "loss": 0.050924079265536326,
      "lwlrap": 0.5308956026884781
    }
  ],
  "epoch_18": [
    "out/103_102_bcefocal2wayloss/fold3/checkpoints/train.19.pth",
    0.6008031612400544,
    {
      "epoch_lwlrap": 0.6008031612400544,
      "loss": 0.046933759367320596,
      "lwlrap": 0.6009051834542615
    }
  ],
  "epoch_19": [
    "out/103_102_bcefocal2wayloss/fold3/checkpoints/train.20.pth",
    0.6532099440473227,
    {
      "epoch_lwlrap": 0.6532099440473227,
      "loss": 0.04185385484157539,
      "lwlrap": 0.6532915352873712
    }
  ],
  "epoch_20": [
    "out/103_102_bcefocal2wayloss/fold3/checkpoints/train.21.pth",
    0.6345914064360666,
    {
      "epoch_lwlrap": 0.6345914064360666,
      "loss": 0.04073422774672508,
      "lwlrap": 0.6347247352422843
    }
  ],
  "epoch_21": [
    "out/103_102_bcefocal2wayloss/fold3/checkpoints/train.22.pth",
    0.6172910105948369,
    {
      "epoch_lwlrap": 0.6172910105948369,
      "loss": 0.04244537669710997,
      "lwlrap": 0.6172590674849483
    }
  ],
  "epoch_22": [
    "out/103_102_bcefocal2wayloss/fold3/checkpoints/train.23.pth",
    0.738211047312989,
    {
      "epoch_lwlrap": 0.738211047312989,
      "loss": 0.03454578368038666,
      "lwlrap": 0.738200469964301
    }
  ],
  "epoch_23": [
    "out/103_102_bcefocal2wayloss/fold3/checkpoints/train.24.pth",
    0.7572836548564703,
    {
      "epoch_lwlrap": 0.7572836548564703,
      "loss": 0.03260049123953029,
      "lwlrap": 0.757207148393942
    }
  ],
  "epoch_24": [
    "out/103_102_bcefocal2wayloss/fold3/checkpoints/train.25.pth",
    0.7773122710622711,
    {
      "epoch_lwlrap": 0.7773122710622711,
      "loss": 0.029915503794100226,
      "lwlrap": 0.7772848829734612
    }
  ],
  "epoch_25": [
    "out/103_102_bcefocal2wayloss/fold3/checkpoints/train.26.pth",
    0.7833029651990246,
    {
      "epoch_lwlrap": 0.7833029651990246,
      "loss": 0.03046185750423408,
      "lwlrap": 0.7832301090176305
    }
  ],
  "epoch_26": [
    "out/103_102_bcefocal2wayloss/fold3/checkpoints/train.27.pth",
    0.8027042806169019,
    {
      "epoch_lwlrap": 0.8027042806169019,
      "loss": 0.02798122458341645,
      "lwlrap": 0.8025814115820065
    }
  ],
  "epoch_27": [
    "out/103_102_bcefocal2wayloss/fold3/checkpoints/train.28.pth",
    0.8297471608758016,
    {
      "epoch_lwlrap": 0.8297471608758016,
      "loss": 0.024968894062245766,
      "lwlrap": 0.8298638703487009
    }
  ],
  "epoch_28": [
    "out/103_102_bcefocal2wayloss/fold3/checkpoints/train.29.pth",
    0.8305883032824781,
    {
      "epoch_lwlrap": 0.8305883032824781,
      "loss": 0.024417585443432737,
      "lwlrap": 0.8306562137049942
    }
  ],
  "epoch_29": [
    "out/103_102_bcefocal2wayloss/fold3/checkpoints/train.30.pth",
    0.8259352365541686,
    {
      "epoch_lwlrap": 0.8259352365541686,
      "loss": 0.024344670518142424,
      "lwlrap": 0.8259490760412831
    }
  ],
  "epoch_30": [
    "out/103_102_bcefocal2wayloss/fold3/checkpoints/train.31.pth",
    0.8289778856526429,
    {
      "epoch_lwlrap": 0.8289778856526429,
      "loss": 0.02455419347417064,
      "lwlrap": 0.8290478551126975
    }
  ],
  "epoch_31": [
    "out/103_102_bcefocal2wayloss/fold3/checkpoints/train.32.pth",
    0.8397904145476961,
    {
      "epoch_lwlrap": 0.8397904145476961,
      "loss": 0.024418315963774192,
      "lwlrap": 0.8398769628811271
    }
  ],