{
  "best": {
    "epoch_lwlrap": 0.8626924919863852,
    "loss": 0.11441266979090871,
    "lwlrap": 0.8620876128902997
  },
  "last": {
    "epoch_lwlrap": 0.8472073515966647,
    "loss": 0.1250099705066532,
    "lwlrap": 0.8459979004805606
  },
  "train.51": {
    "epoch_lwlrap": 0.8626924919863852,
    "loss": 0.11441266979090871,
    "lwlrap": 0.8620876128902997
  },
  "epoch_0": [
    "out/096_093_remove_pink_noise_and_volumecontrol/fold2/checkpoints/train.1.pth",
    0.2683843276376895,
    {
      "epoch_lwlrap": 0.2683843276376895,
      "loss": 0.24886719230562449,
      "lwlrap": 0.2674506426773225
    }
  ],
  "epoch_1": [
    "out/096_093_remove_pink_noise_and_volumecontrol/fold2/checkpoints/train.2.pth",
    0.31321314549592505,
    {
      "epoch_lwlrap": 0.31321314549592505,
      "loss": 0.23871187400072813,
      "lwlrap": 0.3127663285813169
    }
  ],
  "epoch_2": [
    "out/096_093_remove_pink_noise_and_volumecontrol/fold2/checkpoints/train.3.pth",
    0.3346162664410012,
    {
      "epoch_lwlrap": 0.3346162664410012,
      "loss": 0.23652902292087674,
      "lwlrap": 0.3358075785549729
    }
  ],
  "epoch_3": [
    "out/096_093_remove_pink_noise_and_volumecontrol/fold2/checkpoints/train.4.pth",
    0.4983476933177932,
    {
      "epoch_lwlrap": 0.4983476933177932,
      "loss": 0.20110013941302896,
      "lwlrap": 0.4964451924694679
    }
  ],
  "epoch_4": [
    "out/096_093_remove_pink_noise_and_volumecontrol/fold2/checkpoints/train.5.pth",
    0.5773693333807838,
    {
      "epoch_lwlrap": 0.5773693333807838,
      "loss": 0.18433717032894492,
      "lwlrap": 0.5756580472091143
    }
  ],
  "epoch_5": [
    "out/096_093_remove_pink_noise_and_volumecontrol/fold2/checkpoints/train.6.pth",
    0.6138802990902228,
    {
      "epoch_lwlrap": 0.6138802990902228,
      "loss": 0.16914439527317882,
      "lwlrap": 0.6130486875000658
    }
  ],
  "epoch_6": [
    "out/096_093_remove_pink_noise_and_volumecontrol/fold2/checkpoints/train.7.pth",
    0.6244513861880274,
    {
      "epoch_lwlrap": 0.6244513861880274,
      "loss": 0.16169781843200326,
      "lwlrap": 0.6228350168279666
    }
  ],
  "epoch_7": [
    "out/096_093_remove_pink_noise_and_volumecontrol/fold2/checkpoints/train.8.pth",
    0.6931393275790979,
    {
      "epoch_lwlrap": 0.6931393275790979,
      "loss": 0.14502120530232787,
      "lwlrap": 0.6918960690104329
    }
  ],
  "epoch_8": [
    "out/096_093_remove_pink_noise_and_volumecontrol/fold2/checkpoints/train.9.pth",
    0.6942932683918019,
    {
      "epoch_lwlrap": 0.6942932683918019,
      "loss": 0.14000197825953364,
      "lwlrap": 0.6928868621259164
    }
  ],
  "epoch_9": [
    "out/096_093_remove_pink_noise_and_volumecontrol/fold2/checkpoints/train.10.pth",
    0.7033498235838533,
    {
      "epoch_lwlrap": 0.7033498235838533,
      "loss": 0.13869109004735947,
      "lwlrap": 0.7021170930083181
    }
  ],
  "epoch_10": [
    "out/096_093_remove_pink_noise_and_volumecontrol/fold2/checkpoints/train.11.pth",
    0.7066194758993072,
    {
      "epoch_lwlrap": 0.7066194758993072,
      "loss": 0.13826775457710028,
      "lwlrap": 0.7058871976073099
    }
  ],
  "epoch_11": [
    "out/096_093_remove_pink_noise_and_volumecontrol/fold2/checkpoints/train.12.pth",
    0.7167614755451236,
    {
      "epoch_lwlrap": 0.7167614755451236,
      "loss": 0.13579951855354008,
      "lwlrap": 0.7156228740572902
    }
  ],
  "epoch_12": [
    "out/096_093_remove_pink_noise_and_volumecontrol/fold2/checkpoints/train.13.pth",
    0.7073563205242595,
    {
      "epoch_lwlrap": 0.7073563205242595,
      "loss": 0.13644307292997837,
      "lwlrap": 0.7060544835844156
    }
  ],
  "epoch_13": [
    "out/096_093_remove_pink_noise_and_volumecontrol/fold2/checkpoints/train.14.pth",
    0.7226659049178134,
    {
      "epoch_lwlrap": 0.7226659049178134,
      "loss": 0.13860221975482998,
      "lwlrap": 0.7215505788390697
    }
  ],
  "epoch_14": [
    "out/096_093_remove_pink_noise_and_volumecontrol/fold2/checkpoints/train.15.pth",
    0.6950001012859945,
    {
      "epoch_lwlrap": 0.6950001012859945,
      "loss": 0.14074320788495243,
      "lwlrap": 0.6942936688631202
    }
  ],
  "epoch_15": [
    "out/096_093_remove_pink_noise_and_volumecontrol/fold2/checkpoints/train.16.pth",
    0.6866067842998691,
    {
      "epoch_lwlrap": 0.6866067842998691,
      "loss": 0.14230835018679497,
      "lwlrap": 0.685612678256935
    }
  ],
  "epoch_16": [
    "out/096_093_remove_pink_noise_and_volumecontrol/fold2/checkpoints/train.17.pth",
    0.7563749118562034,
    {
      "epoch_lwlrap": 0.7563749118562034,
      "loss": 0.12220664066262543,
      "lwlrap": 0.7561686565064282
    }
  ],
  "epoch_17": [
    "out/096_093_remove_pink_noise_and_volumecontrol/fold2/checkpoints/train.18.pth",
    0.7254280740017984,
    {
      "epoch_lwlrap": 0.7254280740017984,
      "loss": 0.14122343622148037,
      "lwlrap": 0.7253356618118382
    }
  ],
  "epoch_18": [
    "out/096_093_remove_pink_noise_and_volumecontrol/fold2/checkpoints/train.19.pth",
    0.751181030028695,
    {
      "epoch_lwlrap": 0.751181030028695,
      "loss": 0.13234759494662288,
      "lwlrap": 0.7517214579562094
    }
  ],
  "epoch_19": [
    "out/096_093_remove_pink_noise_and_volumecontrol/fold2/checkpoints/train.20.pth",
    0.7436991826018249,
    {
      "epoch_lwlrap": 0.7436991826018249,
      "loss": 0.13948083412833515,
      "lwlrap": 0.7438437369054752
    }
  ],
  "epoch_20": [
    "out/096_093_remove_pink_noise_and_volumecontrol/fold2/checkpoints/train.21.pth",
    0.7830706999431742,
    {
      "epoch_lwlrap": 0.7830706999431742,
      "loss": 0.12460514972917737,
      "lwlrap": 0.7822123931874425
    }
  ],
  "epoch_21": [
    "out/096_093_remove_pink_noise_and_volumecontrol/fold2/checkpoints/train.22.pth",
    0.7915390198837366,
    {
      "epoch_lwlrap": 0.7915390198837366,
      "loss": 0.11271729483269156,
      "lwlrap": 0.7912241864956516
    }
  ],
  "epoch_22": [
    "out/096_093_remove_pink_noise_and_volumecontrol/fold2/checkpoints/train.23.pth",
    0.8146690459667559,
    {
      "epoch_lwlrap": 0.8146690459667559,
      "loss": 0.11203819396905601,
      "lwlrap": 0.8140124706340408
    }
  ],
  "epoch_23": [
    "out/096_093_remove_pink_noise_and_volumecontrol/fold2/checkpoints/train.24.pth",
    0.8259787074672571,
    {
      "epoch_lwlrap": 0.8259787074672571,
      "loss": 0.10425079194828867,
      "lwlrap": 0.82527365380357
    }
  ],
  "epoch_24": [
    "out/096_093_remove_pink_noise_and_volumecontrol/fold2/checkpoints/train.25.pth",
    0.8011254860491502,
    {
      "epoch_lwlrap": 0.8011254860491502,
      "loss": 0.11442202050238848,
      "lwlrap": 0.8009506415875508
    }
  ],
  "epoch_25": [
    "out/096_093_remove_pink_noise_and_volumecontrol/fold2/checkpoints/train.26.pth",
    0.7928919786744214,
    {
      "epoch_lwlrap": 0.7928919786744214,
      "loss": 0.11555161559954287,
      "lwlrap": 0.7917628988417861
    }
  ],
  "epoch_26": [
    "out/096_093_remove_pink_noise_and_volumecontrol/fold2/checkpoints/train.27.pth",
    0.8325790621592148,
    {
      "epoch_lwlrap": 0.8325790621592148,
      "loss": 0.10881311574485153,
      "lwlrap": 0.8318360509218932
    }
  ],
  "epoch_27": [
    "out/096_093_remove_pink_noise_and_volumecontrol/fold2/checkpoints/train.28.pth",
    0.8406761177753546,
    {
      "epoch_lwlrap": 0.8406761177753546,
      "loss": 0.10362663841806354,
      "lwlrap": 0.8397714624467674
    }
  ],
  "epoch_28": [
    "out/096_093_remove_pink_noise_and_volumecontrol/fold2/checkpoints/train.29.pth",
    0.832186547549143,
    {
      "epoch_lwlrap": 0.832186547549143,
      "loss": 0.10494106239639223,
      "lwlrap": 0.831507871944705
    }
  ],
  "epoch_29": [
    "out/096_093_remove_pink_noise_and_volumecontrol/fold2/checkpoints/train.30.pth",
    0.8326272963677545,
    {
      "epoch_lwlrap": 0.8326272963677545,
      "loss": 0.10296923341229558,
      "lwlrap": 0.8317389375459117
    }
  ],