{
  "best": {
    "epoch_lwlrap": 0.8857414448669202,
    "loss": 0.22742745824276456,
    "lwlrap": 0.8860798079052047
  },
  "last": {
    "epoch_lwlrap": 0.8620767698714468,
    "loss": 0.24066360460387334,
    "lwlrap": 0.8627716125731998
  },
  "train.53": {
    "epoch_lwlrap": 0.8857414448669202,
    "loss": 0.22742745824276456,
    "lwlrap": 0.8860798079052047
  },
  "epoch_0": [
    "out/083_ResNest_LogmelMixup/fold1/checkpoints/train.1.pth",
    0.2232194203933897,
    {
      "epoch_lwlrap": 0.2232194203933897,
      "loss": 0.6868860494522822,
      "lwlrap": 0.22391589458495034
    }
  ],
  "epoch_1": [
    "out/083_ResNest_LogmelMixup/fold1/checkpoints/train.2.pth",
    0.25356963310070213,
    {
      "epoch_lwlrap": 0.25356963310070213,
      "loss": 0.6887709716009716,
      "lwlrap": 0.2535706878855976
    }
  ],
  "epoch_2": [
    "out/083_ResNest_LogmelMixup/fold1/checkpoints/train.3.pth",
    0.28970261603744507,
    {
      "epoch_lwlrap": 0.28970261603744507,
      "loss": 0.6147949515827119,
      "lwlrap": 0.2907987617544714
    }
  ],
  "epoch_3": [
    "out/083_ResNest_LogmelMixup/fold1/checkpoints/train.4.pth",
    0.3056139071838453,
    {
      "epoch_lwlrap": 0.3056139071838453,
      "loss": 0.6488224693707058,
      "lwlrap": 0.30551271840582833
    }
  ],
  "epoch_4": [
    "out/083_ResNest_LogmelMixup/fold1/checkpoints/train.5.pth",
    0.3292139538912603,
    {
      "epoch_lwlrap": 0.3292139538912603,
      "loss": 0.6374813677772644,
      "lwlrap": 0.3304375730883356
    }
  ],
  "epoch_5": [
    "out/083_ResNest_LogmelMixup/fold1/checkpoints/train.6.pth",
    0.36948938904259154,
    {
      "epoch_lwlrap": 0.36948938904259154,
      "loss": 0.6543099331477332,
      "lwlrap": 0.370589806239522
    }
  ],
  "epoch_6": [
    "out/083_ResNest_LogmelMixup/fold1/checkpoints/train.7.pth",
    0.3935344381133914,
    {
      "epoch_lwlrap": 0.3935344381133914,
      "loss": 0.6048058697155544,
      "lwlrap": 0.3953852753596388
    }
  ],
  "epoch_7": [
    "out/083_ResNest_LogmelMixup/fold1/checkpoints/train.8.pth",
    0.4457660471461975,
    {
      "epoch_lwlrap": 0.4457660471461975,
      "loss": 0.6010324992830791,
      "lwlrap": 0.44831670822373865
    }
  ],
  "epoch_8": [
    "out/083_ResNest_LogmelMixup/fold1/checkpoints/train.9.pth",
    0.4521927533809663,
    {
      "epoch_lwlrap": 0.4521927533809663,
      "loss": 0.570708189691816,
      "lwlrap": 0.45458456491362076
    }
  ],
  "epoch_9": [
    "out/083_ResNest_LogmelMixup/fold1/checkpoints/train.10.pth",
    0.4625053811840884,
    {
      "epoch_lwlrap": 0.4625053811840884,
      "loss": 0.5794311392874945,
      "lwlrap": 0.4650521863364576
    }
  ],
  "epoch_10": [
    "out/083_ResNest_LogmelMixup/fold1/checkpoints/train.11.pth",
    0.4643292543957943,
    {
      "epoch_lwlrap": 0.4643292543957943,
      "loss": 0.567934480924455,
      "lwlrap": 0.4668654101198078
    }
  ],
  "epoch_11": [
    "out/083_ResNest_LogmelMixup/fold1/checkpoints/train.12.pth",
    0.470130939147349,
    {
      "epoch_lwlrap": 0.470130939147349,
      "loss": 0.5677750659367395,
      "lwlrap": 0.47200162530358736
    }
  ],
  "epoch_12": [
    "out/083_ResNest_LogmelMixup/fold1/checkpoints/train.13.pth",
    0.4971440842638561,
    {
      "epoch_lwlrap": 0.4971440842638561,
      "loss": 0.5661293239820571,
      "lwlrap": 0.4992727982285547
    }
  ],
  "epoch_13": [
    "out/083_ResNest_LogmelMixup/fold1/checkpoints/train.14.pth",
    0.49564772717031724,
    {
      "epoch_lwlrap": 0.49564772717031724,
      "loss": 0.5385813760379005,
      "lwlrap": 0.49635852228478927
    }
  ],
  "epoch_14": [
    "out/083_ResNest_LogmelMixup/fold1/checkpoints/train.15.pth",
    0.5136448391834552,
    {
      "epoch_lwlrap": 0.5136448391834552,
      "loss": 0.5262094140052795,
      "lwlrap": 0.5164463929409131
    }
  ],
  "epoch_15": [
    "out/083_ResNest_LogmelMixup/fold1/checkpoints/train.16.pth",
    0.4961620864680923,
    {
      "epoch_lwlrap": 0.4961620864680923,
      "loss": 0.5456081023291937,
      "lwlrap": 0.49685529073474466
    }
  ],
  "epoch_16": [
    "out/083_ResNest_LogmelMixup/fold1/checkpoints/train.17.pth",
    0.5253164257274077,
    {
      "epoch_lwlrap": 0.5253164257274077,
      "loss": 0.4992814565461779,
      "lwlrap": 0.5264944620098045
    }
  ],
  "epoch_17": [
    "out/083_ResNest_LogmelMixup/fold1/checkpoints/train.18.pth",
    0.5714786111649229,
    {
      "epoch_lwlrap": 0.5714786111649229,
      "loss": 0.49743477361542837,
      "lwlrap": 0.5738359420310737
    }
  ],
  "epoch_18": [
    "out/083_ResNest_LogmelMixup/fold1/checkpoints/train.19.pth",
    0.6281479762440397,
    {
      "epoch_lwlrap": 0.6281479762440397,
      "loss": 0.48094302888900514,
      "lwlrap": 0.6302899470011264
    }
  ],
  "epoch_19": [
    "out/083_ResNest_LogmelMixup/fold1/checkpoints/train.20.pth",
    0.6807512106298732,
    {
      "epoch_lwlrap": 0.6807512106298732,
      "loss": 0.4660528042013683,
      "lwlrap": 0.6827469025446827
    }
  ],
  "epoch_20": [
    "out/083_ResNest_LogmelMixup/fold1/checkpoints/train.21.pth",
    0.6860368435513523,
    {
      "epoch_lwlrap": 0.6860368435513523,
      "loss": 0.4385211023073348,
      "lwlrap": 0.6874707265752745
    }
  ],
  "epoch_21": [
    "out/083_ResNest_LogmelMixup/fold1/checkpoints/train.22.pth",
    0.7423086102743897,
    {
      "epoch_lwlrap": 0.7423086102743897,
      "loss": 0.406687026932126,
      "lwlrap": 0.743660359001268
    }
  ],
  "epoch_22": [
    "out/083_ResNest_LogmelMixup/fold1/checkpoints/train.23.pth",
    0.7089318634470726,
    {
      "epoch_lwlrap": 0.7089318634470726,
      "loss": 0.3980907518712301,
      "lwlrap": 0.7100623173752425
    }
  ],
  "epoch_23": [
    "out/083_ResNest_LogmelMixup/fold1/checkpoints/train.24.pth",
    0.7762123100190645,
    {
      "epoch_lwlrap": 0.7762123100190645,
      "loss": 0.3740383121702406,
      "lwlrap": 0.7772760001868312
    }
  ],
  "epoch_24": [
    "out/083_ResNest_LogmelMixup/fold1/checkpoints/train.25.pth",
    0.7981321910029133,
    {
      "epoch_lwlrap": 0.7981321910029133,
      "loss": 0.32902522361467756,
      "lwlrap": 0.7984594623483512
    }
  ],
  "epoch_25": [
    "out/083_ResNest_LogmelMixup/fold1/checkpoints/train.26.pth",
    0.8281573498964803,
    {
      "epoch_lwlrap": 0.8281573498964803,
      "loss": 0.32652617872707423,
      "lwlrap": 0.8293360624882364
    }
  ],
  "epoch_26": [
    "out/083_ResNest_LogmelMixup/fold1/checkpoints/train.27.pth",
    0.817621763534311,
    {
      "epoch_lwlrap": 0.817621763534311,
      "loss": 0.3161488189583733,
      "lwlrap": 0.8183914583149277
    }
  ],
  "epoch_27": [
    "out/083_ResNest_LogmelMixup/fold1/checkpoints/train.28.pth",
    0.8241444866920151,
    {
      "epoch_lwlrap": 0.8241444866920151,
      "loss": 0.30362178834657816,
      "lwlrap": 0.824885953258969
    }
  ],
  "epoch_28": [
    "out/083_ResNest_LogmelMixup/fold1/checkpoints/train.29.pth",
    0.8337370171020361,
    {
      "epoch_lwlrap": 0.8337370171020361,
      "loss": 0.31195081794072715,
      "lwlrap": 0.8349683055040198
    }
  ],
  "epoch_29": [
    "out/083_ResNest_LogmelMixup/fold1/checkpoints/train.30.pth",
    0.8375520550425493,
    {
      "epoch_lwlrap": 0.8375520550425493,
      "loss": 0.295444337148515,
      "lwlrap": 0.8387716927399467
    }
  ],
  "epoch_30": [
    "out/083_ResNest_LogmelMixup/fold1/checkpoints/train.31.pth",
    0.8416078218359587,
    {
      "epoch_lwlrap": 0.8416078218359587,
      "loss": 0.29980121718512637,
      "lwlrap": 0.8429783473434267
    }
  ],
  "epoch_31": [
    "out/083_ResNest_LogmelMixup/fold1/checkpoints/train.32.pth",
    0.8430134063875178,
    {
      "epoch_lwlrap": 0.8430134063875178,
      "loss": 0.27106773096417625,
      "lwlrap": 0.8434700325745875
    }
  ],