{
  "best": {
    "epoch_lwlrap": 0.9024098474341193,
    "lwlrap": 0.9024856579734629,
    "loss": 0.2019439044522076
  },
  "last": {
    "epoch_lwlrap": 0.875167591308368,
    "lwlrap": 0.8751696406574456,
    "loss": 0.21548799886936096
  },
  "train.32": {
    "epoch_lwlrap": 0.9024098474341193,
    "lwlrap": 0.9024856579734629,
    "loss": 0.2019439044522076
  },
  "epoch_0": [
    "out/015_ResNest_strong_focal_5fold/fold3/checkpoints/train.1.pth",
    0.1753418924169015,
    {
      "epoch_lwlrap": 0.1753418924169015,
      "lwlrap": 0.17533861607084494,
      "loss": 0.7102119024206952
    }
  ],
  "epoch_1": [
    "out/015_ResNest_strong_focal_5fold/fold3/checkpoints/train.2.pth",
    0.27397316465100713,
    {
      "epoch_lwlrap": 0.27397316465100713,
      "lwlrap": 0.2742951032651527,
      "loss": 0.6441760080616648
    }
  ],
  "epoch_2": [
    "out/015_ResNest_strong_focal_5fold/fold3/checkpoints/train.3.pth",
    0.348209981765807,
    {
      "epoch_lwlrap": 0.348209981765807,
      "lwlrap": 0.34838801360419985,
      "loss": 0.5780392963711809
    }
  ],
  "epoch_3": [
    "out/015_ResNest_strong_focal_5fold/fold3/checkpoints/train.4.pth",
    0.36626671069928896,
    {
      "epoch_lwlrap": 0.36626671069928896,
      "lwlrap": 0.3666509385563586,
      "loss": 0.5213949058114029
    }
  ],
  "epoch_4": [
    "out/015_ResNest_strong_focal_5fold/fold3/checkpoints/train.5.pth",
    0.42431977159557643,
    {
      "epoch_lwlrap": 0.42431977159557643,
      "lwlrap": 0.4243104902017844,
      "loss": 0.5187522928889204
    }
  ],
  "epoch_5": [
    "out/015_ResNest_strong_focal_5fold/fold3/checkpoints/train.6.pth",
    0.5408532624361156,
    {
      "epoch_lwlrap": 0.5408532624361156,
      "lwlrap": 0.541118915236293,
      "loss": 0.46899431987506585
    }
  ],
  "epoch_6": [
    "out/015_ResNest_strong_focal_5fold/fold3/checkpoints/train.7.pth",
    0.5340497709822382,
    {
      "epoch_lwlrap": 0.5340497709822382,
      "lwlrap": 0.5340080933491002,
      "loss": 0.45231065880961535
    }
  ],
  "epoch_7": [
    "out/015_ResNest_strong_focal_5fold/fold3/checkpoints/train.8.pth",
    0.6049006549006548,
    {
      "epoch_lwlrap": 0.6049006549006548,
      "lwlrap": 0.6054217598120037,
      "loss": 0.39542872091618986
    }
  ],
  "epoch_8": [
    "out/015_ResNest_strong_focal_5fold/fold3/checkpoints/train.9.pth",
    0.6405927877408459,
    {
      "epoch_lwlrap": 0.6405927877408459,
      "lwlrap": 0.6412248456150894,
      "loss": 0.3862326848797682
    }
  ],
  "epoch_9": [
    "out/015_ResNest_strong_focal_5fold/fold3/checkpoints/train.10.pth",
    0.6617454013085081,
    {
      "epoch_lwlrap": 0.6617454013085081,
      "lwlrap": 0.6623613604101409,
      "loss": 0.37065861733948313
    }
  ],
  "epoch_10": [
    "out/015_ResNest_strong_focal_5fold/fold3/checkpoints/train.11.pth",
    0.6524480778121555,
    {
      "epoch_lwlrap": 0.6524480778121555,
      "lwlrap": 0.65310039553942,
      "loss": 0.36938414864423796
    }
  ],
  "epoch_11": [
    "out/015_ResNest_strong_focal_5fold/fold3/checkpoints/train.12.pth",
    0.6547155851160705,
    {
      "epoch_lwlrap": 0.6547155851160705,
      "lwlrap": 0.6553378095174104,
      "loss": 0.3674468062272886
    }
  ],
  "epoch_12": [
    "out/015_ResNest_strong_focal_5fold/fold3/checkpoints/train.13.pth",
    0.6734636251019746,
    {
      "epoch_lwlrap": 0.6734636251019746,
      "lwlrap": 0.6737442029515198,
      "loss": 0.3654490827060327
    }
  ],
  "epoch_13": [
    "out/015_ResNest_strong_focal_5fold/fold3/checkpoints/train.14.pth",
    0.6420411321631301,
    {
      "epoch_lwlrap": 0.6420411321631301,
      "lwlrap": 0.6423090648475758,
      "loss": 0.3733667334405387
    }
  ],
  "epoch_14": [
    "out/015_ResNest_strong_focal_5fold/fold3/checkpoints/train.15.pth",
    0.6499196394220665,
    {
      "epoch_lwlrap": 0.6499196394220665,
      "lwlrap": 0.649974630157557,
      "loss": 0.39291496931052794
    }
  ],
  "epoch_15": [
    "out/015_ResNest_strong_focal_5fold/fold3/checkpoints/train.16.pth",
    0.6577726096322613,
    {
      "epoch_lwlrap": 0.6577726096322613,
      "lwlrap": 0.6578591656376317,
      "loss": 0.3630436703926179
    }
  ],
  "epoch_16": [
    "out/015_ResNest_strong_focal_5fold/fold3/checkpoints/train.17.pth",
    0.6386851297976862,
    {
      "epoch_lwlrap": 0.6386851297976862,
      "lwlrap": 0.6386809606356355,
      "loss": 0.4007736156626446
    }
  ],
  "epoch_17": [
    "out/015_ResNest_strong_focal_5fold/fold3/checkpoints/train.18.pth",
    0.5935013047334201,
    {
      "epoch_lwlrap": 0.5935013047334201,
      "lwlrap": 0.5928524603921383,
      "loss": 0.49688656388259517
    }
  ],
  "epoch_18": [
    "out/015_ResNest_strong_focal_5fold/fold3/checkpoints/train.19.pth",
    0.6473099032264471,
    {
      "epoch_lwlrap": 0.6473099032264471,
      "lwlrap": 0.6469471845999067,
      "loss": 0.40547508800902016
    }
  ],
  "epoch_19": [
    "out/015_ResNest_strong_focal_5fold/fold3/checkpoints/train.20.pth",
    0.667573261633047,
    {
      "epoch_lwlrap": 0.667573261633047,
      "lwlrap": 0.6677288688585222,
      "loss": 0.4127434793041974
    }
  ],
  "epoch_20": [
    "out/015_ResNest_strong_focal_5fold/fold3/checkpoints/train.21.pth",
    0.7935662099497052,
    {
      "epoch_lwlrap": 0.7935662099497052,
      "lwlrap": 0.7934153380494844,
      "loss": 0.30349989169981423
    }
  ],
  "epoch_21": [
    "out/015_ResNest_strong_focal_5fold/fold3/checkpoints/train.22.pth",
    0.7675734367545813,
    {
      "epoch_lwlrap": 0.7675734367545813,
      "lwlrap": 0.7671657247331188,
      "loss": 0.31214146192480874
    }
  ],
  "epoch_22": [
    "out/015_ResNest_strong_focal_5fold/fold3/checkpoints/train.23.pth",
    0.7992253162156074,
    {
      "epoch_lwlrap": 0.7992253162156074,
      "lwlrap": 0.7989394480857895,
      "loss": 0.27875601460294025
    }
  ],
  "epoch_23": [
    "out/015_ResNest_strong_focal_5fold/fold3/checkpoints/train.24.pth",
    0.8419633225458467,
    {
      "epoch_lwlrap": 0.8419633225458467,
      "lwlrap": 0.8418711505296872,
      "loss": 0.25999001991458054
    }
  ],
  "epoch_24": [
    "out/015_ResNest_strong_focal_5fold/fold3/checkpoints/train.25.pth",
    0.849487594390507,
    {
      "epoch_lwlrap": 0.849487594390507,
      "lwlrap": 0.8494690810544469,
      "loss": 0.22672032990106725
    }
  ],
  "epoch_25": [
    "out/015_ResNest_strong_focal_5fold/fold3/checkpoints/train.26.pth",
    0.8514749611230193,
    {
      "epoch_lwlrap": 0.8514749611230193,
      "lwlrap": 0.8513616713006956,
      "loss": 0.2224746244709666
    }
  ],
  "epoch_26": [
    "out/015_ResNest_strong_focal_5fold/fold3/checkpoints/train.27.pth",
    0.8954042134653213,
    {
      "epoch_lwlrap": 0.8954042134653213,
      "lwlrap": 0.8953653705877522,
      "loss": 0.2014887167186272
    }
  ],
  "epoch_27": [
    "out/015_ResNest_strong_focal_5fold/fold3/checkpoints/train.28.pth",
    0.8914263278126784,
    {
      "epoch_lwlrap": 0.8914263278126784,
      "lwlrap": 0.8915224700375346,
      "loss": 0.20810520547192268
    }
  ],
  "epoch_28": [
    "out/015_ResNest_strong_focal_5fold/fold3/checkpoints/train.29.pth",
    0.8881570559968618,
    {
      "epoch_lwlrap": 0.8881570559968618,
      "lwlrap": 0.8881893211494097,
      "loss": 0.20778427981748812
    }
  ],
  "epoch_29": [
    "out/015_ResNest_strong_focal_5fold/fold3/checkpoints/train.30.pth",
    0.8925701186623517,
    {
      "epoch_lwlrap": 0.8925701186623517,
      "lwlrap": 0.8925962880840929,
      "loss": 0.20646353843735485
    }
  ],
  "epoch_30": [
    "out/015_ResNest_strong_focal_5fold/fold3/checkpoints/train.31.pth",
    0.887993595496451,
    {
      "epoch_lwlrap": 0.887993595496451,
      "lwlrap": 0.8880237194656133,
      "loss": 0.20791218716923784
    }
  ],
  "epoch_31": [
    "out/015_ResNest_strong_focal_5fold/fold3/checkpoints/train.32.pth",
    0.9024098474341193,
    {
      "epoch_lwlrap": 0.9024098474341193,