{
    "best": {
        "lwlrap": 0.9532894736842106,
        "loss": 0.12139200000092387,
        "epoch": 46
    },
    "last": {
        "lwlrap": 0.9528508771929824,
        "loss": 0.1301443894917611,
        "epoch": 50
    },
    "epoch_1": {
        "lwlrap": 0.4307017543859649,
        "loss": 0.6096307067200541
    },
    "epoch_2": {
        "lwlrap": 0.5982456140350877,
        "loss": 0.3354314863681793
    },
    "epoch_3": {
        "lwlrap": 0.39495614035087717,
        "loss": 0.3878675070591271
    },
    "epoch_4": {
        "lwlrap": 0.637280701754386,
        "loss": 0.2961981715634465
    },
    "epoch_5": {
        "lwlrap": 0.7809210526315788,
        "loss": 0.22527266945689917
    },
    "epoch_6": {
        "lwlrap": 0.7903508771929825,
        "loss": 0.2289466680958867
    },
    "epoch_7": {
        "lwlrap": 0.9083333333333334,
        "loss": 0.16537093138322234
    },
    "epoch_8": {
        "lwlrap": 0.9131578947368421,
        "loss": 0.14372693316545337
    },
    "epoch_9": {
        "lwlrap": 0.9094298245614035,
        "loss": 0.1408558179391548
    },
    "epoch_10": {
        "lwlrap": 0.9087719298245613,
        "loss": 0.1354262352688238
    },
    "epoch_11": {
        "lwlrap": 0.9098684210526315,
        "loss": 0.13394137239083648
    },
    "epoch_12": {
        "lwlrap": 0.9092105263157895,
        "loss": 0.13666324748191983
    },
    "epoch_13": {
        "lwlrap": 0.9039473684210526,
        "loss": 0.13346381264273077
    },
    "epoch_14": {
        "lwlrap": 0.9285087719298245,
        "loss": 0.13237814464082476
    },
    "epoch_15": {
        "lwlrap": 0.881140350877193,
        "loss": 0.2162404491682537
    },
    "epoch_16": {
        "lwlrap": 0.8535087719298247,
        "loss": 0.15229799842927605
    },
    "epoch_17": {
        "lwlrap": 0.7721491228070175,
        "loss": 0.24033929640427232
    },
    "epoch_18": {
        "lwlrap": 0.6969298245614035,
        "loss": 0.39803338423371315
    },
    "epoch_19": {
        "lwlrap": 0.7903508771929825,
        "loss": 0.2343161781464005
    },
    "epoch_20": {
        "lwlrap": 0.9024122807017544,
        "loss": 0.19666001916630194
    },
    "epoch_21": {
        "lwlrap": 0.9024122807017543,
        "loss": 0.16864397656172514
    },
    "epoch_22": {
        "lwlrap": 0.8754385964912281,
        "loss": 0.1766881449148059
    },
    "epoch_23": {
        "lwlrap": 0.9225877192982456,
        "loss": 0.14048625584109686
    },
    "epoch_24": {
        "lwlrap": 0.8743421052631579,
        "loss": 0.19578785913745378
    },
    "epoch_25": {
        "lwlrap": 0.8951754385964913,
        "loss": 0.14252617848978844
    },
    "epoch_26": {
        "lwlrap": 0.9328947368421052,
        "loss": 0.13439416704932228
    },
    "epoch_27": {
        "lwlrap": 0.930921052631579,
        "loss": 0.1260699483100325
    },
    "epoch_28": {
        "lwlrap": 0.9287280701754386,
        "loss": 0.11688682215390145
    },
    "epoch_29": {
        "lwlrap": 0.9375,
        "loss": 0.120530984189827
    },
    "epoch_30": {
        "lwlrap": 0.9375,
        "loss": 0.12561961291066837
    },
    "epoch_31": {
        "lwlrap": 0.930921052631579,
        "loss": 0.12102321033307817
    },
    "epoch_32": {
        "lwlrap": 0.9375,
        "loss": 0.12450205263667158
    },
    "epoch_33": {
        "lwlrap": 0.9353070175438596,
        "loss": 0.12498012918877066
    },
    "epoch_34": {
        "lwlrap": 0.9418859649122806,
        "loss": 0.11295932410939713
    },
    "epoch_35": {
        "lwlrap": 0.9467105263157894,
        "loss": 0.1354624827963562
    },
    "epoch_36": {
        "lwlrap": 0.866374269005848,
        "loss": 0.18853401608066633
    },
    "epoch_37": {
        "lwlrap": 0.8688596491228069,
        "loss": 0.18003428175188674
    },
    "epoch_38": {
        "lwlrap": 0.8874156545209178,
        "loss": 0.24435190483927727
    },
    "epoch_39": {
        "lwlrap": 0.9038630229419704,
        "loss": 0.16568468493642285
    },
    "epoch_40": {
        "lwlrap": 0.8934210526315789,
        "loss": 0.13281769484456163
    },
    "epoch_41": {
        "lwlrap": 0.8026315789473684,
        "loss": 0.24603591673076153
    },
    "epoch_42": {
        "lwlrap": 0.8890350877192983,
        "loss": 0.1415986707288539
    },
    "epoch_43": {
        "lwlrap": 0.950657894736842,
        "loss": 0.12482108304175199
    },
    "epoch_44": {
        "lwlrap": 0.9297149122807017,
        "loss": 0.13831064198166132
    },
    "epoch_45": {
        "lwlrap": 0.9324561403508771,
        "loss": 0.1400941773899831
    },
    "epoch_46": {
        "lwlrap": 0.9532894736842106,
        "loss": 0.12139200000092387
    },
    "epoch_47": {
        "lwlrap": 0.9401315789473685,
        "loss": 0.1372689378913492
    },
    "epoch_48": {
        "lwlrap": 0.9528508771929824,
        "loss": 0.11835310884634964
    },
    "epoch_49": {
        "lwlrap": 0.9528508771929824,
        "loss": 0.1271166192018427
    },
    "epoch_50": {
        "lwlrap": 0.9528508771929824,
        "loss": 0.1301443894917611
    }
}