{
  "best": {
    "epoch_lwlrap": 0.8605608450074098,
    "lwlrap": 0.8598185823605031,
    "loss": 0.2446162013802677
  },
  "last": {
    "epoch_lwlrap": 0.8499760062568773,
    "lwlrap": 0.8484222299574926,
    "loss": 0.2951865401118994
  },
  "train.34": {
    "epoch_lwlrap": 0.8605608450074098,
    "lwlrap": 0.8598185823605031,
    "loss": 0.2446162013802677
  },
  "epoch_0": [
    "out/075_EfficientNet_strong_focal_5fold/fold2/checkpoints/train.1.pth",
    0.4973372986937338,
    {
      "epoch_lwlrap": 0.4973372986937338,
      "lwlrap": 0.4967273692791116,
      "loss": 0.5892775785177946
    }
  ],
  "epoch_1": [
    "out/075_EfficientNet_strong_focal_5fold/fold2/checkpoints/train.2.pth",
    0.7103035005706761,
    {
      "epoch_lwlrap": 0.7103035005706761,
      "lwlrap": 0.7105731426996671,
      "loss": 0.4416969306766987
    }
  ],
  "epoch_2": [
    "out/075_EfficientNet_strong_focal_5fold/fold2/checkpoints/train.3.pth",
    0.7576270474648338,
    {
      "epoch_lwlrap": 0.7576270474648338,
      "lwlrap": 0.7577645754312262,
      "loss": 0.37165514659136534
    }
  ],
  "epoch_3": [
    "out/075_EfficientNet_strong_focal_5fold/fold2/checkpoints/train.4.pth",
    0.801431435400901,
    {
      "epoch_lwlrap": 0.801431435400901,
      "lwlrap": 0.8018482464104606,
      "loss": 0.31347110494971275
    }
  ],
  "epoch_4": [
    "out/075_EfficientNet_strong_focal_5fold/fold2/checkpoints/train.5.pth",
    0.8170018875003159,
    {
      "epoch_lwlrap": 0.8170018875003159,
      "lwlrap": 0.8160328036656274,
      "loss": 0.2891150554642081
    }
  ],
  "epoch_5": [
    "out/075_EfficientNet_strong_focal_5fold/fold2/checkpoints/train.6.pth",
    0.84363413304253,
    {
      "epoch_lwlrap": 0.84363413304253,
      "lwlrap": 0.8436864207276745,
      "loss": 0.26844236534088856
    }
  ],
  "epoch_6": [
    "out/075_EfficientNet_strong_focal_5fold/fold2/checkpoints/train.7.pth",
    0.8429010662789288,
    {
      "epoch_lwlrap": 0.8429010662789288,
      "lwlrap": 0.8426021074291845,
      "loss": 0.2608566363342107
    }
  ],
  "epoch_7": [
    "out/075_EfficientNet_strong_focal_5fold/fold2/checkpoints/train.8.pth",
    0.8473883622738585,
    {
      "epoch_lwlrap": 0.8473883622738585,
      "lwlrap": 0.8472232701629615,
      "loss": 0.2563200683798641
    }
  ],
  "epoch_8": [
    "out/075_EfficientNet_strong_focal_5fold/fold2/checkpoints/train.9.pth",
    0.8515790700614796,
    {
      "epoch_lwlrap": 0.8515790700614796,
      "lwlrap": 0.8511391278529277,
      "loss": 0.24815255706198514
    }
  ],
  "epoch_9": [
    "out/075_EfficientNet_strong_focal_5fold/fold2/checkpoints/train.10.pth",
    0.8512645693753438,
    {
      "epoch_lwlrap": 0.8512645693753438,
      "lwlrap": 0.8509444550620529,
      "loss": 0.24313002172857523
    }
  ],
  "epoch_10": [
    "out/075_EfficientNet_strong_focal_5fold/fold2/checkpoints/train.11.pth",
    0.8515934142215356,
    {
      "epoch_lwlrap": 0.8515934142215356,
      "lwlrap": 0.8510951386913755,
      "loss": 0.24648591736331582
    }
  ],
  "epoch_11": [
    "out/075_EfficientNet_strong_focal_5fold/fold2/checkpoints/train.12.pth",
    0.856874251978799,
    {
      "epoch_lwlrap": 0.856874251978799,
      "lwlrap": 0.8568593742886849,
      "loss": 0.24667019117623568
    }
  ],
  "epoch_12": [
    "out/075_EfficientNet_strong_focal_5fold/fold2/checkpoints/train.13.pth",
    0.8479884195533051,
    {
      "epoch_lwlrap": 0.8479884195533051,
      "lwlrap": 0.8476084545253753,
      "loss": 0.2516138639766723
    }
  ],
  "epoch_13": [
    "out/075_EfficientNet_strong_focal_5fold/fold2/checkpoints/train.14.pth",
    0.8552765791415851,
    {
      "epoch_lwlrap": 0.8552765791415851,
      "lwlrap": 0.8550802548513039,
      "loss": 0.25531037664040923
    }
  ],
  "epoch_14": [
    "out/075_EfficientNet_strong_focal_5fold/fold2/checkpoints/train.15.pth",
    0.8092543725794736,
    {
      "epoch_lwlrap": 0.8092543725794736,
      "lwlrap": 0.8093075359435934,
      "loss": 0.35134584130719304
    }
  ],
  "epoch_15": [
    "out/075_EfficientNet_strong_focal_5fold/fold2/checkpoints/train.16.pth",
    0.810434116350147,
    {
      "epoch_lwlrap": 0.810434116350147,
      "lwlrap": 0.8106255001667539,
      "loss": 0.2968904487788677
    }
  ],
  "epoch_16": [
    "out/075_EfficientNet_strong_focal_5fold/fold2/checkpoints/train.17.pth",
    0.7905157077867002,
    {
      "epoch_lwlrap": 0.7905157077867002,
      "lwlrap": 0.7907407304296595,
      "loss": 0.33591001294553274
    }
  ],
  "epoch_17": [
    "out/075_EfficientNet_strong_focal_5fold/fold2/checkpoints/train.18.pth",
    0.7605857733046777,
    {
      "epoch_lwlrap": 0.7605857733046777,
      "lwlrap": 0.7600057471260506,
      "loss": 0.36362282233312726
    }
  ],
  "epoch_18": [
    "out/075_EfficientNet_strong_focal_5fold/fold2/checkpoints/train.19.pth",
    0.786505685790037,
    {
      "epoch_lwlrap": 0.786505685790037,
      "lwlrap": 0.7881002537312084,
      "loss": 0.2808667402714491
    }
  ],
  "epoch_19": [
    "out/075_EfficientNet_strong_focal_5fold/fold2/checkpoints/train.20.pth",
    0.7895886556191899,
    {
      "epoch_lwlrap": 0.7895886556191899,
      "lwlrap": 0.7888636346128088,
      "loss": 0.37554210796952253
    }
  ],
  "epoch_20": [
    "out/075_EfficientNet_strong_focal_5fold/fold2/checkpoints/train.21.pth",
    0.8028747185218009,
    {
      "epoch_lwlrap": 0.8028747185218009,
      "lwlrap": 0.8033647045739643,
      "loss": 0.3050709352828562
    }
  ],
  "epoch_21": [
    "out/075_EfficientNet_strong_focal_5fold/fold2/checkpoints/train.22.pth",
    0.8226483757972308,
    {
      "epoch_lwlrap": 0.8226483757972308,
      "lwlrap": 0.822063433863167,
      "loss": 0.331606182269752
    }
  ],
  "epoch_22": [
    "out/075_EfficientNet_strong_focal_5fold/fold2/checkpoints/train.23.pth",
    0.825678371047702,
    {
      "epoch_lwlrap": 0.825678371047702,
      "lwlrap": 0.8252009961296972,
      "loss": 0.2997168311849237
    }
  ],
  "epoch_23": [
    "out/075_EfficientNet_strong_focal_5fold/fold2/checkpoints/train.24.pth",
    0.7844794973274991,
    {
      "epoch_lwlrap": 0.7844794973274991,
      "lwlrap": 0.7843669295234877,
      "loss": 0.33894910197705036
    }
  ],
  "epoch_24": [
    "out/075_EfficientNet_strong_focal_5fold/fold2/checkpoints/train.25.pth",
    0.8448803067909489,
    {
      "epoch_lwlrap": 0.8448803067909489,
      "lwlrap": 0.8439887794874568,
      "loss": 0.25477363308891654
    }
  ],
  "epoch_25": [
    "out/075_EfficientNet_strong_focal_5fold/fold2/checkpoints/train.26.pth",
    0.8395765599964073,
    {
      "epoch_lwlrap": 0.8395765599964073,
      "lwlrap": 0.8390462289376162,
      "loss": 0.258266850374639
    }
  ],
  "epoch_26": [
    "out/075_EfficientNet_strong_focal_5fold/fold2/checkpoints/train.27.pth",
    0.840026878337947,
    {
      "epoch_lwlrap": 0.840026878337947,
      "lwlrap": 0.8395737375503477,
      "loss": 0.24659437197260556
    }
  ],
  "epoch_27": [
    "out/075_EfficientNet_strong_focal_5fold/fold2/checkpoints/train.28.pth",
    0.8557966683443783,
    {
      "epoch_lwlrap": 0.8557966683443783,
      "lwlrap": 0.8549360030055057,
      "loss": 0.23284228821285072
    }
  ],
  "epoch_28": [
    "out/075_EfficientNet_strong_focal_5fold/fold2/checkpoints/train.29.pth",
    0.8487992128736404,
    {
      "epoch_lwlrap": 0.8487992128736404,
      "lwlrap": 0.8481252393492771,
      "loss": 0.23077879170887172
    }
  ],
  "epoch_29": [
    "out/075_EfficientNet_strong_focal_5fold/fold2/checkpoints/train.30.pth",
    0.8499549909378153,
    {
      "epoch_lwlrap": 0.8499549909378153,
      "lwlrap": 0.8490942678859504,
      "loss": 0.22948432969860733
    }
  ],
  "epoch_30": [
    "out/075_EfficientNet_strong_focal_5fold/fold2/checkpoints/train.31.pth",
    0.8490769885330953,
    {
      "epoch_lwlrap": 0.8490769885330953,
      "lwlrap": 0.8484071367300693,
      "loss": 0.23060498968698082
    }
  ],