{
  "best": {
    "epoch_lwlrap": 0.8540208923392492,
    "lwlrap": 0.8545985471222638,
    "loss": 0.13230458858572408
  },
  "last": {
    "epoch_lwlrap": 0.8517064236576433,
    "lwlrap": 0.8522496111243907,
    "loss": 0.13407178660049848
  },
  "train.8": {
    "epoch_lwlrap": 0.8540208923392492,
    "lwlrap": 0.8545985471222638,
    "loss": 0.13230458858572408
  },
  "epoch_0": [
    "out/066_Timm_EfficientNetB3_10_epoch/fold2/checkpoints/train.1.pth",
    0.3190307061857741,
    {
      "epoch_lwlrap": 0.3190307061857741,
      "lwlrap": 0.3187755015205281,
      "loss": 0.3459009031454722
    }
  ],
  "epoch_1": [
    "out/066_Timm_EfficientNetB3_10_epoch/fold2/checkpoints/train.2.pth",
    0.5318683687586127,
    {
      "epoch_lwlrap": 0.5318683687586127,
      "lwlrap": 0.5326934983635663,
      "loss": 0.26476743559778476
    }
  ],
  "epoch_2": [
    "out/066_Timm_EfficientNetB3_10_epoch/fold2/checkpoints/train.3.pth",
    0.6495341565861183,
    {
      "epoch_lwlrap": 0.6495341565861183,
      "lwlrap": 0.6503155456463047,
      "loss": 0.2363361902994874
    }
  ],
  "epoch_3": [
    "out/066_Timm_EfficientNetB3_10_epoch/fold2/checkpoints/train.4.pth",
    0.7288799573459392,
    {
      "epoch_lwlrap": 0.7288799573459392,
      "lwlrap": 0.729060035871151,
      "loss": 0.18554094323405512
    }
  ],
  "epoch_4": [
    "out/066_Timm_EfficientNetB3_10_epoch/fold2/checkpoints/train.5.pth",
    0.7796503970284459,
    {
      "epoch_lwlrap": 0.7796503970284459,
      "lwlrap": 0.7802401007724766,
      "loss": 0.16536105102227058
    }
  ],
  "epoch_5": [
    "out/066_Timm_EfficientNetB3_10_epoch/fold2/checkpoints/train.6.pth",
    0.8112630368727929,
    {
      "epoch_lwlrap": 0.8112630368727929,
      "lwlrap": 0.8122261740853326,
      "loss": 0.162853459701126
    }
  ],
  "epoch_6": [
    "out/066_Timm_EfficientNetB3_10_epoch/fold2/checkpoints/train.7.pth",
    0.8029704278000548,
    {
      "epoch_lwlrap": 0.8029704278000548,
      "lwlrap": 0.8035140449553252,
      "loss": 0.15216288283283327
    }
  ],
  "epoch_7": [
    "out/066_Timm_EfficientNetB3_10_epoch/fold2/checkpoints/train.8.pth",
    0.8540208923392492,
    {
      "epoch_lwlrap": 0.8540208923392492,
      "lwlrap": 0.8545985471222638,
      "loss": 0.13230458858572408
    }
  ],
  "epoch_8": [
    "out/066_Timm_EfficientNetB3_10_epoch/fold2/checkpoints/train.9.pth",
    0.8466140792360304,
    {
      "epoch_lwlrap": 0.8466140792360304,
      "lwlrap": 0.8473982531284119,
      "loss": 0.14077363981876845
    }
  ],
  "epoch_9": [
    "out/066_Timm_EfficientNetB3_10_epoch/fold2/checkpoints/train.10.pth",
    0.8517064236576433,
    {
      "epoch_lwlrap": 0.8517064236576433,
      "lwlrap": 0.8522496111243907,
      "loss": 0.13407178660049848
    }
  ]
}