{
    "best": {
        "lwlrap": 0.8254943035869569,
        "loss": 0.018081123739279604,
        "epoch": 37
    },
    "last": {
        "lwlrap": 0.7998439031164354,
        "loss": 0.014879368799361022,
        "epoch": 55
    },
    "epoch_1": {
        "lwlrap": 0.24196171906192288,
        "loss": 0.02052938117570168
    },
    "epoch_2": {
        "lwlrap": 0.33195722817940465,
        "loss": 0.019788400597266248
    },
    "epoch_3": {
        "lwlrap": 0.446076300142324,
        "loss": 0.018743658186616125
    },
    "epoch_4": {
        "lwlrap": 0.521326407824036,
        "loss": 0.01795634063514503
    },
    "epoch_5": {
        "lwlrap": 0.5458617161519804,
        "loss": 0.01676506579325006
    },
    "epoch_6": {
        "lwlrap": 0.5939401561719159,
        "loss": 0.01758908774905108
    },
    "epoch_7": {
        "lwlrap": 0.6738149428063591,
        "loss": 0.016163877085656732
    },
    "epoch_8": {
        "lwlrap": 0.6913511495996647,
        "loss": 0.015170690377016325
    },
    "epoch_9": {
        "lwlrap": 0.7103125155220253,
        "loss": 0.015167983248829842
    },
    "epoch_10": {
        "lwlrap": 0.712863848681824,
        "loss": 0.015703008610855888
    },
    "epoch_11": {
        "lwlrap": 0.7187839776706224,
        "loss": 0.015944522251752583
    },
    "epoch_12": {
        "lwlrap": 0.7178674407025833,
        "loss": 0.015474697877023671
    },
    "epoch_13": {
        "lwlrap": 0.7233432119508868,
        "loss": 0.015522957754296225
    },
    "epoch_14": {
        "lwlrap": 0.727291135748596,
        "loss": 0.015830773457482055
    },
    "epoch_15": {
        "lwlrap": 0.7489386701945997,
        "loss": 0.015032663966554243
    },
    "epoch_16": {
        "lwlrap": 0.7496146932116385,
        "loss": 0.01579961512942572
    },
    "epoch_17": {
        "lwlrap": 0.7563969411608896,
        "loss": 0.018461803301564744
    },
    "epoch_18": {
        "lwlrap": 0.7438435551096495,
        "loss": 0.018432108886741305
    },
    "epoch_19": {
        "lwlrap": 0.7643882286049668,
        "loss": 0.020227101782487857
    },
    "epoch_20": {
        "lwlrap": 0.773943807742091,
        "loss": 0.017898195851090794
    },
    "epoch_21": {
        "lwlrap": 0.7492217503749996,
        "loss": 0.01771383299618154
    },
    "epoch_22": {
        "lwlrap": 0.7953799955409397,
        "loss": 0.014999452852518172
    },
    "epoch_23": {
        "lwlrap": 0.8042766723024234,
        "loss": 0.015642636103203166
    },
    "epoch_24": {
        "lwlrap": 0.8181681158612489,
        "loss": 0.015711775150250743
    },
    "epoch_25": {
        "lwlrap": 0.8013377954901559,
        "loss": 0.017926782344442768
    },
    "epoch_26": {
        "lwlrap": 0.800205225151577,
        "loss": 0.016589190735406167
    },
    "epoch_27": {
        "lwlrap": 0.7861971957465519,
        "loss": 0.01548618423072873
    },
    "epoch_28": {
        "lwlrap": 0.8131711040509324,
        "loss": 0.01667585050234118
    },
    "epoch_29": {
        "lwlrap": 0.8135083204825695,
        "loss": 0.015381164420899507
    },
    "epoch_30": {
        "lwlrap": 0.8125494676996823,
        "loss": 0.015512218472321291
    },
    "epoch_31": {
        "lwlrap": 0.8168318686559031,
        "loss": 0.015475146547966712
    },
    "epoch_32": {
        "lwlrap": 0.8142431364534369,
        "loss": 0.015394816099590546
    },
    "epoch_33": {
        "lwlrap": 0.8180234204968788,
        "loss": 0.01545813848340028
    },
    "epoch_34": {
        "lwlrap": 0.8034130390353567,
        "loss": 0.015447908307652216
    },
    "epoch_35": {
        "lwlrap": 0.8118205688694586,
        "loss": 0.016985074868677435
    },
    "epoch_36": {
        "lwlrap": 0.7988725390012944,
        "loss": 0.015981468346876068
    },
    "epoch_37": {
        "lwlrap": 0.8254943035869569,
        "loss": 0.018081123739279604
    },
    "epoch_38": {
        "lwlrap": 0.8104794109085955,
        "loss": 0.015440518590244087
    },
    "epoch_39": {
        "lwlrap": 0.7938663029864746,
        "loss": 0.015554994369882185
    },
    "epoch_40": {
        "lwlrap": 0.7798043592918624,
        "loss": 0.01904720108251314
    },
    "epoch_41": {
        "lwlrap": 0.7975268174838991,
        "loss": 0.01881477757784966
    },
    "epoch_42": {
        "lwlrap": 0.7959674922121274,
        "loss": 0.017172840876957855
    },
    "epoch_43": {
        "lwlrap": 0.7909885655593809,
        "loss": 0.015902886720927985
    },
    "epoch_44": {
        "lwlrap": 0.8033645777208009,
        "loss": 0.016233203756446775
    },
    "epoch_45": {
        "lwlrap": 0.7842206553579945,
        "loss": 0.016826212758550774
    },
    "epoch_46": {
        "lwlrap": 0.8011629643603893,
        "loss": 0.01569160632789135
    },
    "epoch_47": {
        "lwlrap": 0.7939214814751295,
        "loss": 0.015249564161373151
    },
    "epoch_48": {
        "lwlrap": 0.8048519077489036,
        "loss": 0.015646552037749742
    },
    "epoch_49": {
        "lwlrap": 0.8112064854554125,
        "loss": 0.015678397883233185
    },
    "epoch_50": {
        "lwlrap": 0.8106998092513114,
        "loss": 0.015863482538308646
    },
    "epoch_51": {
        "lwlrap": 0.8052515498330949,
        "loss": 0.015869768072121048
    },
    "epoch_52": {
        "lwlrap": 0.8063033771188278,
        "loss": 0.015617293809112665
    },
    "epoch_53": {
        "lwlrap": 0.8011376796784523,
        "loss": 0.015507931468655934
    },
    "epoch_54": {
        "lwlrap": 0.8076095101846175,
        "loss": 0.015027560268503588
    },
    "epoch_55": {
        "lwlrap": 0.7998439031164354,
        "loss": 0.014879368799361022
    }
}