{
    "best": {
        "lwlrap": 0.9791666666666667,
        "loss": 0.030911125475540757,
        "epoch": 43
    },
    "last": {
        "lwlrap": 0.9778645833333334,
        "loss": 0.02974965237081051,
        "epoch": 50
    },
    "epoch_1": {
        "lwlrap": 0.45052083333333337,
        "loss": 0.09364707209169865
    },
    "epoch_2": {
        "lwlrap": 0.6817708333333333,
        "loss": 0.06341514270752668
    },
    "epoch_3": {
        "lwlrap": 0.6828124999999999,
        "loss": 0.053832931676879525
    },
    "epoch_4": {
        "lwlrap": 0.8044270833333333,
        "loss": 0.04706011014059186
    },
    "epoch_5": {
        "lwlrap": 0.8734375,
        "loss": 0.037518304539844394
    },
    "epoch_6": {
        "lwlrap": 0.88515625,
        "loss": 0.03757336048875004
    },
    "epoch_7": {
        "lwlrap": 0.9505208333333334,
        "loss": 0.03046814084518701
    },
    "epoch_8": {
        "lwlrap": 0.9765625,
        "loss": 0.029039482702501118
    },
    "epoch_9": {
        "lwlrap": 0.9765625,
        "loss": 0.028951556305401027
    },
    "epoch_10": {
        "lwlrap": 0.9765625,
        "loss": 0.028342184610664845
    },
    "epoch_11": {
        "lwlrap": 0.9765625,
        "loss": 0.02831965358927846
    },
    "epoch_12": {
        "lwlrap": 0.9765625,
        "loss": 0.02772198512684554
    },
    "epoch_13": {
        "lwlrap": 0.9635416666666667,
        "loss": 0.028792466735467315
    },
    "epoch_14": {
        "lwlrap": 0.9739583333333334,
        "loss": 0.027386257890611887
    },
    "epoch_15": {
        "lwlrap": 0.9583333333333333,
        "loss": 0.030867762863636017
    },
    "epoch_16": {
        "lwlrap": 0.8552083333333332,
        "loss": 0.043867267202585936
    },
    "epoch_17": {
        "lwlrap": 0.8395833333333333,
        "loss": 0.04412352223880589
    },
    "epoch_18": {
        "lwlrap": 0.8919270833333335,
        "loss": 0.03765806136652827
    },
    "epoch_19": {
        "lwlrap": 0.8838541666666666,
        "loss": 0.04287913499865681
    },
    "epoch_20": {
        "lwlrap": 0.8528645833333333,
        "loss": 0.039410474710166454
    },
    "epoch_21": {
        "lwlrap": 0.9322916666666666,
        "loss": 0.035908314399421215
    },
    "epoch_22": {
        "lwlrap": 0.9041666666666667,
        "loss": 0.034823578083887696
    },
    "epoch_23": {
        "lwlrap": 0.9518229166666667,
        "loss": 0.02975239313673228
    },
    "epoch_24": {
        "lwlrap": 0.9557291666666666,
        "loss": 0.03111767314840108
    },
    "epoch_25": {
        "lwlrap": 0.9765625000000001,
        "loss": 0.028423454496078193
    },
    "epoch_26": {
        "lwlrap": 0.9700520833333333,
        "loss": 0.02889129309915006
    },
    "epoch_27": {
        "lwlrap": 0.9765625000000001,
        "loss": 0.025885930168442428
    },
    "epoch_28": {
        "lwlrap": 0.9661458333333334,
        "loss": 0.030591354006901383
    },
    "epoch_29": {
        "lwlrap": 0.9661458333333334,
        "loss": 0.029526047874242067
    },
    "epoch_30": {
        "lwlrap": 0.9661458333333334,
        "loss": 0.029310943908058107
    },
    "epoch_31": {
        "lwlrap": 0.9739583333333334,
        "loss": 0.028250938397832215
    },
    "epoch_32": {
        "lwlrap": 0.9739583333333334,
        "loss": 0.028547429712489247
    },
    "epoch_33": {
        "lwlrap": 0.9739583333333334,
        "loss": 0.028031296096742153
    },
    "epoch_34": {
        "lwlrap": 0.9609375,
        "loss": 0.03085993172135204
    },
    "epoch_35": {
        "lwlrap": 0.9182291666666668,
        "loss": 0.045601086458191276
    },
    "epoch_36": {
        "lwlrap": 0.9596354166666667,
        "loss": 0.031278230831958354
    },
    "epoch_37": {
        "lwlrap": 0.8416666666666666,
        "loss": 0.0492145458701998
    },
    "epoch_38": {
        "lwlrap": 0.9635416666666667,
        "loss": 0.031200931989587843
    },
    "epoch_39": {
        "lwlrap": 0.96484375,
        "loss": 0.03505820082500577
    },
    "epoch_40": {
        "lwlrap": 0.921875,
        "loss": 0.034848593757487833
    },
    "epoch_41": {
        "lwlrap": 0.9437500000000001,
        "loss": 0.03226468013599515
    },
    "epoch_42": {
        "lwlrap": 0.9296875,
        "loss": 0.03187849139794707
    },
    "epoch_43": {
        "lwlrap": 0.9791666666666667,
        "loss": 0.030911125475540757
    },
    "epoch_44": {
        "lwlrap": 0.9348958333333334,
        "loss": 0.029322907328605652
    },
    "epoch_45": {
        "lwlrap": 0.9661458333333334,
        "loss": 0.032630692701786757
    },
    "epoch_46": {
        "lwlrap": 0.9791666666666667,
        "loss": 0.028185282833874226
    },
    "epoch_47": {
        "lwlrap": 0.9739583333333333,
        "loss": 0.029003824573010206
    },
    "epoch_48": {
        "lwlrap": 0.9700520833333334,
        "loss": 0.028262006235308945
    },
    "epoch_49": {
        "lwlrap": 0.9778645833333334,
        "loss": 0.029529762687161565
    },
    "epoch_50": {
        "lwlrap": 0.9778645833333334,
        "loss": 0.02974965237081051
    }
}