{
    "best": {
        "lwlrap": 0.8138038880528151,
        "loss": 1.2996197057806926,
        "epoch": 50
    },
    "last": {
        "lwlrap": 0.8138038880528151,
        "loss": 1.2996197057806926,
        "epoch": 50
    },
    "epoch_1": {
        "lwlrap": 0.22887833093249807,
        "loss": 0.6667636367289916
    },
    "epoch_2": {
        "lwlrap": 0.25878326725819617,
        "loss": 0.7259118245995563
    },
    "epoch_3": {
        "lwlrap": 0.3474995770056465,
        "loss": 0.8144104999044667
    },
    "epoch_4": {
        "lwlrap": 0.35706079358552384,
        "loss": 0.8413024311480315
    },
    "epoch_5": {
        "lwlrap": 0.4196160556405496,
        "loss": 0.8219022776769556
    },
    "epoch_6": {
        "lwlrap": 0.47822045415346404,
        "loss": 0.7695466163365737
    },
    "epoch_7": {
        "lwlrap": 0.5075013375278128,
        "loss": 0.7482358009918876
    },
    "epoch_8": {
        "lwlrap": 0.614483443917299,
        "loss": 0.7680777026259381
    },
    "epoch_9": {
        "lwlrap": 0.6215389480221594,
        "loss": 0.724963569122812
    },
    "epoch_10": {
        "lwlrap": 0.6464361474232387,
        "loss": 0.7310396964135377
    },
    "epoch_11": {
        "lwlrap": 0.6420374010124072,
        "loss": 0.7238593995571136
    },
    "epoch_12": {
        "lwlrap": 0.6437129548338839,
        "loss": 0.7206412916598113
    },
    "epoch_13": {
        "lwlrap": 0.6138175740756495,
        "loss": 0.7513081016747848
    },
    "epoch_14": {
        "lwlrap": 0.572462886982579,
        "loss": 0.9207676014174586
    },
    "epoch_15": {
        "lwlrap": 0.6484592720107742,
        "loss": 0.8286477599454962
    },
    "epoch_16": {
        "lwlrap": 0.6732958900397347,
        "loss": 0.7611516480860503
    },
    "epoch_17": {
        "lwlrap": 0.5710940216059854,
        "loss": 0.9869211769622305
    },
    "epoch_18": {
        "lwlrap": 0.6341298799800441,
        "loss": 0.7252026083676711
    },
    "epoch_19": {
        "lwlrap": 0.6704749448904632,
        "loss": 0.8800201882486758
    },
    "epoch_20": {
        "lwlrap": 0.707311496884837,
        "loss": 0.9146037762579711
    },
    "epoch_21": {
        "lwlrap": 0.6998794660275347,
        "loss": 0.900237579708514
    },
    "epoch_22": {
        "lwlrap": 0.7357333296174497,
        "loss": 0.7809117267961088
    },
    "epoch_23": {
        "lwlrap": 0.7415184593801105,
        "loss": 0.8882000012242276
    },
    "epoch_24": {
        "lwlrap": 0.758476132832356,
        "loss": 0.8574212957983431
    },
    "epoch_25": {
        "lwlrap": 0.7726190476190475,
        "loss": 1.052995756916378
    },
    "epoch_26": {
        "lwlrap": 0.7932045779685265,
        "loss": 1.0271263912968014
    },
    "epoch_27": {
        "lwlrap": 0.8089157980788881,
        "loss": 1.1420234804568083
    },
    "epoch_28": {
        "lwlrap": 0.8013871857755979,
        "loss": 1.119222613780395
    },
    "epoch_29": {
        "lwlrap": 0.7946247124358712,
        "loss": 1.151355117559433
    },
    "epoch_30": {
        "lwlrap": 0.7995979580743529,
        "loss": 1.1400325570417487
    },
    "epoch_31": {
        "lwlrap": 0.7993508518186629,
        "loss": 1.1555383373861727
    },
    "epoch_32": {
        "lwlrap": 0.8012381633626269,
        "loss": 1.1293151339758998
    },
    "epoch_33": {
        "lwlrap": 0.7889827149483801,
        "loss": 1.1294340724530427
    },
    "epoch_34": {
        "lwlrap": 0.770428843926698,
        "loss": 1.2492303291092748
    },
    "epoch_35": {
        "lwlrap": 0.7774777678211154,
        "loss": 1.1281508958857993
    },
    "epoch_36": {
        "lwlrap": 0.7781881208919835,
        "loss": 1.2316935749157616
    },
    "epoch_37": {
        "lwlrap": 0.7423986200620889,
        "loss": 1.3774039602797965
    },
    "epoch_38": {
        "lwlrap": 0.7166294780565167,
        "loss": 0.8955112630906312
    },
    "epoch_39": {
        "lwlrap": 0.7822978880918796,
        "loss": 0.9311722827994305
    },
    "epoch_40": {
        "lwlrap": 0.7019785926494759,
        "loss": 1.1821542641390925
    },
    "epoch_41": {
        "lwlrap": 0.7616926863764452,
        "loss": 0.9784839289343875
    },
    "epoch_42": {
        "lwlrap": 0.7337918715411773,
        "loss": 0.9011717671933381
    },
    "epoch_43": {
        "lwlrap": 0.7972366986851965,
        "loss": 1.087981928301894
    },
    "epoch_44": {
        "lwlrap": 0.7625496143792959,
        "loss": 1.3648254897283472
    },
    "epoch_45": {
        "lwlrap": 0.779147545349262,
        "loss": 1.1284535682719687
    },
    "epoch_46": {
        "lwlrap": 0.8088955155478761,
        "loss": 1.2533024147800778
    },
    "epoch_47": {
        "lwlrap": 0.7982321684038423,
        "loss": 1.2909762341043223
    },
    "epoch_48": {
        "lwlrap": 0.7928602870662956,
        "loss": 1.302639216184616
    },
    "epoch_49": {
        "lwlrap": 0.811356669081991,
        "loss": 1.3332868918128635
    },
    "epoch_50": {
        "lwlrap": 0.8138038880528151,
        "loss": 1.2996197057806926
    }
}